solid king_dragon
  facet normal 9.914449e-01 1.305262e-01 0.000000e+00
    outer loop
      vertex 8.000000e+00 0.000000e+00 0.000000e+00
      vertex 7.727407e+00 2.070552e+00 0.000000e+00
      vertex 7.727407e+00 2.070552e+00 4.000000e+00
    endloop
  endfacet
  facet normal 9.914449e-01 1.305262e-01 -0.000000e+00
    outer loop
      vertex 8.000000e+00 0.000000e+00 0.000000e+00
      vertex 7.727407e+00 2.070552e+00 4.000000e+00
      vertex 8.000000e+00 0.000000e+00 4.000000e+00
    endloop
  endfacet
  facet normal 9.238795e-01 3.826834e-01 0.000000e+00
    outer loop
      vertex 7.727407e+00 2.070552e+00 0.000000e+00
      vertex 6.928203e+00 4.000000e+00 0.000000e+00
      vertex 6.928203e+00 4.000000e+00 4.000000e+00
    endloop
  endfacet
  facet normal 9.238795e-01 3.826834e-01 -0.000000e+00
    outer loop
      vertex 7.727407e+00 2.070552e+00 0.000000e+00
      vertex 6.928203e+00 4.000000e+00 4.000000e+00
      vertex 7.727407e+00 2.070552e+00 4.000000e+00
    endloop
  endfacet
  facet normal 7.933533e-01 6.087614e-01 0.000000e+00
    outer loop
      vertex 6.928203e+00 4.000000e+00 0.000000e+00
      vertex 5.656854e+00 5.656854e+00 0.000000e+00
      vertex 5.656854e+00 5.656854e+00 4.000000e+00
    endloop
  endfacet
  facet normal 7.933533e-01 6.087614e-01 -0.000000e+00
    outer loop
      vertex 6.928203e+00 4.000000e+00 0.000000e+00
      vertex 5.656854e+00 5.656854e+00 4.000000e+00
      vertex 6.928203e+00 4.000000e+00 4.000000e+00
    endloop
  endfacet
  facet normal 6.087614e-01 7.933533e-01 0.000000e+00
    outer loop
      vertex 5.656854e+00 5.656854e+00 0.000000e+00
      vertex 4.000000e+00 6.928203e+00 0.000000e+00
      vertex 4.000000e+00 6.928203e+00 4.000000e+00
    endloop
  endfacet
  facet normal 6.087614e-01 7.933533e-01 -0.000000e+00
    outer loop
      vertex 5.656854e+00 5.656854e+00 0.000000e+00
      vertex 4.000000e+00 6.928203e+00 4.000000e+00
      vertex 5.656854e+00 5.656854e+00 4.000000e+00
    endloop
  endfacet
  facet normal 3.826834e-01 9.238795e-01 0.000000e+00
    outer loop
      vertex 4.000000e+00 6.928203e+00 0.000000e+00
      vertex 2.070552e+00 7.727407e+00 0.000000e+00
      vertex 2.070552e+00 7.727407e+00 4.000000e+00
    endloop
  endfacet
  facet normal 3.826834e-01 9.238795e-01 -0.000000e+00
    outer loop
      vertex 4.000000e+00 6.928203e+00 0.000000e+00
      vertex 2.070552e+00 7.727407e+00 4.000000e+00
      vertex 4.000000e+00 6.928203e+00 4.000000e+00
    endloop
  endfacet
  facet normal 1.305262e-01 9.914449e-01 0.000000e+00
    outer loop
      vertex 2.070552e+00 7.727407e+00 0.000000e+00
      vertex 4.898587e-16 8.000000e+00 0.000000e+00
      vertex 4.898587e-16 8.000000e+00 4.000000e+00
    endloop
  endfacet
  facet normal 1.305262e-01 9.914449e-01 -0.000000e+00
    outer loop
      vertex 2.070552e+00 7.727407e+00 0.000000e+00
      vertex 4.898587e-16 8.000000e+00 4.000000e+00
      vertex 2.070552e+00 7.727407e+00 4.000000e+00
    endloop
  endfacet
  facet normal -1.305262e-01 9.914449e-01 0.000000e+00
    outer loop
      vertex 4.898587e-16 8.000000e+00 0.000000e+00
      vertex -2.070552e+00 7.727407e+00 0.000000e+00
      vertex -2.070552e+00 7.727407e+00 4.000000e+00
    endloop
  endfacet
  facet normal -1.305262e-01 9.914449e-01 0.000000e+00
    outer loop
      vertex 4.898587e-16 8.000000e+00 0.000000e+00
      vertex -2.070552e+00 7.727407e+00 4.000000e+00
      vertex 4.898587e-16 8.000000e+00 4.000000e+00
    endloop
  endfacet
  facet normal -3.826834e-01 9.238795e-01 0.000000e+00
    outer loop
      vertex -2.070552e+00 7.727407e+00 0.000000e+00
      vertex -4.000000e+00 6.928203e+00 0.000000e+00
      vertex -4.000000e+00 6.928203e+00 4.000000e+00
    endloop
  endfacet
  facet normal -3.826834e-01 9.238795e-01 0.000000e+00
    outer loop
      vertex -2.070552e+00 7.727407e+00 0.000000e+00
      vertex -4.000000e+00 6.928203e+00 4.000000e+00
      vertex -2.070552e+00 7.727407e+00 4.000000e+00
    endloop
  endfacet
  facet normal -6.087614e-01 7.933533e-01 0.000000e+00
    outer loop
      vertex -4.000000e+00 6.928203e+00 0.000000e+00
      vertex -5.656854e+00 5.656854e+00 0.000000e+00
      vertex -5.656854e+00 5.656854e+00 4.000000e+00
    endloop
  endfacet
  facet normal -6.087614e-01 7.933533e-01 0.000000e+00
    outer loop
      vertex -4.000000e+00 6.928203e+00 0.000000e+00
      vertex -5.656854e+00 5.656854e+00 4.000000e+00
      vertex -4.000000e+00 6.928203e+00 4.000000e+00
    endloop
  endfacet
  facet normal -7.933533e-01 6.087614e-01 0.000000e+00
    outer loop
      vertex -5.656854e+00 5.656854e+00 0.000000e+00
      vertex -6.928203e+00 4.000000e+00 0.000000e+00
      vertex -6.928203e+00 4.000000e+00 4.000000e+00
    endloop
  endfacet
  facet normal -7.933533e-01 6.087614e-01 0.000000e+00
    outer loop
      vertex -5.656854e+00 5.656854e+00 0.000000e+00
      vertex -6.928203e+00 4.000000e+00 4.000000e+00
      vertex -5.656854e+00 5.656854e+00 4.000000e+00
    endloop
  endfacet
  facet normal -9.238795e-01 3.826834e-01 0.000000e+00
    outer loop
      vertex -6.928203e+00 4.000000e+00 0.000000e+00
      vertex -7.727407e+00 2.070552e+00 0.000000e+00
      vertex -7.727407e+00 2.070552e+00 4.000000e+00
    endloop
  endfacet
  facet normal -9.238795e-01 3.826834e-01 0.000000e+00
    outer loop
      vertex -6.928203e+00 4.000000e+00 0.000000e+00
      vertex -7.727407e+00 2.070552e+00 4.000000e+00
      vertex -6.928203e+00 4.000000e+00 4.000000e+00
    endloop
  endfacet
  facet normal -9.914449e-01 1.305262e-01 0.000000e+00
    outer loop
      vertex -7.727407e+00 2.070552e+00 0.000000e+00
      vertex -8.000000e+00 9.797174e-16 0.000000e+00
      vertex -8.000000e+00 9.797174e-16 4.000000e+00
    endloop
  endfacet
  facet normal -9.914449e-01 1.305262e-01 0.000000e+00
    outer loop
      vertex -7.727407e+00 2.070552e+00 0.000000e+00
      vertex -8.000000e+00 9.797174e-16 4.000000e+00
      vertex -7.727407e+00 2.070552e+00 4.000000e+00
    endloop
  endfacet
  facet normal -9.914449e-01 -1.305262e-01 0.000000e+00
    outer loop
      vertex -8.000000e+00 9.797174e-16 0.000000e+00
      vertex -7.727407e+00 -2.070552e+00 0.000000e+00
      vertex -7.727407e+00 -2.070552e+00 4.000000e+00
    endloop
  endfacet
  facet normal -9.914449e-01 -1.305262e-01 0.000000e+00
    outer loop
      vertex -8.000000e+00 9.797174e-16 0.000000e+00
      vertex -7.727407e+00 -2.070552e+00 4.000000e+00
      vertex -8.000000e+00 9.797174e-16 4.000000e+00
    endloop
  endfacet
  facet normal -9.238795e-01 -3.826834e-01 0.000000e+00
    outer loop
      vertex -7.727407e+00 -2.070552e+00 0.000000e+00
      vertex -6.928203e+00 -4.000000e+00 0.000000e+00
      vertex -6.928203e+00 -4.000000e+00 4.000000e+00
    endloop
  endfacet
  facet normal -9.238795e-01 -3.826834e-01 0.000000e+00
    outer loop
      vertex -7.727407e+00 -2.070552e+00 0.000000e+00
      vertex -6.928203e+00 -4.000000e+00 4.000000e+00
      vertex -7.727407e+00 -2.070552e+00 4.000000e+00
    endloop
  endfacet
  facet normal -7.933533e-01 -6.087614e-01 0.000000e+00
    outer loop
      vertex -6.928203e+00 -4.000000e+00 0.000000e+00
      vertex -5.656854e+00 -5.656854e+00 0.000000e+00
      vertex -5.656854e+00 -5.656854e+00 4.000000e+00
    endloop
  endfacet
  facet normal -7.933533e-01 -6.087614e-01 0.000000e+00
    outer loop
      vertex -6.928203e+00 -4.000000e+00 0.000000e+00
      vertex -5.656854e+00 -5.656854e+00 4.000000e+00
      vertex -6.928203e+00 -4.000000e+00 4.000000e+00
    endloop
  endfacet
  facet normal -6.087614e-01 -7.933533e-01 0.000000e+00
    outer loop
      vertex -5.656854e+00 -5.656854e+00 0.000000e+00
      vertex -4.000000e+00 -6.928203e+00 0.000000e+00
      vertex -4.000000e+00 -6.928203e+00 4.000000e+00
    endloop
  endfacet
  facet normal -6.087614e-01 -7.933533e-01 0.000000e+00
    outer loop
      vertex -5.656854e+00 -5.656854e+00 0.000000e+00
      vertex -4.000000e+00 -6.928203e+00 4.000000e+00
      vertex -5.656854e+00 -5.656854e+00 4.000000e+00
    endloop
  endfacet
  facet normal -3.826834e-01 -9.238795e-01 0.000000e+00
    outer loop
      vertex -4.000000e+00 -6.928203e+00 0.000000e+00
      vertex -2.070552e+00 -7.727407e+00 0.000000e+00
      vertex -2.070552e+00 -7.727407e+00 4.000000e+00
    endloop
  endfacet
  facet normal -3.826834e-01 -9.238795e-01 0.000000e+00
    outer loop
      vertex -4.000000e+00 -6.928203e+00 0.000000e+00
      vertex -2.070552e+00 -7.727407e+00 4.000000e+00
      vertex -4.000000e+00 -6.928203e+00 4.000000e+00
    endloop
  endfacet
  facet normal -1.305262e-01 -9.914449e-01 0.000000e+00
    outer loop
      vertex -2.070552e+00 -7.727407e+00 0.000000e+00
      vertex -1.469576e-15 -8.000000e+00 0.000000e+00
      vertex -1.469576e-15 -8.000000e+00 4.000000e+00
    endloop
  endfacet
  facet normal -1.305262e-01 -9.914449e-01 0.000000e+00
    outer loop
      vertex -2.070552e+00 -7.727407e+00 0.000000e+00
      vertex -1.469576e-15 -8.000000e+00 4.000000e+00
      vertex -2.070552e+00 -7.727407e+00 4.000000e+00
    endloop
  endfacet
  facet normal 1.305262e-01 -9.914449e-01 0.000000e+00
    outer loop
      vertex -1.469576e-15 -8.000000e+00 0.000000e+00
      vertex 2.070552e+00 -7.727407e+00 0.000000e+00
      vertex 2.070552e+00 -7.727407e+00 4.000000e+00
    endloop
  endfacet
  facet normal 1.305262e-01 -9.914449e-01 0.000000e+00
    outer loop
      vertex -1.469576e-15 -8.000000e+00 0.000000e+00
      vertex 2.070552e+00 -7.727407e+00 4.000000e+00
      vertex -1.469576e-15 -8.000000e+00 4.000000e+00
    endloop
  endfacet
  facet normal 3.826834e-01 -9.238795e-01 0.000000e+00
    outer loop
      vertex 2.070552e+00 -7.727407e+00 0.000000e+00
      vertex 4.000000e+00 -6.928203e+00 0.000000e+00
      vertex 4.000000e+00 -6.928203e+00 4.000000e+00
    endloop
  endfacet
  facet normal 3.826834e-01 -9.238795e-01 0.000000e+00
    outer loop
      vertex 2.070552e+00 -7.727407e+00 0.000000e+00
      vertex 4.000000e+00 -6.928203e+00 4.000000e+00
      vertex 2.070552e+00 -7.727407e+00 4.000000e+00
    endloop
  endfacet
  facet normal 6.087614e-01 -7.933533e-01 0.000000e+00
    outer loop
      vertex 4.000000e+00 -6.928203e+00 0.000000e+00
      vertex 5.656854e+00 -5.656854e+00 0.000000e+00
      vertex 5.656854e+00 -5.656854e+00 4.000000e+00
    endloop
  endfacet
  facet normal 6.087614e-01 -7.933533e-01 0.000000e+00
    outer loop
      vertex 4.000000e+00 -6.928203e+00 0.000000e+00
      vertex 5.656854e+00 -5.656854e+00 4.000000e+00
      vertex 4.000000e+00 -6.928203e+00 4.000000e+00
    endloop
  endfacet
  facet normal 7.933533e-01 -6.087614e-01 0.000000e+00
    outer loop
      vertex 5.656854e+00 -5.656854e+00 0.000000e+00
      vertex 6.928203e+00 -4.000000e+00 0.000000e+00
      vertex 6.928203e+00 -4.000000e+00 4.000000e+00
    endloop
  endfacet
  facet normal 7.933533e-01 -6.087614e-01 0.000000e+00
    outer loop
      vertex 5.656854e+00 -5.656854e+00 0.000000e+00
      vertex 6.928203e+00 -4.000000e+00 4.000000e+00
      vertex 5.656854e+00 -5.656854e+00 4.000000e+00
    endloop
  endfacet
  facet normal 9.238795e-01 -3.826834e-01 0.000000e+00
    outer loop
      vertex 6.928203e+00 -4.000000e+00 0.000000e+00
      vertex 7.727407e+00 -2.070552e+00 0.000000e+00
      vertex 7.727407e+00 -2.070552e+00 4.000000e+00
    endloop
  endfacet
  facet normal 9.238795e-01 -3.826834e-01 0.000000e+00
    outer loop
      vertex 6.928203e+00 -4.000000e+00 0.000000e+00
      vertex 7.727407e+00 -2.070552e+00 4.000000e+00
      vertex 6.928203e+00 -4.000000e+00 4.000000e+00
    endloop
  endfacet
  facet normal 9.914449e-01 -1.305262e-01 0.000000e+00
    outer loop
      vertex 7.727407e+00 -2.070552e+00 0.000000e+00
      vertex 8.000000e+00 0.000000e+00 0.000000e+00
      vertex 8.000000e+00 0.000000e+00 4.000000e+00
    endloop
  endfacet
  facet normal 9.914449e-01 -1.305262e-01 0.000000e+00
    outer loop
      vertex 7.727407e+00 -2.070552e+00 0.000000e+00
      vertex 8.000000e+00 0.000000e+00 4.000000e+00
      vertex 7.727407e+00 -2.070552e+00 4.000000e+00
    endloop
  endfacet
  facet normal 7.955995e-01 1.047427e-01 5.966996e-01
    outer loop
      vertex 8.000000e+00 0.000000e+00 4.000000e+00
      vertex 7.727407e+00 2.070552e+00 4.000000e+00
      vertex 7.147851e+00 1.915261e+00 4.800000e+00
    endloop
  endfacet
  facet normal 7.955995e-01 1.047427e-01 5.966996e-01
    outer loop
      vertex 8.000000e+00 0.000000e+00 4.000000e+00
      vertex 7.147851e+00 1.915261e+00 4.800000e+00
      vertex 7.400000e+00 0.000000e+00 4.800000e+00
    endloop
  endfacet
  facet normal 7.413807e-01 3.070899e-01 5.966996e-01
    outer loop
      vertex 7.727407e+00 2.070552e+00 4.000000e+00
      vertex 6.928203e+00 4.000000e+00 4.000000e+00
      vertex 6.408588e+00 3.700000e+00 4.800000e+00
    endloop
  endfacet
  facet normal 7.413807e-01 3.070899e-01 5.966996e-01
    outer loop
      vertex 7.727407e+00 2.070552e+00 4.000000e+00
      vertex 6.408588e+00 3.700000e+00 4.800000e+00
      vertex 7.147851e+00 1.915261e+00 4.800000e+00
    endloop
  endfacet
  facet normal 6.366380e-01 4.885095e-01 5.966996e-01
    outer loop
      vertex 6.928203e+00 4.000000e+00 4.000000e+00
      vertex 5.656854e+00 5.656854e+00 4.000000e+00
      vertex 5.232590e+00 5.232590e+00 4.800000e+00
    endloop
  endfacet
  facet normal 6.366380e-01 4.885095e-01 5.966996e-01
    outer loop
      vertex 6.928203e+00 4.000000e+00 4.000000e+00
      vertex 5.232590e+00 5.232590e+00 4.800000e+00
      vertex 6.408588e+00 3.700000e+00 4.800000e+00
    endloop
  endfacet
  facet normal 4.885095e-01 6.366380e-01 5.966996e-01
    outer loop
      vertex 5.656854e+00 5.656854e+00 4.000000e+00
      vertex 4.000000e+00 6.928203e+00 4.000000e+00
      vertex 3.700000e+00 6.408588e+00 4.800000e+00
    endloop
  endfacet
  facet normal 4.885095e-01 6.366380e-01 5.966996e-01
    outer loop
      vertex 5.656854e+00 5.656854e+00 4.000000e+00
      vertex 3.700000e+00 6.408588e+00 4.800000e+00
      vertex 5.232590e+00 5.232590e+00 4.800000e+00
    endloop
  endfacet
  facet normal 3.070899e-01 7.413807e-01 5.966996e-01
    outer loop
      vertex 4.000000e+00 6.928203e+00 4.000000e+00
      vertex 2.070552e+00 7.727407e+00 4.000000e+00
      vertex 1.915261e+00 7.147851e+00 4.800000e+00
    endloop
  endfacet
  facet normal 3.070899e-01 7.413807e-01 5.966996e-01
    outer loop
      vertex 4.000000e+00 6.928203e+00 4.000000e+00
      vertex 1.915261e+00 7.147851e+00 4.800000e+00
      vertex 3.700000e+00 6.408588e+00 4.800000e+00
    endloop
  endfacet
  facet normal 1.047427e-01 7.955995e-01 5.966996e-01
    outer loop
      vertex 2.070552e+00 7.727407e+00 4.000000e+00
      vertex 4.898587e-16 8.000000e+00 4.000000e+00
      vertex 4.531193e-16 7.400000e+00 4.800000e+00
    endloop
  endfacet
  facet normal 1.047427e-01 7.955995e-01 5.966996e-01
    outer loop
      vertex 2.070552e+00 7.727407e+00 4.000000e+00
      vertex 4.531193e-16 7.400000e+00 4.800000e+00
      vertex 1.915261e+00 7.147851e+00 4.800000e+00
    endloop
  endfacet
  facet normal -1.047427e-01 7.955995e-01 5.966996e-01
    outer loop
      vertex 4.898587e-16 8.000000e+00 4.000000e+00
      vertex -2.070552e+00 7.727407e+00 4.000000e+00
      vertex -1.915261e+00 7.147851e+00 4.800000e+00
    endloop
  endfacet
  facet normal -1.047427e-01 7.955995e-01 5.966996e-01
    outer loop
      vertex 4.898587e-16 8.000000e+00 4.000000e+00
      vertex -1.915261e+00 7.147851e+00 4.800000e+00
      vertex 4.531193e-16 7.400000e+00 4.800000e+00
    endloop
  endfacet
  facet normal -3.070899e-01 7.413807e-01 5.966996e-01
    outer loop
      vertex -2.070552e+00 7.727407e+00 4.000000e+00
      vertex -4.000000e+00 6.928203e+00 4.000000e+00
      vertex -3.700000e+00 6.408588e+00 4.800000e+00
    endloop
  endfacet
  facet normal -3.070899e-01 7.413807e-01 5.966996e-01
    outer loop
      vertex -2.070552e+00 7.727407e+00 4.000000e+00
      vertex -3.700000e+00 6.408588e+00 4.800000e+00
      vertex -1.915261e+00 7.147851e+00 4.800000e+00
    endloop
  endfacet
  facet normal -4.885095e-01 6.366380e-01 5.966996e-01
    outer loop
      vertex -4.000000e+00 6.928203e+00 4.000000e+00
      vertex -5.656854e+00 5.656854e+00 4.000000e+00
      vertex -5.232590e+00 5.232590e+00 4.800000e+00
    endloop
  endfacet
  facet normal -4.885095e-01 6.366380e-01 5.966996e-01
    outer loop
      vertex -4.000000e+00 6.928203e+00 4.000000e+00
      vertex -5.232590e+00 5.232590e+00 4.800000e+00
      vertex -3.700000e+00 6.408588e+00 4.800000e+00
    endloop
  endfacet
  facet normal -6.366380e-01 4.885095e-01 5.966996e-01
    outer loop
      vertex -5.656854e+00 5.656854e+00 4.000000e+00
      vertex -6.928203e+00 4.000000e+00 4.000000e+00
      vertex -6.408588e+00 3.700000e+00 4.800000e+00
    endloop
  endfacet
  facet normal -6.366380e-01 4.885095e-01 5.966996e-01
    outer loop
      vertex -5.656854e+00 5.656854e+00 4.000000e+00
      vertex -6.408588e+00 3.700000e+00 4.800000e+00
      vertex -5.232590e+00 5.232590e+00 4.800000e+00
    endloop
  endfacet
  facet normal -7.413807e-01 3.070899e-01 5.966996e-01
    outer loop
      vertex -6.928203e+00 4.000000e+00 4.000000e+00
      vertex -7.727407e+00 2.070552e+00 4.000000e+00
      vertex -7.147851e+00 1.915261e+00 4.800000e+00
    endloop
  endfacet
  facet normal -7.413807e-01 3.070899e-01 5.966996e-01
    outer loop
      vertex -6.928203e+00 4.000000e+00 4.000000e+00
      vertex -7.147851e+00 1.915261e+00 4.800000e+00
      vertex -6.408588e+00 3.700000e+00 4.800000e+00
    endloop
  endfacet
  facet normal -7.955995e-01 1.047427e-01 5.966996e-01
    outer loop
      vertex -7.727407e+00 2.070552e+00 4.000000e+00
      vertex -8.000000e+00 9.797174e-16 4.000000e+00
      vertex -7.400000e+00 9.062386e-16 4.800000e+00
    endloop
  endfacet
  facet normal -7.955995e-01 1.047427e-01 5.966996e-01
    outer loop
      vertex -7.727407e+00 2.070552e+00 4.000000e+00
      vertex -7.400000e+00 9.062386e-16 4.800000e+00
      vertex -7.147851e+00 1.915261e+00 4.800000e+00
    endloop
  endfacet
  facet normal -7.955995e-01 -1.047427e-01 5.966996e-01
    outer loop
      vertex -8.000000e+00 9.797174e-16 4.000000e+00
      vertex -7.727407e+00 -2.070552e+00 4.000000e+00
      vertex -7.147851e+00 -1.915261e+00 4.800000e+00
    endloop
  endfacet
  facet normal -7.955995e-01 -1.047427e-01 5.966996e-01
    outer loop
      vertex -8.000000e+00 9.797174e-16 4.000000e+00
      vertex -7.147851e+00 -1.915261e+00 4.800000e+00
      vertex -7.400000e+00 9.062386e-16 4.800000e+00
    endloop
  endfacet
  facet normal -7.413807e-01 -3.070899e-01 5.966996e-01
    outer loop
      vertex -7.727407e+00 -2.070552e+00 4.000000e+00
      vertex -6.928203e+00 -4.000000e+00 4.000000e+00
      vertex -6.408588e+00 -3.700000e+00 4.800000e+00
    endloop
  endfacet
  facet normal -7.413807e-01 -3.070899e-01 5.966996e-01
    outer loop
      vertex -7.727407e+00 -2.070552e+00 4.000000e+00
      vertex -6.408588e+00 -3.700000e+00 4.800000e+00
      vertex -7.147851e+00 -1.915261e+00 4.800000e+00
    endloop
  endfacet
  facet normal -6.366380e-01 -4.885095e-01 5.966996e-01
    outer loop
      vertex -6.928203e+00 -4.000000e+00 4.000000e+00
      vertex -5.656854e+00 -5.656854e+00 4.000000e+00
      vertex -5.232590e+00 -5.232590e+00 4.800000e+00
    endloop
  endfacet
  facet normal -6.366380e-01 -4.885095e-01 5.966996e-01
    outer loop
      vertex -6.928203e+00 -4.000000e+00 4.000000e+00
      vertex -5.232590e+00 -5.232590e+00 4.800000e+00
      vertex -6.408588e+00 -3.700000e+00 4.800000e+00
    endloop
  endfacet
  facet normal -4.885095e-01 -6.366380e-01 5.966996e-01
    outer loop
      vertex -5.656854e+00 -5.656854e+00 4.000000e+00
      vertex -4.000000e+00 -6.928203e+00 4.000000e+00
      vertex -3.700000e+00 -6.408588e+00 4.800000e+00
    endloop
  endfacet
  facet normal -4.885095e-01 -6.366380e-01 5.966996e-01
    outer loop
      vertex -5.656854e+00 -5.656854e+00 4.000000e+00
      vertex -3.700000e+00 -6.408588e+00 4.800000e+00
      vertex -5.232590e+00 -5.232590e+00 4.800000e+00
    endloop
  endfacet
  facet normal -3.070899e-01 -7.413807e-01 5.966996e-01
    outer loop
      vertex -4.000000e+00 -6.928203e+00 4.000000e+00
      vertex -2.070552e+00 -7.727407e+00 4.000000e+00
      vertex -1.915261e+00 -7.147851e+00 4.800000e+00
    endloop
  endfacet
  facet normal -3.070899e-01 -7.413807e-01 5.966996e-01
    outer loop
      vertex -4.000000e+00 -6.928203e+00 4.000000e+00
      vertex -1.915261e+00 -7.147851e+00 4.800000e+00
      vertex -3.700000e+00 -6.408588e+00 4.800000e+00
    endloop
  endfacet
  facet normal -1.047427e-01 -7.955995e-01 5.966996e-01
    outer loop
      vertex -2.070552e+00 -7.727407e+00 4.000000e+00
      vertex -1.469576e-15 -8.000000e+00 4.000000e+00
      vertex -1.359358e-15 -7.400000e+00 4.800000e+00
    endloop
  endfacet
  facet normal -1.047427e-01 -7.955995e-01 5.966996e-01
    outer loop
      vertex -2.070552e+00 -7.727407e+00 4.000000e+00
      vertex -1.359358e-15 -7.400000e+00 4.800000e+00
      vertex -1.915261e+00 -7.147851e+00 4.800000e+00
    endloop
  endfacet
  facet normal 1.047427e-01 -7.955995e-01 5.966996e-01
    outer loop
      vertex -1.469576e-15 -8.000000e+00 4.000000e+00
      vertex 2.070552e+00 -7.727407e+00 4.000000e+00
      vertex 1.915261e+00 -7.147851e+00 4.800000e+00
    endloop
  endfacet
  facet normal 1.047427e-01 -7.955995e-01 5.966996e-01
    outer loop
      vertex -1.469576e-15 -8.000000e+00 4.000000e+00
      vertex 1.915261e+00 -7.147851e+00 4.800000e+00
      vertex -1.359358e-15 -7.400000e+00 4.800000e+00
    endloop
  endfacet
  facet normal 3.070899e-01 -7.413807e-01 5.966996e-01
    outer loop
      vertex 2.070552e+00 -7.727407e+00 4.000000e+00
      vertex 4.000000e+00 -6.928203e+00 4.000000e+00
      vertex 3.700000e+00 -6.408588e+00 4.800000e+00
    endloop
  endfacet
  facet normal 3.070899e-01 -7.413807e-01 5.966996e-01
    outer loop
      vertex 2.070552e+00 -7.727407e+00 4.000000e+00
      vertex 3.700000e+00 -6.408588e+00 4.800000e+00
      vertex 1.915261e+00 -7.147851e+00 4.800000e+00
    endloop
  endfacet
  facet normal 4.885095e-01 -6.366380e-01 5.966996e-01
    outer loop
      vertex 4.000000e+00 -6.928203e+00 4.000000e+00
      vertex 5.656854e+00 -5.656854e+00 4.000000e+00
      vertex 5.232590e+00 -5.232590e+00 4.800000e+00
    endloop
  endfacet
  facet normal 4.885095e-01 -6.366380e-01 5.966996e-01
    outer loop
      vertex 4.000000e+00 -6.928203e+00 4.000000e+00
      vertex 5.232590e+00 -5.232590e+00 4.800000e+00
      vertex 3.700000e+00 -6.408588e+00 4.800000e+00
    endloop
  endfacet
  facet normal 6.366380e-01 -4.885095e-01 5.966996e-01
    outer loop
      vertex 5.656854e+00 -5.656854e+00 4.000000e+00
      vertex 6.928203e+00 -4.000000e+00 4.000000e+00
      vertex 6.408588e+00 -3.700000e+00 4.800000e+00
    endloop
  endfacet
  facet normal 6.366380e-01 -4.885095e-01 5.966996e-01
    outer loop
      vertex 5.656854e+00 -5.656854e+00 4.000000e+00
      vertex 6.408588e+00 -3.700000e+00 4.800000e+00
      vertex 5.232590e+00 -5.232590e+00 4.800000e+00
    endloop
  endfacet
  facet normal 7.413807e-01 -3.070899e-01 5.966996e-01
    outer loop
      vertex 6.928203e+00 -4.000000e+00 4.000000e+00
      vertex 7.727407e+00 -2.070552e+00 4.000000e+00
      vertex 7.147851e+00 -1.915261e+00 4.800000e+00
    endloop
  endfacet
  facet normal 7.413807e-01 -3.070899e-01 5.966996e-01
    outer loop
      vertex 6.928203e+00 -4.000000e+00 4.000000e+00
      vertex 7.147851e+00 -1.915261e+00 4.800000e+00
      vertex 6.408588e+00 -3.700000e+00 4.800000e+00
    endloop
  endfacet
  facet normal 7.955995e-01 -1.047427e-01 5.966996e-01
    outer loop
      vertex 7.727407e+00 -2.070552e+00 4.000000e+00
      vertex 8.000000e+00 0.000000e+00 4.000000e+00
      vertex 7.400000e+00 0.000000e+00 4.800000e+00
    endloop
  endfacet
  facet normal 7.955995e-01 -1.047427e-01 5.966996e-01
    outer loop
      vertex 7.727407e+00 -2.070552e+00 4.000000e+00
      vertex 7.400000e+00 0.000000e+00 4.800000e+00
      vertex 7.147851e+00 -1.915261e+00 4.800000e+00
    endloop
  endfacet
  facet normal 5.913983e-01 7.785906e-02 8.026120e-01
    outer loop
      vertex 7.400000e+00 0.000000e+00 4.800000e+00
      vertex 7.147851e+00 1.915261e+00 4.800000e+00
      vertex 5.312592e+00 1.423505e+00 6.200000e+00
    endloop
  endfacet
  facet normal 5.913983e-01 7.785906e-02 8.026120e-01
    outer loop
      vertex 7.400000e+00 0.000000e+00 4.800000e+00
      vertex 5.312592e+00 1.423505e+00 6.200000e+00
      vertex 5.500000e+00 0.000000e+00 6.200000e+00
    endloop
  endfacet
  facet normal 5.510955e-01 2.282712e-01 8.026120e-01
    outer loop
      vertex 7.147851e+00 1.915261e+00 4.800000e+00
      vertex 6.408588e+00 3.700000e+00 4.800000e+00
      vertex 4.763140e+00 2.750000e+00 6.200000e+00
    endloop
  endfacet
  facet normal 5.510955e-01 2.282712e-01 8.026120e-01
    outer loop
      vertex 7.147851e+00 1.915261e+00 4.800000e+00
      vertex 4.763140e+00 2.750000e+00 6.200000e+00
      vertex 5.312592e+00 1.423505e+00 6.200000e+00
    endloop
  endfacet
  facet normal 4.732364e-01 3.631271e-01 8.026120e-01
    outer loop
      vertex 6.408588e+00 3.700000e+00 4.800000e+00
      vertex 5.232590e+00 5.232590e+00 4.800000e+00
      vertex 3.889087e+00 3.889087e+00 6.200000e+00
    endloop
  endfacet
  facet normal 4.732364e-01 3.631271e-01 8.026120e-01
    outer loop
      vertex 6.408588e+00 3.700000e+00 4.800000e+00
      vertex 3.889087e+00 3.889087e+00 6.200000e+00
      vertex 4.763140e+00 2.750000e+00 6.200000e+00
    endloop
  endfacet
  facet normal 3.631271e-01 4.732364e-01 8.026120e-01
    outer loop
      vertex 5.232590e+00 5.232590e+00 4.800000e+00
      vertex 3.700000e+00 6.408588e+00 4.800000e+00
      vertex 2.750000e+00 4.763140e+00 6.200000e+00
    endloop
  endfacet
  facet normal 3.631271e-01 4.732364e-01 8.026120e-01
    outer loop
      vertex 5.232590e+00 5.232590e+00 4.800000e+00
      vertex 2.750000e+00 4.763140e+00 6.200000e+00
      vertex 3.889087e+00 3.889087e+00 6.200000e+00
    endloop
  endfacet
  facet normal 2.282712e-01 5.510955e-01 8.026120e-01
    outer loop
      vertex 3.700000e+00 6.408588e+00 4.800000e+00
      vertex 1.915261e+00 7.147851e+00 4.800000e+00
      vertex 1.423505e+00 5.312592e+00 6.200000e+00
    endloop
  endfacet
  facet normal 2.282712e-01 5.510955e-01 8.026120e-01
    outer loop
      vertex 3.700000e+00 6.408588e+00 4.800000e+00
      vertex 1.423505e+00 5.312592e+00 6.200000e+00
      vertex 2.750000e+00 4.763140e+00 6.200000e+00
    endloop
  endfacet
  facet normal 7.785906e-02 5.913983e-01 8.026120e-01
    outer loop
      vertex 1.915261e+00 7.147851e+00 4.800000e+00
      vertex 4.531193e-16 7.400000e+00 4.800000e+00
      vertex 3.367779e-16 5.500000e+00 6.200000e+00
    endloop
  endfacet
  facet normal 7.785906e-02 5.913983e-01 8.026120e-01
    outer loop
      vertex 1.915261e+00 7.147851e+00 4.800000e+00
      vertex 3.367779e-16 5.500000e+00 6.200000e+00
      vertex 1.423505e+00 5.312592e+00 6.200000e+00
    endloop
  endfacet
  facet normal -7.785906e-02 5.913983e-01 8.026120e-01
    outer loop
      vertex 4.531193e-16 7.400000e+00 4.800000e+00
      vertex -1.915261e+00 7.147851e+00 4.800000e+00
      vertex -1.423505e+00 5.312592e+00 6.200000e+00
    endloop
  endfacet
  facet normal -7.785906e-02 5.913983e-01 8.026120e-01
    outer loop
      vertex 4.531193e-16 7.400000e+00 4.800000e+00
      vertex -1.423505e+00 5.312592e+00 6.200000e+00
      vertex 3.367779e-16 5.500000e+00 6.200000e+00
    endloop
  endfacet
  facet normal -2.282712e-01 5.510955e-01 8.026120e-01
    outer loop
      vertex -1.915261e+00 7.147851e+00 4.800000e+00
      vertex -3.700000e+00 6.408588e+00 4.800000e+00
      vertex -2.750000e+00 4.763140e+00 6.200000e+00
    endloop
  endfacet
  facet normal -2.282712e-01 5.510955e-01 8.026120e-01
    outer loop
      vertex -1.915261e+00 7.147851e+00 4.800000e+00
      vertex -2.750000e+00 4.763140e+00 6.200000e+00
      vertex -1.423505e+00 5.312592e+00 6.200000e+00
    endloop
  endfacet
  facet normal -3.631271e-01 4.732364e-01 8.026120e-01
    outer loop
      vertex -3.700000e+00 6.408588e+00 4.800000e+00
      vertex -5.232590e+00 5.232590e+00 4.800000e+00
      vertex -3.889087e+00 3.889087e+00 6.200000e+00
    endloop
  endfacet
  facet normal -3.631271e-01 4.732364e-01 8.026120e-01
    outer loop
      vertex -3.700000e+00 6.408588e+00 4.800000e+00
      vertex -3.889087e+00 3.889087e+00 6.200000e+00
      vertex -2.750000e+00 4.763140e+00 6.200000e+00
    endloop
  endfacet
  facet normal -4.732364e-01 3.631271e-01 8.026120e-01
    outer loop
      vertex -5.232590e+00 5.232590e+00 4.800000e+00
      vertex -6.408588e+00 3.700000e+00 4.800000e+00
      vertex -4.763140e+00 2.750000e+00 6.200000e+00
    endloop
  endfacet
  facet normal -4.732364e-01 3.631271e-01 8.026120e-01
    outer loop
      vertex -5.232590e+00 5.232590e+00 4.800000e+00
      vertex -4.763140e+00 2.750000e+00 6.200000e+00
      vertex -3.889087e+00 3.889087e+00 6.200000e+00
    endloop
  endfacet
  facet normal -5.510955e-01 2.282712e-01 8.026120e-01
    outer loop
      vertex -6.408588e+00 3.700000e+00 4.800000e+00
      vertex -7.147851e+00 1.915261e+00 4.800000e+00
      vertex -5.312592e+00 1.423505e+00 6.200000e+00
    endloop
  endfacet
  facet normal -5.510955e-01 2.282712e-01 8.026120e-01
    outer loop
      vertex -6.408588e+00 3.700000e+00 4.800000e+00
      vertex -5.312592e+00 1.423505e+00 6.200000e+00
      vertex -4.763140e+00 2.750000e+00 6.200000e+00
    endloop
  endfacet
  facet normal -5.913983e-01 7.785906e-02 8.026120e-01
    outer loop
      vertex -7.147851e+00 1.915261e+00 4.800000e+00
      vertex -7.400000e+00 9.062386e-16 4.800000e+00
      vertex -5.500000e+00 6.735557e-16 6.200000e+00
    endloop
  endfacet
  facet normal -5.913983e-01 7.785906e-02 8.026120e-01
    outer loop
      vertex -7.147851e+00 1.915261e+00 4.800000e+00
      vertex -5.500000e+00 6.735557e-16 6.200000e+00
      vertex -5.312592e+00 1.423505e+00 6.200000e+00
    endloop
  endfacet
  facet normal -5.913983e-01 -7.785906e-02 8.026120e-01
    outer loop
      vertex -7.400000e+00 9.062386e-16 4.800000e+00
      vertex -7.147851e+00 -1.915261e+00 4.800000e+00
      vertex -5.312592e+00 -1.423505e+00 6.200000e+00
    endloop
  endfacet
  facet normal -5.913983e-01 -7.785906e-02 8.026120e-01
    outer loop
      vertex -7.400000e+00 9.062386e-16 4.800000e+00
      vertex -5.312592e+00 -1.423505e+00 6.200000e+00
      vertex -5.500000e+00 6.735557e-16 6.200000e+00
    endloop
  endfacet
  facet normal -5.510955e-01 -2.282712e-01 8.026120e-01
    outer loop
      vertex -7.147851e+00 -1.915261e+00 4.800000e+00
      vertex -6.408588e+00 -3.700000e+00 4.800000e+00
      vertex -4.763140e+00 -2.750000e+00 6.200000e+00
    endloop
  endfacet
  facet normal -5.510955e-01 -2.282712e-01 8.026120e-01
    outer loop
      vertex -7.147851e+00 -1.915261e+00 4.800000e+00
      vertex -4.763140e+00 -2.750000e+00 6.200000e+00
      vertex -5.312592e+00 -1.423505e+00 6.200000e+00
    endloop
  endfacet
  facet normal -4.732364e-01 -3.631271e-01 8.026120e-01
    outer loop
      vertex -6.408588e+00 -3.700000e+00 4.800000e+00
      vertex -5.232590e+00 -5.232590e+00 4.800000e+00
      vertex -3.889087e+00 -3.889087e+00 6.200000e+00
    endloop
  endfacet
  facet normal -4.732364e-01 -3.631271e-01 8.026120e-01
    outer loop
      vertex -6.408588e+00 -3.700000e+00 4.800000e+00
      vertex -3.889087e+00 -3.889087e+00 6.200000e+00
      vertex -4.763140e+00 -2.750000e+00 6.200000e+00
    endloop
  endfacet
  facet normal -3.631271e-01 -4.732364e-01 8.026120e-01
    outer loop
      vertex -5.232590e+00 -5.232590e+00 4.800000e+00
      vertex -3.700000e+00 -6.408588e+00 4.800000e+00
      vertex -2.750000e+00 -4.763140e+00 6.200000e+00
    endloop
  endfacet
  facet normal -3.631271e-01 -4.732364e-01 8.026120e-01
    outer loop
      vertex -5.232590e+00 -5.232590e+00 4.800000e+00
      vertex -2.750000e+00 -4.763140e+00 6.200000e+00
      vertex -3.889087e+00 -3.889087e+00 6.200000e+00
    endloop
  endfacet
  facet normal -2.282712e-01 -5.510955e-01 8.026120e-01
    outer loop
      vertex -3.700000e+00 -6.408588e+00 4.800000e+00
      vertex -1.915261e+00 -7.147851e+00 4.800000e+00
      vertex -1.423505e+00 -5.312592e+00 6.200000e+00
    endloop
  endfacet
  facet normal -2.282712e-01 -5.510955e-01 8.026120e-01
    outer loop
      vertex -3.700000e+00 -6.408588e+00 4.800000e+00
      vertex -1.423505e+00 -5.312592e+00 6.200000e+00
      vertex -2.750000e+00 -4.763140e+00 6.200000e+00
    endloop
  endfacet
  facet normal -7.785906e-02 -5.913983e-01 8.026120e-01
    outer loop
      vertex -1.915261e+00 -7.147851e+00 4.800000e+00
      vertex -1.359358e-15 -7.400000e+00 4.800000e+00
      vertex -1.010334e-15 -5.500000e+00 6.200000e+00
    endloop
  endfacet
  facet normal -7.785906e-02 -5.913983e-01 8.026120e-01
    outer loop
      vertex -1.915261e+00 -7.147851e+00 4.800000e+00
      vertex -1.010334e-15 -5.500000e+00 6.200000e+00
      vertex -1.423505e+00 -5.312592e+00 6.200000e+00
    endloop
  endfacet
  facet normal 7.785906e-02 -5.913983e-01 8.026120e-01
    outer loop
      vertex -1.359358e-15 -7.400000e+00 4.800000e+00
      vertex 1.915261e+00 -7.147851e+00 4.800000e+00
      vertex 1.423505e+00 -5.312592e+00 6.200000e+00
    endloop
  endfacet
  facet normal 7.785906e-02 -5.913983e-01 8.026120e-01
    outer loop
      vertex -1.359358e-15 -7.400000e+00 4.800000e+00
      vertex 1.423505e+00 -5.312592e+00 6.200000e+00
      vertex -1.010334e-15 -5.500000e+00 6.200000e+00
    endloop
  endfacet
  facet normal 2.282712e-01 -5.510955e-01 8.026120e-01
    outer loop
      vertex 1.915261e+00 -7.147851e+00 4.800000e+00
      vertex 3.700000e+00 -6.408588e+00 4.800000e+00
      vertex 2.750000e+00 -4.763140e+00 6.200000e+00
    endloop
  endfacet
  facet normal 2.282712e-01 -5.510955e-01 8.026120e-01
    outer loop
      vertex 1.915261e+00 -7.147851e+00 4.800000e+00
      vertex 2.750000e+00 -4.763140e+00 6.200000e+00
      vertex 1.423505e+00 -5.312592e+00 6.200000e+00
    endloop
  endfacet
  facet normal 3.631271e-01 -4.732364e-01 8.026120e-01
    outer loop
      vertex 3.700000e+00 -6.408588e+00 4.800000e+00
      vertex 5.232590e+00 -5.232590e+00 4.800000e+00
      vertex 3.889087e+00 -3.889087e+00 6.200000e+00
    endloop
  endfacet
  facet normal 3.631271e-01 -4.732364e-01 8.026120e-01
    outer loop
      vertex 3.700000e+00 -6.408588e+00 4.800000e+00
      vertex 3.889087e+00 -3.889087e+00 6.200000e+00
      vertex 2.750000e+00 -4.763140e+00 6.200000e+00
    endloop
  endfacet
  facet normal 4.732364e-01 -3.631271e-01 8.026120e-01
    outer loop
      vertex 5.232590e+00 -5.232590e+00 4.800000e+00
      vertex 6.408588e+00 -3.700000e+00 4.800000e+00
      vertex 4.763140e+00 -2.750000e+00 6.200000e+00
    endloop
  endfacet
  facet normal 4.732364e-01 -3.631271e-01 8.026120e-01
    outer loop
      vertex 5.232590e+00 -5.232590e+00 4.800000e+00
      vertex 4.763140e+00 -2.750000e+00 6.200000e+00
      vertex 3.889087e+00 -3.889087e+00 6.200000e+00
    endloop
  endfacet
  facet normal 5.510955e-01 -2.282712e-01 8.026120e-01
    outer loop
      vertex 6.408588e+00 -3.700000e+00 4.800000e+00
      vertex 7.147851e+00 -1.915261e+00 4.800000e+00
      vertex 5.312592e+00 -1.423505e+00 6.200000e+00
    endloop
  endfacet
  facet normal 5.510955e-01 -2.282712e-01 8.026120e-01
    outer loop
      vertex 6.408588e+00 -3.700000e+00 4.800000e+00
      vertex 5.312592e+00 -1.423505e+00 6.200000e+00
      vertex 4.763140e+00 -2.750000e+00 6.200000e+00
    endloop
  endfacet
  facet normal 5.913983e-01 -7.785906e-02 8.026120e-01
    outer loop
      vertex 7.147851e+00 -1.915261e+00 4.800000e+00
      vertex 7.400000e+00 0.000000e+00 4.800000e+00
      vertex 5.500000e+00 0.000000e+00 6.200000e+00
    endloop
  endfacet
  facet normal 5.913983e-01 -7.785906e-02 8.026120e-01
    outer loop
      vertex 7.147851e+00 -1.915261e+00 4.800000e+00
      vertex 5.500000e+00 0.000000e+00 6.200000e+00
      vertex 5.312592e+00 -1.423505e+00 6.200000e+00
    endloop
  endfacet
  facet normal 9.762627e-01 1.285274e-01 -1.743326e-01
    outer loop
      vertex 5.500000e+00 0.000000e+00 6.200000e+00
      vertex 5.312592e+00 1.423505e+00 6.200000e+00
      vertex 5.795555e+00 1.552914e+00 9.000000e+00
    endloop
  endfacet
  facet normal 9.762627e-01 1.285274e-01 -1.743326e-01
    outer loop
      vertex 5.500000e+00 0.000000e+00 6.200000e+00
      vertex 5.795555e+00 1.552914e+00 9.000000e+00
      vertex 6.000000e+00 0.000000e+00 9.000000e+00
    endloop
  endfacet
  facet normal 9.097320e-01 3.768233e-01 -1.743326e-01
    outer loop
      vertex 5.312592e+00 1.423505e+00 6.200000e+00
      vertex 4.763140e+00 2.750000e+00 6.200000e+00
      vertex 5.196152e+00 3.000000e+00 9.000000e+00
    endloop
  endfacet
  facet normal 9.097320e-01 3.768233e-01 -1.743326e-01
    outer loop
      vertex 5.312592e+00 1.423505e+00 6.200000e+00
      vertex 5.196152e+00 3.000000e+00 9.000000e+00
      vertex 5.795555e+00 1.552914e+00 9.000000e+00
    endloop
  endfacet
  facet normal 7.812046e-01 5.994394e-01 -1.743326e-01
    outer loop
      vertex 4.763140e+00 2.750000e+00 6.200000e+00
      vertex 3.889087e+00 3.889087e+00 6.200000e+00
      vertex 4.242641e+00 4.242641e+00 9.000000e+00
    endloop
  endfacet
  facet normal 7.812046e-01 5.994394e-01 -1.743326e-01
    outer loop
      vertex 4.763140e+00 2.750000e+00 6.200000e+00
      vertex 4.242641e+00 4.242641e+00 9.000000e+00
      vertex 5.196152e+00 3.000000e+00 9.000000e+00
    endloop
  endfacet
  facet normal 5.994394e-01 7.812046e-01 -1.743326e-01
    outer loop
      vertex 3.889087e+00 3.889087e+00 6.200000e+00
      vertex 2.750000e+00 4.763140e+00 6.200000e+00
      vertex 3.000000e+00 5.196152e+00 9.000000e+00
    endloop
  endfacet
  facet normal 5.994394e-01 7.812046e-01 -1.743326e-01
    outer loop
      vertex 3.889087e+00 3.889087e+00 6.200000e+00
      vertex 3.000000e+00 5.196152e+00 9.000000e+00
      vertex 4.242641e+00 4.242641e+00 9.000000e+00
    endloop
  endfacet
  facet normal 3.768233e-01 9.097320e-01 -1.743326e-01
    outer loop
      vertex 2.750000e+00 4.763140e+00 6.200000e+00
      vertex 1.423505e+00 5.312592e+00 6.200000e+00
      vertex 1.552914e+00 5.795555e+00 9.000000e+00
    endloop
  endfacet
  facet normal 3.768233e-01 9.097320e-01 -1.743326e-01
    outer loop
      vertex 2.750000e+00 4.763140e+00 6.200000e+00
      vertex 1.552914e+00 5.795555e+00 9.000000e+00
      vertex 3.000000e+00 5.196152e+00 9.000000e+00
    endloop
  endfacet
  facet normal 1.285274e-01 9.762627e-01 -1.743326e-01
    outer loop
      vertex 1.423505e+00 5.312592e+00 6.200000e+00
      vertex 3.367779e-16 5.500000e+00 6.200000e+00
      vertex 3.673940e-16 6.000000e+00 9.000000e+00
    endloop
  endfacet
  facet normal 1.285274e-01 9.762627e-01 -1.743326e-01
    outer loop
      vertex 1.423505e+00 5.312592e+00 6.200000e+00
      vertex 3.673940e-16 6.000000e+00 9.000000e+00
      vertex 1.552914e+00 5.795555e+00 9.000000e+00
    endloop
  endfacet
  facet normal -1.285274e-01 9.762627e-01 -1.743326e-01
    outer loop
      vertex 3.367779e-16 5.500000e+00 6.200000e+00
      vertex -1.423505e+00 5.312592e+00 6.200000e+00
      vertex -1.552914e+00 5.795555e+00 9.000000e+00
    endloop
  endfacet
  facet normal -1.285274e-01 9.762627e-01 -1.743326e-01
    outer loop
      vertex 3.367779e-16 5.500000e+00 6.200000e+00
      vertex -1.552914e+00 5.795555e+00 9.000000e+00
      vertex 3.673940e-16 6.000000e+00 9.000000e+00
    endloop
  endfacet
  facet normal -3.768233e-01 9.097320e-01 -1.743326e-01
    outer loop
      vertex -1.423505e+00 5.312592e+00 6.200000e+00
      vertex -2.750000e+00 4.763140e+00 6.200000e+00
      vertex -3.000000e+00 5.196152e+00 9.000000e+00
    endloop
  endfacet
  facet normal -3.768233e-01 9.097320e-01 -1.743326e-01
    outer loop
      vertex -1.423505e+00 5.312592e+00 6.200000e+00
      vertex -3.000000e+00 5.196152e+00 9.000000e+00
      vertex -1.552914e+00 5.795555e+00 9.000000e+00
    endloop
  endfacet
  facet normal -5.994394e-01 7.812046e-01 -1.743326e-01
    outer loop
      vertex -2.750000e+00 4.763140e+00 6.200000e+00
      vertex -3.889087e+00 3.889087e+00 6.200000e+00
      vertex -4.242641e+00 4.242641e+00 9.000000e+00
    endloop
  endfacet
  facet normal -5.994394e-01 7.812046e-01 -1.743326e-01
    outer loop
      vertex -2.750000e+00 4.763140e+00 6.200000e+00
      vertex -4.242641e+00 4.242641e+00 9.000000e+00
      vertex -3.000000e+00 5.196152e+00 9.000000e+00
    endloop
  endfacet
  facet normal -7.812046e-01 5.994394e-01 -1.743326e-01
    outer loop
      vertex -3.889087e+00 3.889087e+00 6.200000e+00
      vertex -4.763140e+00 2.750000e+00 6.200000e+00
      vertex -5.196152e+00 3.000000e+00 9.000000e+00
    endloop
  endfacet
  facet normal -7.812046e-01 5.994394e-01 -1.743326e-01
    outer loop
      vertex -3.889087e+00 3.889087e+00 6.200000e+00
      vertex -5.196152e+00 3.000000e+00 9.000000e+00
      vertex -4.242641e+00 4.242641e+00 9.000000e+00
    endloop
  endfacet
  facet normal -9.097320e-01 3.768233e-01 -1.743326e-01
    outer loop
      vertex -4.763140e+00 2.750000e+00 6.200000e+00
      vertex -5.312592e+00 1.423505e+00 6.200000e+00
      vertex -5.795555e+00 1.552914e+00 9.000000e+00
    endloop
  endfacet
  facet normal -9.097320e-01 3.768233e-01 -1.743326e-01
    outer loop
      vertex -4.763140e+00 2.750000e+00 6.200000e+00
      vertex -5.795555e+00 1.552914e+00 9.000000e+00
      vertex -5.196152e+00 3.000000e+00 9.000000e+00
    endloop
  endfacet
  facet normal -9.762627e-01 1.285274e-01 -1.743326e-01
    outer loop
      vertex -5.312592e+00 1.423505e+00 6.200000e+00
      vertex -5.500000e+00 6.735557e-16 6.200000e+00
      vertex -6.000000e+00 7.347881e-16 9.000000e+00
    endloop
  endfacet
  facet normal -9.762627e-01 1.285274e-01 -1.743326e-01
    outer loop
      vertex -5.312592e+00 1.423505e+00 6.200000e+00
      vertex -6.000000e+00 7.347881e-16 9.000000e+00
      vertex -5.795555e+00 1.552914e+00 9.000000e+00
    endloop
  endfacet
  facet normal -9.762627e-01 -1.285274e-01 -1.743326e-01
    outer loop
      vertex -5.500000e+00 6.735557e-16 6.200000e+00
      vertex -5.312592e+00 -1.423505e+00 6.200000e+00
      vertex -5.795555e+00 -1.552914e+00 9.000000e+00
    endloop
  endfacet
  facet normal -9.762627e-01 -1.285274e-01 -1.743326e-01
    outer loop
      vertex -5.500000e+00 6.735557e-16 6.200000e+00
      vertex -5.795555e+00 -1.552914e+00 9.000000e+00
      vertex -6.000000e+00 7.347881e-16 9.000000e+00
    endloop
  endfacet
  facet normal -9.097320e-01 -3.768233e-01 -1.743326e-01
    outer loop
      vertex -5.312592e+00 -1.423505e+00 6.200000e+00
      vertex -4.763140e+00 -2.750000e+00 6.200000e+00
      vertex -5.196152e+00 -3.000000e+00 9.000000e+00
    endloop
  endfacet
  facet normal -9.097320e-01 -3.768233e-01 -1.743326e-01
    outer loop
      vertex -5.312592e+00 -1.423505e+00 6.200000e+00
      vertex -5.196152e+00 -3.000000e+00 9.000000e+00
      vertex -5.795555e+00 -1.552914e+00 9.000000e+00
    endloop
  endfacet
  facet normal -7.812046e-01 -5.994394e-01 -1.743326e-01
    outer loop
      vertex -4.763140e+00 -2.750000e+00 6.200000e+00
      vertex -3.889087e+00 -3.889087e+00 6.200000e+00
      vertex -4.242641e+00 -4.242641e+00 9.000000e+00
    endloop
  endfacet
  facet normal -7.812046e-01 -5.994394e-01 -1.743326e-01
    outer loop
      vertex -4.763140e+00 -2.750000e+00 6.200000e+00
      vertex -4.242641e+00 -4.242641e+00 9.000000e+00
      vertex -5.196152e+00 -3.000000e+00 9.000000e+00
    endloop
  endfacet
  facet normal -5.994394e-01 -7.812046e-01 -1.743326e-01
    outer loop
      vertex -3.889087e+00 -3.889087e+00 6.200000e+00
      vertex -2.750000e+00 -4.763140e+00 6.200000e+00
      vertex -3.000000e+00 -5.196152e+00 9.000000e+00
    endloop
  endfacet
  facet normal -5.994394e-01 -7.812046e-01 -1.743326e-01
    outer loop
      vertex -3.889087e+00 -3.889087e+00 6.200000e+00
      vertex -3.000000e+00 -5.196152e+00 9.000000e+00
      vertex -4.242641e+00 -4.242641e+00 9.000000e+00
    endloop
  endfacet
  facet normal -3.768233e-01 -9.097320e-01 -1.743326e-01
    outer loop
      vertex -2.750000e+00 -4.763140e+00 6.200000e+00
      vertex -1.423505e+00 -5.312592e+00 6.200000e+00
      vertex -1.552914e+00 -5.795555e+00 9.000000e+00
    endloop
  endfacet
  facet normal -3.768233e-01 -9.097320e-01 -1.743326e-01
    outer loop
      vertex -2.750000e+00 -4.763140e+00 6.200000e+00
      vertex -1.552914e+00 -5.795555e+00 9.000000e+00
      vertex -3.000000e+00 -5.196152e+00 9.000000e+00
    endloop
  endfacet
  facet normal -1.285274e-01 -9.762627e-01 -1.743326e-01
    outer loop
      vertex -1.423505e+00 -5.312592e+00 6.200000e+00
      vertex -1.010334e-15 -5.500000e+00 6.200000e+00
      vertex -1.102182e-15 -6.000000e+00 9.000000e+00
    endloop
  endfacet
  facet normal -1.285274e-01 -9.762627e-01 -1.743326e-01
    outer loop
      vertex -1.423505e+00 -5.312592e+00 6.200000e+00
      vertex -1.102182e-15 -6.000000e+00 9.000000e+00
      vertex -1.552914e+00 -5.795555e+00 9.000000e+00
    endloop
  endfacet
  facet normal 1.285274e-01 -9.762627e-01 -1.743326e-01
    outer loop
      vertex -1.010334e-15 -5.500000e+00 6.200000e+00
      vertex 1.423505e+00 -5.312592e+00 6.200000e+00
      vertex 1.552914e+00 -5.795555e+00 9.000000e+00
    endloop
  endfacet
  facet normal 1.285274e-01 -9.762627e-01 -1.743326e-01
    outer loop
      vertex -1.010334e-15 -5.500000e+00 6.200000e+00
      vertex 1.552914e+00 -5.795555e+00 9.000000e+00
      vertex -1.102182e-15 -6.000000e+00 9.000000e+00
    endloop
  endfacet
  facet normal 3.768233e-01 -9.097320e-01 -1.743326e-01
    outer loop
      vertex 1.423505e+00 -5.312592e+00 6.200000e+00
      vertex 2.750000e+00 -4.763140e+00 6.200000e+00
      vertex 3.000000e+00 -5.196152e+00 9.000000e+00
    endloop
  endfacet
  facet normal 3.768233e-01 -9.097320e-01 -1.743326e-01
    outer loop
      vertex 1.423505e+00 -5.312592e+00 6.200000e+00
      vertex 3.000000e+00 -5.196152e+00 9.000000e+00
      vertex 1.552914e+00 -5.795555e+00 9.000000e+00
    endloop
  endfacet
  facet normal 5.994394e-01 -7.812046e-01 -1.743326e-01
    outer loop
      vertex 2.750000e+00 -4.763140e+00 6.200000e+00
      vertex 3.889087e+00 -3.889087e+00 6.200000e+00
      vertex 4.242641e+00 -4.242641e+00 9.000000e+00
    endloop
  endfacet
  facet normal 5.994394e-01 -7.812046e-01 -1.743326e-01
    outer loop
      vertex 2.750000e+00 -4.763140e+00 6.200000e+00
      vertex 4.242641e+00 -4.242641e+00 9.000000e+00
      vertex 3.000000e+00 -5.196152e+00 9.000000e+00
    endloop
  endfacet
  facet normal 7.812046e-01 -5.994394e-01 -1.743326e-01
    outer loop
      vertex 3.889087e+00 -3.889087e+00 6.200000e+00
      vertex 4.763140e+00 -2.750000e+00 6.200000e+00
      vertex 5.196152e+00 -3.000000e+00 9.000000e+00
    endloop
  endfacet
  facet normal 7.812046e-01 -5.994394e-01 -1.743326e-01
    outer loop
      vertex 3.889087e+00 -3.889087e+00 6.200000e+00
      vertex 5.196152e+00 -3.000000e+00 9.000000e+00
      vertex 4.242641e+00 -4.242641e+00 9.000000e+00
    endloop
  endfacet
  facet normal 9.097320e-01 -3.768233e-01 -1.743326e-01
    outer loop
      vertex 4.763140e+00 -2.750000e+00 6.200000e+00
      vertex 5.312592e+00 -1.423505e+00 6.200000e+00
      vertex 5.795555e+00 -1.552914e+00 9.000000e+00
    endloop
  endfacet
  facet normal 9.097320e-01 -3.768233e-01 -1.743326e-01
    outer loop
      vertex 4.763140e+00 -2.750000e+00 6.200000e+00
      vertex 5.795555e+00 -1.552914e+00 9.000000e+00
      vertex 5.196152e+00 -3.000000e+00 9.000000e+00
    endloop
  endfacet
  facet normal 9.762627e-01 -1.285274e-01 -1.743326e-01
    outer loop
      vertex 5.312592e+00 -1.423505e+00 6.200000e+00
      vertex 5.500000e+00 0.000000e+00 6.200000e+00
      vertex 6.000000e+00 0.000000e+00 9.000000e+00
    endloop
  endfacet
  facet normal 9.762627e-01 -1.285274e-01 -1.743326e-01
    outer loop
      vertex 5.312592e+00 -1.423505e+00 6.200000e+00
      vertex 6.000000e+00 0.000000e+00 9.000000e+00
      vertex 5.795555e+00 -1.552914e+00 9.000000e+00
    endloop
  endfacet
  facet normal 9.898576e-01 1.303172e-01 -5.656329e-02
    outer loop
      vertex 6.000000e+00 0.000000e+00 9.000000e+00
      vertex 5.795555e+00 1.552914e+00 9.000000e+00
      vertex 6.181925e+00 1.656442e+00 1.600000e+01
    endloop
  endfacet
  facet normal 9.898576e-01 1.303172e-01 -5.656329e-02
    outer loop
      vertex 6.000000e+00 0.000000e+00 9.000000e+00
      vertex 6.181925e+00 1.656442e+00 1.600000e+01
      vertex 6.400000e+00 0.000000e+00 1.600000e+01
    endloop
  endfacet
  facet normal 9.224004e-01 3.820708e-01 -5.656329e-02
    outer loop
      vertex 5.795555e+00 1.552914e+00 9.000000e+00
      vertex 5.196152e+00 3.000000e+00 9.000000e+00
      vertex 5.542563e+00 3.200000e+00 1.600000e+01
    endloop
  endfacet
  facet normal 9.224004e-01 3.820708e-01 -5.656329e-02
    outer loop
      vertex 5.795555e+00 1.552914e+00 9.000000e+00
      vertex 5.542563e+00 3.200000e+00 1.600000e+01
      vertex 6.181925e+00 1.656442e+00 1.600000e+01
    endloop
  endfacet
  facet normal 7.920832e-01 6.077868e-01 -5.656329e-02
    outer loop
      vertex 5.196152e+00 3.000000e+00 9.000000e+00
      vertex 4.242641e+00 4.242641e+00 9.000000e+00
      vertex 4.525483e+00 4.525483e+00 1.600000e+01
    endloop
  endfacet
  facet normal 7.920832e-01 6.077868e-01 -5.656329e-02
    outer loop
      vertex 5.196152e+00 3.000000e+00 9.000000e+00
      vertex 4.525483e+00 4.525483e+00 1.600000e+01
      vertex 5.542563e+00 3.200000e+00 1.600000e+01
    endloop
  endfacet
  facet normal 6.077868e-01 7.920832e-01 -5.656329e-02
    outer loop
      vertex 4.242641e+00 4.242641e+00 9.000000e+00
      vertex 3.000000e+00 5.196152e+00 9.000000e+00
      vertex 3.200000e+00 5.542563e+00 1.600000e+01
    endloop
  endfacet
  facet normal 6.077868e-01 7.920832e-01 -5.656329e-02
    outer loop
      vertex 4.242641e+00 4.242641e+00 9.000000e+00
      vertex 3.200000e+00 5.542563e+00 1.600000e+01
      vertex 4.525483e+00 4.525483e+00 1.600000e+01
    endloop
  endfacet
  facet normal 3.820708e-01 9.224004e-01 -5.656329e-02
    outer loop
      vertex 3.000000e+00 5.196152e+00 9.000000e+00
      vertex 1.552914e+00 5.795555e+00 9.000000e+00
      vertex 1.656442e+00 6.181925e+00 1.600000e+01
    endloop
  endfacet
  facet normal 3.820708e-01 9.224004e-01 -5.656329e-02
    outer loop
      vertex 3.000000e+00 5.196152e+00 9.000000e+00
      vertex 1.656442e+00 6.181925e+00 1.600000e+01
      vertex 3.200000e+00 5.542563e+00 1.600000e+01
    endloop
  endfacet
  facet normal 1.303172e-01 9.898576e-01 -5.656329e-02
    outer loop
      vertex 1.552914e+00 5.795555e+00 9.000000e+00
      vertex 3.673940e-16 6.000000e+00 9.000000e+00
      vertex 3.918870e-16 6.400000e+00 1.600000e+01
    endloop
  endfacet
  facet normal 1.303172e-01 9.898576e-01 -5.656329e-02
    outer loop
      vertex 1.552914e+00 5.795555e+00 9.000000e+00
      vertex 3.918870e-16 6.400000e+00 1.600000e+01
      vertex 1.656442e+00 6.181925e+00 1.600000e+01
    endloop
  endfacet
  facet normal -1.303172e-01 9.898576e-01 -5.656329e-02
    outer loop
      vertex 3.673940e-16 6.000000e+00 9.000000e+00
      vertex -1.552914e+00 5.795555e+00 9.000000e+00
      vertex -1.656442e+00 6.181925e+00 1.600000e+01
    endloop
  endfacet
  facet normal -1.303172e-01 9.898576e-01 -5.656329e-02
    outer loop
      vertex 3.673940e-16 6.000000e+00 9.000000e+00
      vertex -1.656442e+00 6.181925e+00 1.600000e+01
      vertex 3.918870e-16 6.400000e+00 1.600000e+01
    endloop
  endfacet
  facet normal -3.820708e-01 9.224004e-01 -5.656329e-02
    outer loop
      vertex -1.552914e+00 5.795555e+00 9.000000e+00
      vertex -3.000000e+00 5.196152e+00 9.000000e+00
      vertex -3.200000e+00 5.542563e+00 1.600000e+01
    endloop
  endfacet
  facet normal -3.820708e-01 9.224004e-01 -5.656329e-02
    outer loop
      vertex -1.552914e+00 5.795555e+00 9.000000e+00
      vertex -3.200000e+00 5.542563e+00 1.600000e+01
      vertex -1.656442e+00 6.181925e+00 1.600000e+01
    endloop
  endfacet
  facet normal -6.077868e-01 7.920832e-01 -5.656329e-02
    outer loop
      vertex -3.000000e+00 5.196152e+00 9.000000e+00
      vertex -4.242641e+00 4.242641e+00 9.000000e+00
      vertex -4.525483e+00 4.525483e+00 1.600000e+01
    endloop
  endfacet
  facet normal -6.077868e-01 7.920832e-01 -5.656329e-02
    outer loop
      vertex -3.000000e+00 5.196152e+00 9.000000e+00
      vertex -4.525483e+00 4.525483e+00 1.600000e+01
      vertex -3.200000e+00 5.542563e+00 1.600000e+01
    endloop
  endfacet
  facet normal -7.920832e-01 6.077868e-01 -5.656329e-02
    outer loop
      vertex -4.242641e+00 4.242641e+00 9.000000e+00
      vertex -5.196152e+00 3.000000e+00 9.000000e+00
      vertex -5.542563e+00 3.200000e+00 1.600000e+01
    endloop
  endfacet
  facet normal -7.920832e-01 6.077868e-01 -5.656329e-02
    outer loop
      vertex -4.242641e+00 4.242641e+00 9.000000e+00
      vertex -5.542563e+00 3.200000e+00 1.600000e+01
      vertex -4.525483e+00 4.525483e+00 1.600000e+01
    endloop
  endfacet
  facet normal -9.224004e-01 3.820708e-01 -5.656329e-02
    outer loop
      vertex -5.196152e+00 3.000000e+00 9.000000e+00
      vertex -5.795555e+00 1.552914e+00 9.000000e+00
      vertex -6.181925e+00 1.656442e+00 1.600000e+01
    endloop
  endfacet
  facet normal -9.224004e-01 3.820708e-01 -5.656329e-02
    outer loop
      vertex -5.196152e+00 3.000000e+00 9.000000e+00
      vertex -6.181925e+00 1.656442e+00 1.600000e+01
      vertex -5.542563e+00 3.200000e+00 1.600000e+01
    endloop
  endfacet
  facet normal -9.898576e-01 1.303172e-01 -5.656329e-02
    outer loop
      vertex -5.795555e+00 1.552914e+00 9.000000e+00
      vertex -6.000000e+00 7.347881e-16 9.000000e+00
      vertex -6.400000e+00 7.837740e-16 1.600000e+01
    endloop
  endfacet
  facet normal -9.898576e-01 1.303172e-01 -5.656329e-02
    outer loop
      vertex -5.795555e+00 1.552914e+00 9.000000e+00
      vertex -6.400000e+00 7.837740e-16 1.600000e+01
      vertex -6.181925e+00 1.656442e+00 1.600000e+01
    endloop
  endfacet
  facet normal -9.898576e-01 -1.303172e-01 -5.656329e-02
    outer loop
      vertex -6.000000e+00 7.347881e-16 9.000000e+00
      vertex -5.795555e+00 -1.552914e+00 9.000000e+00
      vertex -6.181925e+00 -1.656442e+00 1.600000e+01
    endloop
  endfacet
  facet normal -9.898576e-01 -1.303172e-01 -5.656329e-02
    outer loop
      vertex -6.000000e+00 7.347881e-16 9.000000e+00
      vertex -6.181925e+00 -1.656442e+00 1.600000e+01
      vertex -6.400000e+00 7.837740e-16 1.600000e+01
    endloop
  endfacet
  facet normal -9.224004e-01 -3.820708e-01 -5.656329e-02
    outer loop
      vertex -5.795555e+00 -1.552914e+00 9.000000e+00
      vertex -5.196152e+00 -3.000000e+00 9.000000e+00
      vertex -5.542563e+00 -3.200000e+00 1.600000e+01
    endloop
  endfacet
  facet normal -9.224004e-01 -3.820708e-01 -5.656329e-02
    outer loop
      vertex -5.795555e+00 -1.552914e+00 9.000000e+00
      vertex -5.542563e+00 -3.200000e+00 1.600000e+01
      vertex -6.181925e+00 -1.656442e+00 1.600000e+01
    endloop
  endfacet
  facet normal -7.920832e-01 -6.077868e-01 -5.656329e-02
    outer loop
      vertex -5.196152e+00 -3.000000e+00 9.000000e+00
      vertex -4.242641e+00 -4.242641e+00 9.000000e+00
      vertex -4.525483e+00 -4.525483e+00 1.600000e+01
    endloop
  endfacet
  facet normal -7.920832e-01 -6.077868e-01 -5.656329e-02
    outer loop
      vertex -5.196152e+00 -3.000000e+00 9.000000e+00
      vertex -4.525483e+00 -4.525483e+00 1.600000e+01
      vertex -5.542563e+00 -3.200000e+00 1.600000e+01
    endloop
  endfacet
  facet normal -6.077868e-01 -7.920832e-01 -5.656329e-02
    outer loop
      vertex -4.242641e+00 -4.242641e+00 9.000000e+00
      vertex -3.000000e+00 -5.196152e+00 9.000000e+00
      vertex -3.200000e+00 -5.542563e+00 1.600000e+01
    endloop
  endfacet
  facet normal -6.077868e-01 -7.920832e-01 -5.656329e-02
    outer loop
      vertex -4.242641e+00 -4.242641e+00 9.000000e+00
      vertex -3.200000e+00 -5.542563e+00 1.600000e+01
      vertex -4.525483e+00 -4.525483e+00 1.600000e+01
    endloop
  endfacet
  facet normal -3.820708e-01 -9.224004e-01 -5.656329e-02
    outer loop
      vertex -3.000000e+00 -5.196152e+00 9.000000e+00
      vertex -1.552914e+00 -5.795555e+00 9.000000e+00
      vertex -1.656442e+00 -6.181925e+00 1.600000e+01
    endloop
  endfacet
  facet normal -3.820708e-01 -9.224004e-01 -5.656329e-02
    outer loop
      vertex -3.000000e+00 -5.196152e+00 9.000000e+00
      vertex -1.656442e+00 -6.181925e+00 1.600000e+01
      vertex -3.200000e+00 -5.542563e+00 1.600000e+01
    endloop
  endfacet
  facet normal -1.303172e-01 -9.898576e-01 -5.656329e-02
    outer loop
      vertex -1.552914e+00 -5.795555e+00 9.000000e+00
      vertex -1.102182e-15 -6.000000e+00 9.000000e+00
      vertex -1.175661e-15 -6.400000e+00 1.600000e+01
    endloop
  endfacet
  facet normal -1.303172e-01 -9.898576e-01 -5.656329e-02
    outer loop
      vertex -1.552914e+00 -5.795555e+00 9.000000e+00
      vertex -1.175661e-15 -6.400000e+00 1.600000e+01
      vertex -1.656442e+00 -6.181925e+00 1.600000e+01
    endloop
  endfacet
  facet normal 1.303172e-01 -9.898576e-01 -5.656329e-02
    outer loop
      vertex -1.102182e-15 -6.000000e+00 9.000000e+00
      vertex 1.552914e+00 -5.795555e+00 9.000000e+00
      vertex 1.656442e+00 -6.181925e+00 1.600000e+01
    endloop
  endfacet
  facet normal 1.303172e-01 -9.898576e-01 -5.656329e-02
    outer loop
      vertex -1.102182e-15 -6.000000e+00 9.000000e+00
      vertex 1.656442e+00 -6.181925e+00 1.600000e+01
      vertex -1.175661e-15 -6.400000e+00 1.600000e+01
    endloop
  endfacet
  facet normal 3.820708e-01 -9.224004e-01 -5.656329e-02
    outer loop
      vertex 1.552914e+00 -5.795555e+00 9.000000e+00
      vertex 3.000000e+00 -5.196152e+00 9.000000e+00
      vertex 3.200000e+00 -5.542563e+00 1.600000e+01
    endloop
  endfacet
  facet normal 3.820708e-01 -9.224004e-01 -5.656329e-02
    outer loop
      vertex 1.552914e+00 -5.795555e+00 9.000000e+00
      vertex 3.200000e+00 -5.542563e+00 1.600000e+01
      vertex 1.656442e+00 -6.181925e+00 1.600000e+01
    endloop
  endfacet
  facet normal 6.077868e-01 -7.920832e-01 -5.656329e-02
    outer loop
      vertex 3.000000e+00 -5.196152e+00 9.000000e+00
      vertex 4.242641e+00 -4.242641e+00 9.000000e+00
      vertex 4.525483e+00 -4.525483e+00 1.600000e+01
    endloop
  endfacet
  facet normal 6.077868e-01 -7.920832e-01 -5.656329e-02
    outer loop
      vertex 3.000000e+00 -5.196152e+00 9.000000e+00
      vertex 4.525483e+00 -4.525483e+00 1.600000e+01
      vertex 3.200000e+00 -5.542563e+00 1.600000e+01
    endloop
  endfacet
  facet normal 7.920832e-01 -6.077868e-01 -5.656329e-02
    outer loop
      vertex 4.242641e+00 -4.242641e+00 9.000000e+00
      vertex 5.196152e+00 -3.000000e+00 9.000000e+00
      vertex 5.542563e+00 -3.200000e+00 1.600000e+01
    endloop
  endfacet
  facet normal 7.920832e-01 -6.077868e-01 -5.656329e-02
    outer loop
      vertex 4.242641e+00 -4.242641e+00 9.000000e+00
      vertex 5.542563e+00 -3.200000e+00 1.600000e+01
      vertex 4.525483e+00 -4.525483e+00 1.600000e+01
    endloop
  endfacet
  facet normal 9.224004e-01 -3.820708e-01 -5.656329e-02
    outer loop
      vertex 5.196152e+00 -3.000000e+00 9.000000e+00
      vertex 5.795555e+00 -1.552914e+00 9.000000e+00
      vertex 6.181925e+00 -1.656442e+00 1.600000e+01
    endloop
  endfacet
  facet normal 9.224004e-01 -3.820708e-01 -5.656329e-02
    outer loop
      vertex 5.196152e+00 -3.000000e+00 9.000000e+00
      vertex 6.181925e+00 -1.656442e+00 1.600000e+01
      vertex 5.542563e+00 -3.200000e+00 1.600000e+01
    endloop
  endfacet
  facet normal 9.898576e-01 -1.303172e-01 -5.656329e-02
    outer loop
      vertex 5.795555e+00 -1.552914e+00 9.000000e+00
      vertex 6.000000e+00 0.000000e+00 9.000000e+00
      vertex 6.400000e+00 0.000000e+00 1.600000e+01
    endloop
  endfacet
  facet normal 9.898576e-01 -1.303172e-01 -5.656329e-02
    outer loop
      vertex 5.795555e+00 -1.552914e+00 9.000000e+00
      vertex 6.400000e+00 0.000000e+00 1.600000e+01
      vertex 6.181925e+00 -1.656442e+00 1.600000e+01
    endloop
  endfacet
  facet normal 9.911405e-01 1.304861e-01 2.477851e-02
    outer loop
      vertex 6.400000e+00 0.000000e+00 1.600000e+01
      vertex 6.181925e+00 1.656442e+00 1.600000e+01
      vertex 5.988740e+00 1.604678e+00 2.400000e+01
    endloop
  endfacet
  facet normal 9.911405e-01 1.304861e-01 2.477851e-02
    outer loop
      vertex 6.400000e+00 0.000000e+00 1.600000e+01
      vertex 5.988740e+00 1.604678e+00 2.400000e+01
      vertex 6.200000e+00 0.000000e+00 2.400000e+01
    endloop
  endfacet
  facet normal 9.235959e-01 3.825659e-01 2.477851e-02
    outer loop
      vertex 6.181925e+00 1.656442e+00 1.600000e+01
      vertex 5.542563e+00 3.200000e+00 1.600000e+01
      vertex 5.369358e+00 3.100000e+00 2.400000e+01
    endloop
  endfacet
  facet normal 9.235959e-01 3.825659e-01 2.477851e-02
    outer loop
      vertex 6.181925e+00 1.656442e+00 1.600000e+01
      vertex 5.369358e+00 3.100000e+00 2.400000e+01
      vertex 5.988740e+00 1.604678e+00 2.400000e+01
    endloop
  endfacet
  facet normal 7.931098e-01 6.085745e-01 2.477851e-02
    outer loop
      vertex 5.542563e+00 3.200000e+00 1.600000e+01
      vertex 4.525483e+00 4.525483e+00 1.600000e+01
      vertex 4.384062e+00 4.384062e+00 2.400000e+01
    endloop
  endfacet
  facet normal 7.931098e-01 6.085745e-01 2.477851e-02
    outer loop
      vertex 5.542563e+00 3.200000e+00 1.600000e+01
      vertex 4.384062e+00 4.384062e+00 2.400000e+01
      vertex 5.369358e+00 3.100000e+00 2.400000e+01
    endloop
  endfacet
  facet normal 6.085745e-01 7.931098e-01 2.477851e-02
    outer loop
      vertex 4.525483e+00 4.525483e+00 1.600000e+01
      vertex 3.200000e+00 5.542563e+00 1.600000e+01
      vertex 3.100000e+00 5.369358e+00 2.400000e+01
    endloop
  endfacet
  facet normal 6.085745e-01 7.931098e-01 2.477851e-02
    outer loop
      vertex 4.525483e+00 4.525483e+00 1.600000e+01
      vertex 3.100000e+00 5.369358e+00 2.400000e+01
      vertex 4.384062e+00 4.384062e+00 2.400000e+01
    endloop
  endfacet
  facet normal 3.825659e-01 9.235959e-01 2.477851e-02
    outer loop
      vertex 3.200000e+00 5.542563e+00 1.600000e+01
      vertex 1.656442e+00 6.181925e+00 1.600000e+01
      vertex 1.604678e+00 5.988740e+00 2.400000e+01
    endloop
  endfacet
  facet normal 3.825659e-01 9.235959e-01 2.477851e-02
    outer loop
      vertex 3.200000e+00 5.542563e+00 1.600000e+01
      vertex 1.604678e+00 5.988740e+00 2.400000e+01
      vertex 3.100000e+00 5.369358e+00 2.400000e+01
    endloop
  endfacet
  facet normal 1.304861e-01 9.911405e-01 2.477851e-02
    outer loop
      vertex 1.656442e+00 6.181925e+00 1.600000e+01
      vertex 3.918870e-16 6.400000e+00 1.600000e+01
      vertex 3.796405e-16 6.200000e+00 2.400000e+01
    endloop
  endfacet
  facet normal 1.304861e-01 9.911405e-01 2.477851e-02
    outer loop
      vertex 1.656442e+00 6.181925e+00 1.600000e+01
      vertex 3.796405e-16 6.200000e+00 2.400000e+01
      vertex 1.604678e+00 5.988740e+00 2.400000e+01
    endloop
  endfacet
  facet normal -1.304861e-01 9.911405e-01 2.477851e-02
    outer loop
      vertex 3.918870e-16 6.400000e+00 1.600000e+01
      vertex -1.656442e+00 6.181925e+00 1.600000e+01
      vertex -1.604678e+00 5.988740e+00 2.400000e+01
    endloop
  endfacet
  facet normal -1.304861e-01 9.911405e-01 2.477851e-02
    outer loop
      vertex 3.918870e-16 6.400000e+00 1.600000e+01
      vertex -1.604678e+00 5.988740e+00 2.400000e+01
      vertex 3.796405e-16 6.200000e+00 2.400000e+01
    endloop
  endfacet
  facet normal -3.825659e-01 9.235959e-01 2.477851e-02
    outer loop
      vertex -1.656442e+00 6.181925e+00 1.600000e+01
      vertex -3.200000e+00 5.542563e+00 1.600000e+01
      vertex -3.100000e+00 5.369358e+00 2.400000e+01
    endloop
  endfacet
  facet normal -3.825659e-01 9.235959e-01 2.477851e-02
    outer loop
      vertex -1.656442e+00 6.181925e+00 1.600000e+01
      vertex -3.100000e+00 5.369358e+00 2.400000e+01
      vertex -1.604678e+00 5.988740e+00 2.400000e+01
    endloop
  endfacet
  facet normal -6.085745e-01 7.931098e-01 2.477851e-02
    outer loop
      vertex -3.200000e+00 5.542563e+00 1.600000e+01
      vertex -4.525483e+00 4.525483e+00 1.600000e+01
      vertex -4.384062e+00 4.384062e+00 2.400000e+01
    endloop
  endfacet
  facet normal -6.085745e-01 7.931098e-01 2.477851e-02
    outer loop
      vertex -3.200000e+00 5.542563e+00 1.600000e+01
      vertex -4.384062e+00 4.384062e+00 2.400000e+01
      vertex -3.100000e+00 5.369358e+00 2.400000e+01
    endloop
  endfacet
  facet normal -7.931098e-01 6.085745e-01 2.477851e-02
    outer loop
      vertex -4.525483e+00 4.525483e+00 1.600000e+01
      vertex -5.542563e+00 3.200000e+00 1.600000e+01
      vertex -5.369358e+00 3.100000e+00 2.400000e+01
    endloop
  endfacet
  facet normal -7.931098e-01 6.085745e-01 2.477851e-02
    outer loop
      vertex -4.525483e+00 4.525483e+00 1.600000e+01
      vertex -5.369358e+00 3.100000e+00 2.400000e+01
      vertex -4.384062e+00 4.384062e+00 2.400000e+01
    endloop
  endfacet
  facet normal -9.235959e-01 3.825659e-01 2.477851e-02
    outer loop
      vertex -5.542563e+00 3.200000e+00 1.600000e+01
      vertex -6.181925e+00 1.656442e+00 1.600000e+01
      vertex -5.988740e+00 1.604678e+00 2.400000e+01
    endloop
  endfacet
  facet normal -9.235959e-01 3.825659e-01 2.477851e-02
    outer loop
      vertex -5.542563e+00 3.200000e+00 1.600000e+01
      vertex -5.988740e+00 1.604678e+00 2.400000e+01
      vertex -5.369358e+00 3.100000e+00 2.400000e+01
    endloop
  endfacet
  facet normal -9.911405e-01 1.304861e-01 2.477851e-02
    outer loop
      vertex -6.181925e+00 1.656442e+00 1.600000e+01
      vertex -6.400000e+00 7.837740e-16 1.600000e+01
      vertex -6.200000e+00 7.592810e-16 2.400000e+01
    endloop
  endfacet
  facet normal -9.911405e-01 1.304861e-01 2.477851e-02
    outer loop
      vertex -6.181925e+00 1.656442e+00 1.600000e+01
      vertex -6.200000e+00 7.592810e-16 2.400000e+01
      vertex -5.988740e+00 1.604678e+00 2.400000e+01
    endloop
  endfacet
  facet normal -9.911405e-01 -1.304861e-01 2.477851e-02
    outer loop
      vertex -6.400000e+00 7.837740e-16 1.600000e+01
      vertex -6.181925e+00 -1.656442e+00 1.600000e+01
      vertex -5.988740e+00 -1.604678e+00 2.400000e+01
    endloop
  endfacet
  facet normal -9.911405e-01 -1.304861e-01 2.477851e-02
    outer loop
      vertex -6.400000e+00 7.837740e-16 1.600000e+01
      vertex -5.988740e+00 -1.604678e+00 2.400000e+01
      vertex -6.200000e+00 7.592810e-16 2.400000e+01
    endloop
  endfacet
  facet normal -9.235959e-01 -3.825659e-01 2.477851e-02
    outer loop
      vertex -6.181925e+00 -1.656442e+00 1.600000e+01
      vertex -5.542563e+00 -3.200000e+00 1.600000e+01
      vertex -5.369358e+00 -3.100000e+00 2.400000e+01
    endloop
  endfacet
  facet normal -9.235959e-01 -3.825659e-01 2.477851e-02
    outer loop
      vertex -6.181925e+00 -1.656442e+00 1.600000e+01
      vertex -5.369358e+00 -3.100000e+00 2.400000e+01
      vertex -5.988740e+00 -1.604678e+00 2.400000e+01
    endloop
  endfacet
  facet normal -7.931098e-01 -6.085745e-01 2.477851e-02
    outer loop
      vertex -5.542563e+00 -3.200000e+00 1.600000e+01
      vertex -4.525483e+00 -4.525483e+00 1.600000e+01
      vertex -4.384062e+00 -4.384062e+00 2.400000e+01
    endloop
  endfacet
  facet normal -7.931098e-01 -6.085745e-01 2.477851e-02
    outer loop
      vertex -5.542563e+00 -3.200000e+00 1.600000e+01
      vertex -4.384062e+00 -4.384062e+00 2.400000e+01
      vertex -5.369358e+00 -3.100000e+00 2.400000e+01
    endloop
  endfacet
  facet normal -6.085745e-01 -7.931098e-01 2.477851e-02
    outer loop
      vertex -4.525483e+00 -4.525483e+00 1.600000e+01
      vertex -3.200000e+00 -5.542563e+00 1.600000e+01
      vertex -3.100000e+00 -5.369358e+00 2.400000e+01
    endloop
  endfacet
  facet normal -6.085745e-01 -7.931098e-01 2.477851e-02
    outer loop
      vertex -4.525483e+00 -4.525483e+00 1.600000e+01
      vertex -3.100000e+00 -5.369358e+00 2.400000e+01
      vertex -4.384062e+00 -4.384062e+00 2.400000e+01
    endloop
  endfacet
  facet normal -3.825659e-01 -9.235959e-01 2.477851e-02
    outer loop
      vertex -3.200000e+00 -5.542563e+00 1.600000e+01
      vertex -1.656442e+00 -6.181925e+00 1.600000e+01
      vertex -1.604678e+00 -5.988740e+00 2.400000e+01
    endloop
  endfacet
  facet normal -3.825659e-01 -9.235959e-01 2.477851e-02
    outer loop
      vertex -3.200000e+00 -5.542563e+00 1.600000e+01
      vertex -1.604678e+00 -5.988740e+00 2.400000e+01
      vertex -3.100000e+00 -5.369358e+00 2.400000e+01
    endloop
  endfacet
  facet normal -1.304861e-01 -9.911405e-01 2.477851e-02
    outer loop
      vertex -1.656442e+00 -6.181925e+00 1.600000e+01
      vertex -1.175661e-15 -6.400000e+00 1.600000e+01
      vertex -1.138922e-15 -6.200000e+00 2.400000e+01
    endloop
  endfacet
  facet normal -1.304861e-01 -9.911405e-01 2.477851e-02
    outer loop
      vertex -1.656442e+00 -6.181925e+00 1.600000e+01
      vertex -1.138922e-15 -6.200000e+00 2.400000e+01
      vertex -1.604678e+00 -5.988740e+00 2.400000e+01
    endloop
  endfacet
  facet normal 1.304861e-01 -9.911405e-01 2.477851e-02
    outer loop
      vertex -1.175661e-15 -6.400000e+00 1.600000e+01
      vertex 1.656442e+00 -6.181925e+00 1.600000e+01
      vertex 1.604678e+00 -5.988740e+00 2.400000e+01
    endloop
  endfacet
  facet normal 1.304861e-01 -9.911405e-01 2.477851e-02
    outer loop
      vertex -1.175661e-15 -6.400000e+00 1.600000e+01
      vertex 1.604678e+00 -5.988740e+00 2.400000e+01
      vertex -1.138922e-15 -6.200000e+00 2.400000e+01
    endloop
  endfacet
  facet normal 3.825659e-01 -9.235959e-01 2.477851e-02
    outer loop
      vertex 1.656442e+00 -6.181925e+00 1.600000e+01
      vertex 3.200000e+00 -5.542563e+00 1.600000e+01
      vertex 3.100000e+00 -5.369358e+00 2.400000e+01
    endloop
  endfacet
  facet normal 3.825659e-01 -9.235959e-01 2.477851e-02
    outer loop
      vertex 1.656442e+00 -6.181925e+00 1.600000e+01
      vertex 3.100000e+00 -5.369358e+00 2.400000e+01
      vertex 1.604678e+00 -5.988740e+00 2.400000e+01
    endloop
  endfacet
  facet normal 6.085745e-01 -7.931098e-01 2.477851e-02
    outer loop
      vertex 3.200000e+00 -5.542563e+00 1.600000e+01
      vertex 4.525483e+00 -4.525483e+00 1.600000e+01
      vertex 4.384062e+00 -4.384062e+00 2.400000e+01
    endloop
  endfacet
  facet normal 6.085745e-01 -7.931098e-01 2.477851e-02
    outer loop
      vertex 3.200000e+00 -5.542563e+00 1.600000e+01
      vertex 4.384062e+00 -4.384062e+00 2.400000e+01
      vertex 3.100000e+00 -5.369358e+00 2.400000e+01
    endloop
  endfacet
  facet normal 7.931098e-01 -6.085745e-01 2.477851e-02
    outer loop
      vertex 4.525483e+00 -4.525483e+00 1.600000e+01
      vertex 5.542563e+00 -3.200000e+00 1.600000e+01
      vertex 5.369358e+00 -3.100000e+00 2.400000e+01
    endloop
  endfacet
  facet normal 7.931098e-01 -6.085745e-01 2.477851e-02
    outer loop
      vertex 4.525483e+00 -4.525483e+00 1.600000e+01
      vertex 5.369358e+00 -3.100000e+00 2.400000e+01
      vertex 4.384062e+00 -4.384062e+00 2.400000e+01
    endloop
  endfacet
  facet normal 9.235959e-01 -3.825659e-01 2.477851e-02
    outer loop
      vertex 5.542563e+00 -3.200000e+00 1.600000e+01
      vertex 6.181925e+00 -1.656442e+00 1.600000e+01
      vertex 5.988740e+00 -1.604678e+00 2.400000e+01
    endloop
  endfacet
  facet normal 9.235959e-01 -3.825659e-01 2.477851e-02
    outer loop
      vertex 5.542563e+00 -3.200000e+00 1.600000e+01
      vertex 5.988740e+00 -1.604678e+00 2.400000e+01
      vertex 5.369358e+00 -3.100000e+00 2.400000e+01
    endloop
  endfacet
  facet normal 9.911405e-01 -1.304861e-01 2.477851e-02
    outer loop
      vertex 6.181925e+00 -1.656442e+00 1.600000e+01
      vertex 6.400000e+00 0.000000e+00 1.600000e+01
      vertex 6.200000e+00 0.000000e+00 2.400000e+01
    endloop
  endfacet
  facet normal 9.911405e-01 -1.304861e-01 2.477851e-02
    outer loop
      vertex 6.181925e+00 -1.656442e+00 1.600000e+01
      vertex 6.200000e+00 0.000000e+00 2.400000e+01
      vertex 5.988740e+00 -1.604678e+00 2.400000e+01
    endloop
  endfacet
  facet normal 9.887152e-01 1.301668e-01 7.415364e-02
    outer loop
      vertex 6.200000e+00 0.000000e+00 2.400000e+01
      vertex 5.988740e+00 1.604678e+00 2.400000e+01
      vertex 5.409185e+00 1.449387e+00 3.200000e+01
    endloop
  endfacet
  facet normal 9.887152e-01 1.301668e-01 7.415364e-02
    outer loop
      vertex 6.200000e+00 0.000000e+00 2.400000e+01
      vertex 5.409185e+00 1.449387e+00 3.200000e+01
      vertex 5.600000e+00 0.000000e+00 3.200000e+01
    endloop
  endfacet
  facet normal 9.213359e-01 3.816298e-01 7.415364e-02
    outer loop
      vertex 5.988740e+00 1.604678e+00 2.400000e+01
      vertex 5.369358e+00 3.100000e+00 2.400000e+01
      vertex 4.849742e+00 2.800000e+00 3.200000e+01
    endloop
  endfacet
  facet normal 9.213359e-01 3.816298e-01 7.415364e-02
    outer loop
      vertex 5.988740e+00 1.604678e+00 2.400000e+01
      vertex 4.849742e+00 2.800000e+00 3.200000e+01
      vertex 5.409185e+00 1.449387e+00 3.200000e+01
    endloop
  endfacet
  facet normal 7.911691e-01 6.070854e-01 7.415364e-02
    outer loop
      vertex 5.369358e+00 3.100000e+00 2.400000e+01
      vertex 4.384062e+00 4.384062e+00 2.400000e+01
      vertex 3.959798e+00 3.959798e+00 3.200000e+01
    endloop
  endfacet
  facet normal 7.911691e-01 6.070854e-01 7.415364e-02
    outer loop
      vertex 5.369358e+00 3.100000e+00 2.400000e+01
      vertex 3.959798e+00 3.959798e+00 3.200000e+01
      vertex 4.849742e+00 2.800000e+00 3.200000e+01
    endloop
  endfacet
  facet normal 6.070854e-01 7.911691e-01 7.415364e-02
    outer loop
      vertex 4.384062e+00 4.384062e+00 2.400000e+01
      vertex 3.100000e+00 5.369358e+00 2.400000e+01
      vertex 2.800000e+00 4.849742e+00 3.200000e+01
    endloop
  endfacet
  facet normal 6.070854e-01 7.911691e-01 7.415364e-02
    outer loop
      vertex 4.384062e+00 4.384062e+00 2.400000e+01
      vertex 2.800000e+00 4.849742e+00 3.200000e+01
      vertex 3.959798e+00 3.959798e+00 3.200000e+01
    endloop
  endfacet
  facet normal 3.816298e-01 9.213359e-01 7.415364e-02
    outer loop
      vertex 3.100000e+00 5.369358e+00 2.400000e+01
      vertex 1.604678e+00 5.988740e+00 2.400000e+01
      vertex 1.449387e+00 5.409185e+00 3.200000e+01
    endloop
  endfacet
  facet normal 3.816298e-01 9.213359e-01 7.415364e-02
    outer loop
      vertex 3.100000e+00 5.369358e+00 2.400000e+01
      vertex 1.449387e+00 5.409185e+00 3.200000e+01
      vertex 2.800000e+00 4.849742e+00 3.200000e+01
    endloop
  endfacet
  facet normal 1.301668e-01 9.887152e-01 7.415364e-02
    outer loop
      vertex 1.604678e+00 5.988740e+00 2.400000e+01
      vertex 3.796405e-16 6.200000e+00 2.400000e+01
      vertex 3.429011e-16 5.600000e+00 3.200000e+01
    endloop
  endfacet
  facet normal 1.301668e-01 9.887152e-01 7.415364e-02
    outer loop
      vertex 1.604678e+00 5.988740e+00 2.400000e+01
      vertex 3.429011e-16 5.600000e+00 3.200000e+01
      vertex 1.449387e+00 5.409185e+00 3.200000e+01
    endloop
  endfacet
  facet normal -1.301668e-01 9.887152e-01 7.415364e-02
    outer loop
      vertex 3.796405e-16 6.200000e+00 2.400000e+01
      vertex -1.604678e+00 5.988740e+00 2.400000e+01
      vertex -1.449387e+00 5.409185e+00 3.200000e+01
    endloop
  endfacet
  facet normal -1.301668e-01 9.887152e-01 7.415364e-02
    outer loop
      vertex 3.796405e-16 6.200000e+00 2.400000e+01
      vertex -1.449387e+00 5.409185e+00 3.200000e+01
      vertex 3.429011e-16 5.600000e+00 3.200000e+01
    endloop
  endfacet
  facet normal -3.816298e-01 9.213359e-01 7.415364e-02
    outer loop
      vertex -1.604678e+00 5.988740e+00 2.400000e+01
      vertex -3.100000e+00 5.369358e+00 2.400000e+01
      vertex -2.800000e+00 4.849742e+00 3.200000e+01
    endloop
  endfacet
  facet normal -3.816298e-01 9.213359e-01 7.415364e-02
    outer loop
      vertex -1.604678e+00 5.988740e+00 2.400000e+01
      vertex -2.800000e+00 4.849742e+00 3.200000e+01
      vertex -1.449387e+00 5.409185e+00 3.200000e+01
    endloop
  endfacet
  facet normal -6.070854e-01 7.911691e-01 7.415364e-02
    outer loop
      vertex -3.100000e+00 5.369358e+00 2.400000e+01
      vertex -4.384062e+00 4.384062e+00 2.400000e+01
      vertex -3.959798e+00 3.959798e+00 3.200000e+01
    endloop
  endfacet
  facet normal -6.070854e-01 7.911691e-01 7.415364e-02
    outer loop
      vertex -3.100000e+00 5.369358e+00 2.400000e+01
      vertex -3.959798e+00 3.959798e+00 3.200000e+01
      vertex -2.800000e+00 4.849742e+00 3.200000e+01
    endloop
  endfacet
  facet normal -7.911691e-01 6.070854e-01 7.415364e-02
    outer loop
      vertex -4.384062e+00 4.384062e+00 2.400000e+01
      vertex -5.369358e+00 3.100000e+00 2.400000e+01
      vertex -4.849742e+00 2.800000e+00 3.200000e+01
    endloop
  endfacet
  facet normal -7.911691e-01 6.070854e-01 7.415364e-02
    outer loop
      vertex -4.384062e+00 4.384062e+00 2.400000e+01
      vertex -4.849742e+00 2.800000e+00 3.200000e+01
      vertex -3.959798e+00 3.959798e+00 3.200000e+01
    endloop
  endfacet
  facet normal -9.213359e-01 3.816298e-01 7.415364e-02
    outer loop
      vertex -5.369358e+00 3.100000e+00 2.400000e+01
      vertex -5.988740e+00 1.604678e+00 2.400000e+01
      vertex -5.409185e+00 1.449387e+00 3.200000e+01
    endloop
  endfacet
  facet normal -9.213359e-01 3.816298e-01 7.415364e-02
    outer loop
      vertex -5.369358e+00 3.100000e+00 2.400000e+01
      vertex -5.409185e+00 1.449387e+00 3.200000e+01
      vertex -4.849742e+00 2.800000e+00 3.200000e+01
    endloop
  endfacet
  facet normal -9.887152e-01 1.301668e-01 7.415364e-02
    outer loop
      vertex -5.988740e+00 1.604678e+00 2.400000e+01
      vertex -6.200000e+00 7.592810e-16 2.400000e+01
      vertex -5.600000e+00 6.858022e-16 3.200000e+01
    endloop
  endfacet
  facet normal -9.887152e-01 1.301668e-01 7.415364e-02
    outer loop
      vertex -5.988740e+00 1.604678e+00 2.400000e+01
      vertex -5.600000e+00 6.858022e-16 3.200000e+01
      vertex -5.409185e+00 1.449387e+00 3.200000e+01
    endloop
  endfacet
  facet normal -9.887152e-01 -1.301668e-01 7.415364e-02
    outer loop
      vertex -6.200000e+00 7.592810e-16 2.400000e+01
      vertex -5.988740e+00 -1.604678e+00 2.400000e+01
      vertex -5.409185e+00 -1.449387e+00 3.200000e+01
    endloop
  endfacet
  facet normal -9.887152e-01 -1.301668e-01 7.415364e-02
    outer loop
      vertex -6.200000e+00 7.592810e-16 2.400000e+01
      vertex -5.409185e+00 -1.449387e+00 3.200000e+01
      vertex -5.600000e+00 6.858022e-16 3.200000e+01
    endloop
  endfacet
  facet normal -9.213359e-01 -3.816298e-01 7.415364e-02
    outer loop
      vertex -5.988740e+00 -1.604678e+00 2.400000e+01
      vertex -5.369358e+00 -3.100000e+00 2.400000e+01
      vertex -4.849742e+00 -2.800000e+00 3.200000e+01
    endloop
  endfacet
  facet normal -9.213359e-01 -3.816298e-01 7.415364e-02
    outer loop
      vertex -5.988740e+00 -1.604678e+00 2.400000e+01
      vertex -4.849742e+00 -2.800000e+00 3.200000e+01
      vertex -5.409185e+00 -1.449387e+00 3.200000e+01
    endloop
  endfacet
  facet normal -7.911691e-01 -6.070854e-01 7.415364e-02
    outer loop
      vertex -5.369358e+00 -3.100000e+00 2.400000e+01
      vertex -4.384062e+00 -4.384062e+00 2.400000e+01
      vertex -3.959798e+00 -3.959798e+00 3.200000e+01
    endloop
  endfacet
  facet normal -7.911691e-01 -6.070854e-01 7.415364e-02
    outer loop
      vertex -5.369358e+00 -3.100000e+00 2.400000e+01
      vertex -3.959798e+00 -3.959798e+00 3.200000e+01
      vertex -4.849742e+00 -2.800000e+00 3.200000e+01
    endloop
  endfacet
  facet normal -6.070854e-01 -7.911691e-01 7.415364e-02
    outer loop
      vertex -4.384062e+00 -4.384062e+00 2.400000e+01
      vertex -3.100000e+00 -5.369358e+00 2.400000e+01
      vertex -2.800000e+00 -4.849742e+00 3.200000e+01
    endloop
  endfacet
  facet normal -6.070854e-01 -7.911691e-01 7.415364e-02
    outer loop
      vertex -4.384062e+00 -4.384062e+00 2.400000e+01
      vertex -2.800000e+00 -4.849742e+00 3.200000e+01
      vertex -3.959798e+00 -3.959798e+00 3.200000e+01
    endloop
  endfacet
  facet normal -3.816298e-01 -9.213359e-01 7.415364e-02
    outer loop
      vertex -3.100000e+00 -5.369358e+00 2.400000e+01
      vertex -1.604678e+00 -5.988740e+00 2.400000e+01
      vertex -1.449387e+00 -5.409185e+00 3.200000e+01
    endloop
  endfacet
  facet normal -3.816298e-01 -9.213359e-01 7.415364e-02
    outer loop
      vertex -3.100000e+00 -5.369358e+00 2.400000e+01
      vertex -1.449387e+00 -5.409185e+00 3.200000e+01
      vertex -2.800000e+00 -4.849742e+00 3.200000e+01
    endloop
  endfacet
  facet normal -1.301668e-01 -9.887152e-01 7.415364e-02
    outer loop
      vertex -1.604678e+00 -5.988740e+00 2.400000e+01
      vertex -1.138922e-15 -6.200000e+00 2.400000e+01
      vertex -1.028703e-15 -5.600000e+00 3.200000e+01
    endloop
  endfacet
  facet normal -1.301668e-01 -9.887152e-01 7.415364e-02
    outer loop
      vertex -1.604678e+00 -5.988740e+00 2.400000e+01
      vertex -1.028703e-15 -5.600000e+00 3.200000e+01
      vertex -1.449387e+00 -5.409185e+00 3.200000e+01
    endloop
  endfacet
  facet normal 1.301668e-01 -9.887152e-01 7.415364e-02
    outer loop
      vertex -1.138922e-15 -6.200000e+00 2.400000e+01
      vertex 1.604678e+00 -5.988740e+00 2.400000e+01
      vertex 1.449387e+00 -5.409185e+00 3.200000e+01
    endloop
  endfacet
  facet normal 1.301668e-01 -9.887152e-01 7.415364e-02
    outer loop
      vertex -1.138922e-15 -6.200000e+00 2.400000e+01
      vertex 1.449387e+00 -5.409185e+00 3.200000e+01
      vertex -1.028703e-15 -5.600000e+00 3.200000e+01
    endloop
  endfacet
  facet normal 3.816298e-01 -9.213359e-01 7.415364e-02
    outer loop
      vertex 1.604678e+00 -5.988740e+00 2.400000e+01
      vertex 3.100000e+00 -5.369358e+00 2.400000e+01
      vertex 2.800000e+00 -4.849742e+00 3.200000e+01
    endloop
  endfacet
  facet normal 3.816298e-01 -9.213359e-01 7.415364e-02
    outer loop
      vertex 1.604678e+00 -5.988740e+00 2.400000e+01
      vertex 2.800000e+00 -4.849742e+00 3.200000e+01
      vertex 1.449387e+00 -5.409185e+00 3.200000e+01
    endloop
  endfacet
  facet normal 6.070854e-01 -7.911691e-01 7.415364e-02
    outer loop
      vertex 3.100000e+00 -5.369358e+00 2.400000e+01
      vertex 4.384062e+00 -4.384062e+00 2.400000e+01
      vertex 3.959798e+00 -3.959798e+00 3.200000e+01
    endloop
  endfacet
  facet normal 6.070854e-01 -7.911691e-01 7.415364e-02
    outer loop
      vertex 3.100000e+00 -5.369358e+00 2.400000e+01
      vertex 3.959798e+00 -3.959798e+00 3.200000e+01
      vertex 2.800000e+00 -4.849742e+00 3.200000e+01
    endloop
  endfacet
  facet normal 7.911691e-01 -6.070854e-01 7.415364e-02
    outer loop
      vertex 4.384062e+00 -4.384062e+00 2.400000e+01
      vertex 5.369358e+00 -3.100000e+00 2.400000e+01
      vertex 4.849742e+00 -2.800000e+00 3.200000e+01
    endloop
  endfacet
  facet normal 7.911691e-01 -6.070854e-01 7.415364e-02
    outer loop
      vertex 4.384062e+00 -4.384062e+00 2.400000e+01
      vertex 4.849742e+00 -2.800000e+00 3.200000e+01
      vertex 3.959798e+00 -3.959798e+00 3.200000e+01
    endloop
  endfacet
  facet normal 9.213359e-01 -3.816298e-01 7.415364e-02
    outer loop
      vertex 5.369358e+00 -3.100000e+00 2.400000e+01
      vertex 5.988740e+00 -1.604678e+00 2.400000e+01
      vertex 5.409185e+00 -1.449387e+00 3.200000e+01
    endloop
  endfacet
  facet normal 9.213359e-01 -3.816298e-01 7.415364e-02
    outer loop
      vertex 5.369358e+00 -3.100000e+00 2.400000e+01
      vertex 5.409185e+00 -1.449387e+00 3.200000e+01
      vertex 4.849742e+00 -2.800000e+00 3.200000e+01
    endloop
  endfacet
  facet normal 9.887152e-01 -1.301668e-01 7.415364e-02
    outer loop
      vertex 5.988740e+00 -1.604678e+00 2.400000e+01
      vertex 6.200000e+00 0.000000e+00 2.400000e+01
      vertex 5.600000e+00 0.000000e+00 3.200000e+01
    endloop
  endfacet
  facet normal 9.887152e-01 -1.301668e-01 7.415364e-02
    outer loop
      vertex 5.988740e+00 -1.604678e+00 2.400000e+01
      vertex 5.600000e+00 0.000000e+00 3.200000e+01
      vertex 5.409185e+00 -1.449387e+00 3.200000e+01
    endloop
  endfacet
  facet normal 9.887152e-01 1.301668e-01 7.415364e-02
    outer loop
      vertex 5.600000e+00 0.000000e+00 3.200000e+01
      vertex 5.409185e+00 1.449387e+00 3.200000e+01
      vertex 4.829629e+00 1.294095e+00 4.000000e+01
    endloop
  endfacet
  facet normal 9.887152e-01 1.301668e-01 7.415364e-02
    outer loop
      vertex 5.600000e+00 0.000000e+00 3.200000e+01
      vertex 4.829629e+00 1.294095e+00 4.000000e+01
      vertex 5.000000e+00 0.000000e+00 4.000000e+01
    endloop
  endfacet
  facet normal 9.213359e-01 3.816298e-01 7.415364e-02
    outer loop
      vertex 5.409185e+00 1.449387e+00 3.200000e+01
      vertex 4.849742e+00 2.800000e+00 3.200000e+01
      vertex 4.330127e+00 2.500000e+00 4.000000e+01
    endloop
  endfacet
  facet normal 9.213359e-01 3.816298e-01 7.415364e-02
    outer loop
      vertex 5.409185e+00 1.449387e+00 3.200000e+01
      vertex 4.330127e+00 2.500000e+00 4.000000e+01
      vertex 4.829629e+00 1.294095e+00 4.000000e+01
    endloop
  endfacet
  facet normal 7.911691e-01 6.070854e-01 7.415364e-02
    outer loop
      vertex 4.849742e+00 2.800000e+00 3.200000e+01
      vertex 3.959798e+00 3.959798e+00 3.200000e+01
      vertex 3.535534e+00 3.535534e+00 4.000000e+01
    endloop
  endfacet
  facet normal 7.911691e-01 6.070854e-01 7.415364e-02
    outer loop
      vertex 4.849742e+00 2.800000e+00 3.200000e+01
      vertex 3.535534e+00 3.535534e+00 4.000000e+01
      vertex 4.330127e+00 2.500000e+00 4.000000e+01
    endloop
  endfacet
  facet normal 6.070854e-01 7.911691e-01 7.415364e-02
    outer loop
      vertex 3.959798e+00 3.959798e+00 3.200000e+01
      vertex 2.800000e+00 4.849742e+00 3.200000e+01
      vertex 2.500000e+00 4.330127e+00 4.000000e+01
    endloop
  endfacet
  facet normal 6.070854e-01 7.911691e-01 7.415364e-02
    outer loop
      vertex 3.959798e+00 3.959798e+00 3.200000e+01
      vertex 2.500000e+00 4.330127e+00 4.000000e+01
      vertex 3.535534e+00 3.535534e+00 4.000000e+01
    endloop
  endfacet
  facet normal 3.816298e-01 9.213359e-01 7.415364e-02
    outer loop
      vertex 2.800000e+00 4.849742e+00 3.200000e+01
      vertex 1.449387e+00 5.409185e+00 3.200000e+01
      vertex 1.294095e+00 4.829629e+00 4.000000e+01
    endloop
  endfacet
  facet normal 3.816298e-01 9.213359e-01 7.415364e-02
    outer loop
      vertex 2.800000e+00 4.849742e+00 3.200000e+01
      vertex 1.294095e+00 4.829629e+00 4.000000e+01
      vertex 2.500000e+00 4.330127e+00 4.000000e+01
    endloop
  endfacet
  facet normal 1.301668e-01 9.887152e-01 7.415364e-02
    outer loop
      vertex 1.449387e+00 5.409185e+00 3.200000e+01
      vertex 3.429011e-16 5.600000e+00 3.200000e+01
      vertex 3.061617e-16 5.000000e+00 4.000000e+01
    endloop
  endfacet
  facet normal 1.301668e-01 9.887152e-01 7.415364e-02
    outer loop
      vertex 1.449387e+00 5.409185e+00 3.200000e+01
      vertex 3.061617e-16 5.000000e+00 4.000000e+01
      vertex 1.294095e+00 4.829629e+00 4.000000e+01
    endloop
  endfacet
  facet normal -1.301668e-01 9.887152e-01 7.415364e-02
    outer loop
      vertex 3.429011e-16 5.600000e+00 3.200000e+01
      vertex -1.449387e+00 5.409185e+00 3.200000e+01
      vertex -1.294095e+00 4.829629e+00 4.000000e+01
    endloop
  endfacet
  facet normal -1.301668e-01 9.887152e-01 7.415364e-02
    outer loop
      vertex 3.429011e-16 5.600000e+00 3.200000e+01
      vertex -1.294095e+00 4.829629e+00 4.000000e+01
      vertex 3.061617e-16 5.000000e+00 4.000000e+01
    endloop
  endfacet
  facet normal -3.816298e-01 9.213359e-01 7.415364e-02
    outer loop
      vertex -1.449387e+00 5.409185e+00 3.200000e+01
      vertex -2.800000e+00 4.849742e+00 3.200000e+01
      vertex -2.500000e+00 4.330127e+00 4.000000e+01
    endloop
  endfacet
  facet normal -3.816298e-01 9.213359e-01 7.415364e-02
    outer loop
      vertex -1.449387e+00 5.409185e+00 3.200000e+01
      vertex -2.500000e+00 4.330127e+00 4.000000e+01
      vertex -1.294095e+00 4.829629e+00 4.000000e+01
    endloop
  endfacet
  facet normal -6.070854e-01 7.911691e-01 7.415364e-02
    outer loop
      vertex -2.800000e+00 4.849742e+00 3.200000e+01
      vertex -3.959798e+00 3.959798e+00 3.200000e+01
      vertex -3.535534e+00 3.535534e+00 4.000000e+01
    endloop
  endfacet
  facet normal -6.070854e-01 7.911691e-01 7.415364e-02
    outer loop
      vertex -2.800000e+00 4.849742e+00 3.200000e+01
      vertex -3.535534e+00 3.535534e+00 4.000000e+01
      vertex -2.500000e+00 4.330127e+00 4.000000e+01
    endloop
  endfacet
  facet normal -7.911691e-01 6.070854e-01 7.415364e-02
    outer loop
      vertex -3.959798e+00 3.959798e+00 3.200000e+01
      vertex -4.849742e+00 2.800000e+00 3.200000e+01
      vertex -4.330127e+00 2.500000e+00 4.000000e+01
    endloop
  endfacet
  facet normal -7.911691e-01 6.070854e-01 7.415364e-02
    outer loop
      vertex -3.959798e+00 3.959798e+00 3.200000e+01
      vertex -4.330127e+00 2.500000e+00 4.000000e+01
      vertex -3.535534e+00 3.535534e+00 4.000000e+01
    endloop
  endfacet
  facet normal -9.213359e-01 3.816298e-01 7.415364e-02
    outer loop
      vertex -4.849742e+00 2.800000e+00 3.200000e+01
      vertex -5.409185e+00 1.449387e+00 3.200000e+01
      vertex -4.829629e+00 1.294095e+00 4.000000e+01
    endloop
  endfacet
  facet normal -9.213359e-01 3.816298e-01 7.415364e-02
    outer loop
      vertex -4.849742e+00 2.800000e+00 3.200000e+01
      vertex -4.829629e+00 1.294095e+00 4.000000e+01
      vertex -4.330127e+00 2.500000e+00 4.000000e+01
    endloop
  endfacet
  facet normal -9.887152e-01 1.301668e-01 7.415364e-02
    outer loop
      vertex -5.409185e+00 1.449387e+00 3.200000e+01
      vertex -5.600000e+00 6.858022e-16 3.200000e+01
      vertex -5.000000e+00 6.123234e-16 4.000000e+01
    endloop
  endfacet
  facet normal -9.887152e-01 1.301668e-01 7.415364e-02
    outer loop
      vertex -5.409185e+00 1.449387e+00 3.200000e+01
      vertex -5.000000e+00 6.123234e-16 4.000000e+01
      vertex -4.829629e+00 1.294095e+00 4.000000e+01
    endloop
  endfacet
  facet normal -9.887152e-01 -1.301668e-01 7.415364e-02
    outer loop
      vertex -5.600000e+00 6.858022e-16 3.200000e+01
      vertex -5.409185e+00 -1.449387e+00 3.200000e+01
      vertex -4.829629e+00 -1.294095e+00 4.000000e+01
    endloop
  endfacet
  facet normal -9.887152e-01 -1.301668e-01 7.415364e-02
    outer loop
      vertex -5.600000e+00 6.858022e-16 3.200000e+01
      vertex -4.829629e+00 -1.294095e+00 4.000000e+01
      vertex -5.000000e+00 6.123234e-16 4.000000e+01
    endloop
  endfacet
  facet normal -9.213359e-01 -3.816298e-01 7.415364e-02
    outer loop
      vertex -5.409185e+00 -1.449387e+00 3.200000e+01
      vertex -4.849742e+00 -2.800000e+00 3.200000e+01
      vertex -4.330127e+00 -2.500000e+00 4.000000e+01
    endloop
  endfacet
  facet normal -9.213359e-01 -3.816298e-01 7.415364e-02
    outer loop
      vertex -5.409185e+00 -1.449387e+00 3.200000e+01
      vertex -4.330127e+00 -2.500000e+00 4.000000e+01
      vertex -4.829629e+00 -1.294095e+00 4.000000e+01
    endloop
  endfacet
  facet normal -7.911691e-01 -6.070854e-01 7.415364e-02
    outer loop
      vertex -4.849742e+00 -2.800000e+00 3.200000e+01
      vertex -3.959798e+00 -3.959798e+00 3.200000e+01
      vertex -3.535534e+00 -3.535534e+00 4.000000e+01
    endloop
  endfacet
  facet normal -7.911691e-01 -6.070854e-01 7.415364e-02
    outer loop
      vertex -4.849742e+00 -2.800000e+00 3.200000e+01
      vertex -3.535534e+00 -3.535534e+00 4.000000e+01
      vertex -4.330127e+00 -2.500000e+00 4.000000e+01
    endloop
  endfacet
  facet normal -6.070854e-01 -7.911691e-01 7.415364e-02
    outer loop
      vertex -3.959798e+00 -3.959798e+00 3.200000e+01
      vertex -2.800000e+00 -4.849742e+00 3.200000e+01
      vertex -2.500000e+00 -4.330127e+00 4.000000e+01
    endloop
  endfacet
  facet normal -6.070854e-01 -7.911691e-01 7.415364e-02
    outer loop
      vertex -3.959798e+00 -3.959798e+00 3.200000e+01
      vertex -2.500000e+00 -4.330127e+00 4.000000e+01
      vertex -3.535534e+00 -3.535534e+00 4.000000e+01
    endloop
  endfacet
  facet normal -3.816298e-01 -9.213359e-01 7.415364e-02
    outer loop
      vertex -2.800000e+00 -4.849742e+00 3.200000e+01
      vertex -1.449387e+00 -5.409185e+00 3.200000e+01
      vertex -1.294095e+00 -4.829629e+00 4.000000e+01
    endloop
  endfacet
  facet normal -3.816298e-01 -9.213359e-01 7.415364e-02
    outer loop
      vertex -2.800000e+00 -4.849742e+00 3.200000e+01
      vertex -1.294095e+00 -4.829629e+00 4.000000e+01
      vertex -2.500000e+00 -4.330127e+00 4.000000e+01
    endloop
  endfacet
  facet normal -1.301668e-01 -9.887152e-01 7.415364e-02
    outer loop
      vertex -1.449387e+00 -5.409185e+00 3.200000e+01
      vertex -1.028703e-15 -5.600000e+00 3.200000e+01
      vertex -9.184851e-16 -5.000000e+00 4.000000e+01
    endloop
  endfacet
  facet normal -1.301668e-01 -9.887152e-01 7.415364e-02
    outer loop
      vertex -1.449387e+00 -5.409185e+00 3.200000e+01
      vertex -9.184851e-16 -5.000000e+00 4.000000e+01
      vertex -1.294095e+00 -4.829629e+00 4.000000e+01
    endloop
  endfacet
  facet normal 1.301668e-01 -9.887152e-01 7.415364e-02
    outer loop
      vertex -1.028703e-15 -5.600000e+00 3.200000e+01
      vertex 1.449387e+00 -5.409185e+00 3.200000e+01
      vertex 1.294095e+00 -4.829629e+00 4.000000e+01
    endloop
  endfacet
  facet normal 1.301668e-01 -9.887152e-01 7.415364e-02
    outer loop
      vertex -1.028703e-15 -5.600000e+00 3.200000e+01
      vertex 1.294095e+00 -4.829629e+00 4.000000e+01
      vertex -9.184851e-16 -5.000000e+00 4.000000e+01
    endloop
  endfacet
  facet normal 3.816298e-01 -9.213359e-01 7.415364e-02
    outer loop
      vertex 1.449387e+00 -5.409185e+00 3.200000e+01
      vertex 2.800000e+00 -4.849742e+00 3.200000e+01
      vertex 2.500000e+00 -4.330127e+00 4.000000e+01
    endloop
  endfacet
  facet normal 3.816298e-01 -9.213359e-01 7.415364e-02
    outer loop
      vertex 1.449387e+00 -5.409185e+00 3.200000e+01
      vertex 2.500000e+00 -4.330127e+00 4.000000e+01
      vertex 1.294095e+00 -4.829629e+00 4.000000e+01
    endloop
  endfacet
  facet normal 6.070854e-01 -7.911691e-01 7.415364e-02
    outer loop
      vertex 2.800000e+00 -4.849742e+00 3.200000e+01
      vertex 3.959798e+00 -3.959798e+00 3.200000e+01
      vertex 3.535534e+00 -3.535534e+00 4.000000e+01
    endloop
  endfacet
  facet normal 6.070854e-01 -7.911691e-01 7.415364e-02
    outer loop
      vertex 2.800000e+00 -4.849742e+00 3.200000e+01
      vertex 3.535534e+00 -3.535534e+00 4.000000e+01
      vertex 2.500000e+00 -4.330127e+00 4.000000e+01
    endloop
  endfacet
  facet normal 7.911691e-01 -6.070854e-01 7.415364e-02
    outer loop
      vertex 3.959798e+00 -3.959798e+00 3.200000e+01
      vertex 4.849742e+00 -2.800000e+00 3.200000e+01
      vertex 4.330127e+00 -2.500000e+00 4.000000e+01
    endloop
  endfacet
  facet normal 7.911691e-01 -6.070854e-01 7.415364e-02
    outer loop
      vertex 3.959798e+00 -3.959798e+00 3.200000e+01
      vertex 4.330127e+00 -2.500000e+00 4.000000e+01
      vertex 3.535534e+00 -3.535534e+00 4.000000e+01
    endloop
  endfacet
  facet normal 9.213359e-01 -3.816298e-01 7.415364e-02
    outer loop
      vertex 4.849742e+00 -2.800000e+00 3.200000e+01
      vertex 5.409185e+00 -1.449387e+00 3.200000e+01
      vertex 4.829629e+00 -1.294095e+00 4.000000e+01
    endloop
  endfacet
  facet normal 9.213359e-01 -3.816298e-01 7.415364e-02
    outer loop
      vertex 4.849742e+00 -2.800000e+00 3.200000e+01
      vertex 4.829629e+00 -1.294095e+00 4.000000e+01
      vertex 4.330127e+00 -2.500000e+00 4.000000e+01
    endloop
  endfacet
  facet normal 9.887152e-01 -1.301668e-01 7.415364e-02
    outer loop
      vertex 5.409185e+00 -1.449387e+00 3.200000e+01
      vertex 5.600000e+00 0.000000e+00 3.200000e+01
      vertex 5.000000e+00 0.000000e+00 4.000000e+01
    endloop
  endfacet
  facet normal 9.887152e-01 -1.301668e-01 7.415364e-02
    outer loop
      vertex 5.409185e+00 -1.449387e+00 3.200000e+01
      vertex 5.000000e+00 0.000000e+00 4.000000e+01
      vertex 4.829629e+00 -1.294095e+00 4.000000e+01
    endloop
  endfacet
  facet normal 9.887152e-01 1.301668e-01 7.415364e-02
    outer loop
      vertex 5.000000e+00 0.000000e+00 4.000000e+01
      vertex 4.829629e+00 1.294095e+00 4.000000e+01
      vertex 4.250074e+00 1.138804e+00 4.800000e+01
    endloop
  endfacet
  facet normal 9.887152e-01 1.301668e-01 7.415364e-02
    outer loop
      vertex 5.000000e+00 0.000000e+00 4.000000e+01
      vertex 4.250074e+00 1.138804e+00 4.800000e+01
      vertex 4.400000e+00 0.000000e+00 4.800000e+01
    endloop
  endfacet
  facet normal 9.213359e-01 3.816298e-01 7.415364e-02
    outer loop
      vertex 4.829629e+00 1.294095e+00 4.000000e+01
      vertex 4.330127e+00 2.500000e+00 4.000000e+01
      vertex 3.810512e+00 2.200000e+00 4.800000e+01
    endloop
  endfacet
  facet normal 9.213359e-01 3.816298e-01 7.415364e-02
    outer loop
      vertex 4.829629e+00 1.294095e+00 4.000000e+01
      vertex 3.810512e+00 2.200000e+00 4.800000e+01
      vertex 4.250074e+00 1.138804e+00 4.800000e+01
    endloop
  endfacet
  facet normal 7.911691e-01 6.070854e-01 7.415364e-02
    outer loop
      vertex 4.330127e+00 2.500000e+00 4.000000e+01
      vertex 3.535534e+00 3.535534e+00 4.000000e+01
      vertex 3.111270e+00 3.111270e+00 4.800000e+01
    endloop
  endfacet
  facet normal 7.911691e-01 6.070854e-01 7.415364e-02
    outer loop
      vertex 4.330127e+00 2.500000e+00 4.000000e+01
      vertex 3.111270e+00 3.111270e+00 4.800000e+01
      vertex 3.810512e+00 2.200000e+00 4.800000e+01
    endloop
  endfacet
  facet normal 6.070854e-01 7.911691e-01 7.415364e-02
    outer loop
      vertex 3.535534e+00 3.535534e+00 4.000000e+01
      vertex 2.500000e+00 4.330127e+00 4.000000e+01
      vertex 2.200000e+00 3.810512e+00 4.800000e+01
    endloop
  endfacet
  facet normal 6.070854e-01 7.911691e-01 7.415364e-02
    outer loop
      vertex 3.535534e+00 3.535534e+00 4.000000e+01
      vertex 2.200000e+00 3.810512e+00 4.800000e+01
      vertex 3.111270e+00 3.111270e+00 4.800000e+01
    endloop
  endfacet
  facet normal 3.816298e-01 9.213359e-01 7.415364e-02
    outer loop
      vertex 2.500000e+00 4.330127e+00 4.000000e+01
      vertex 1.294095e+00 4.829629e+00 4.000000e+01
      vertex 1.138804e+00 4.250074e+00 4.800000e+01
    endloop
  endfacet
  facet normal 3.816298e-01 9.213359e-01 7.415364e-02
    outer loop
      vertex 2.500000e+00 4.330127e+00 4.000000e+01
      vertex 1.138804e+00 4.250074e+00 4.800000e+01
      vertex 2.200000e+00 3.810512e+00 4.800000e+01
    endloop
  endfacet
  facet normal 1.301668e-01 9.887152e-01 7.415364e-02
    outer loop
      vertex 1.294095e+00 4.829629e+00 4.000000e+01
      vertex 3.061617e-16 5.000000e+00 4.000000e+01
      vertex 2.694223e-16 4.400000e+00 4.800000e+01
    endloop
  endfacet
  facet normal 1.301668e-01 9.887152e-01 7.415364e-02
    outer loop
      vertex 1.294095e+00 4.829629e+00 4.000000e+01
      vertex 2.694223e-16 4.400000e+00 4.800000e+01
      vertex 1.138804e+00 4.250074e+00 4.800000e+01
    endloop
  endfacet
  facet normal -1.301668e-01 9.887152e-01 7.415364e-02
    outer loop
      vertex 3.061617e-16 5.000000e+00 4.000000e+01
      vertex -1.294095e+00 4.829629e+00 4.000000e+01
      vertex -1.138804e+00 4.250074e+00 4.800000e+01
    endloop
  endfacet
  facet normal -1.301668e-01 9.887152e-01 7.415364e-02
    outer loop
      vertex 3.061617e-16 5.000000e+00 4.000000e+01
      vertex -1.138804e+00 4.250074e+00 4.800000e+01
      vertex 2.694223e-16 4.400000e+00 4.800000e+01
    endloop
  endfacet
  facet normal -3.816298e-01 9.213359e-01 7.415364e-02
    outer loop
      vertex -1.294095e+00 4.829629e+00 4.000000e+01
      vertex -2.500000e+00 4.330127e+00 4.000000e+01
      vertex -2.200000e+00 3.810512e+00 4.800000e+01
    endloop
  endfacet
  facet normal -3.816298e-01 9.213359e-01 7.415364e-02
    outer loop
      vertex -1.294095e+00 4.829629e+00 4.000000e+01
      vertex -2.200000e+00 3.810512e+00 4.800000e+01
      vertex -1.138804e+00 4.250074e+00 4.800000e+01
    endloop
  endfacet
  facet normal -6.070854e-01 7.911691e-01 7.415364e-02
    outer loop
      vertex -2.500000e+00 4.330127e+00 4.000000e+01
      vertex -3.535534e+00 3.535534e+00 4.000000e+01
      vertex -3.111270e+00 3.111270e+00 4.800000e+01
    endloop
  endfacet
  facet normal -6.070854e-01 7.911691e-01 7.415364e-02
    outer loop
      vertex -2.500000e+00 4.330127e+00 4.000000e+01
      vertex -3.111270e+00 3.111270e+00 4.800000e+01
      vertex -2.200000e+00 3.810512e+00 4.800000e+01
    endloop
  endfacet
  facet normal -7.911691e-01 6.070854e-01 7.415364e-02
    outer loop
      vertex -3.535534e+00 3.535534e+00 4.000000e+01
      vertex -4.330127e+00 2.500000e+00 4.000000e+01
      vertex -3.810512e+00 2.200000e+00 4.800000e+01
    endloop
  endfacet
  facet normal -7.911691e-01 6.070854e-01 7.415364e-02
    outer loop
      vertex -3.535534e+00 3.535534e+00 4.000000e+01
      vertex -3.810512e+00 2.200000e+00 4.800000e+01
      vertex -3.111270e+00 3.111270e+00 4.800000e+01
    endloop
  endfacet
  facet normal -9.213359e-01 3.816298e-01 7.415364e-02
    outer loop
      vertex -4.330127e+00 2.500000e+00 4.000000e+01
      vertex -4.829629e+00 1.294095e+00 4.000000e+01
      vertex -4.250074e+00 1.138804e+00 4.800000e+01
    endloop
  endfacet
  facet normal -9.213359e-01 3.816298e-01 7.415364e-02
    outer loop
      vertex -4.330127e+00 2.500000e+00 4.000000e+01
      vertex -4.250074e+00 1.138804e+00 4.800000e+01
      vertex -3.810512e+00 2.200000e+00 4.800000e+01
    endloop
  endfacet
  facet normal -9.887152e-01 1.301668e-01 7.415364e-02
    outer loop
      vertex -4.829629e+00 1.294095e+00 4.000000e+01
      vertex -5.000000e+00 6.123234e-16 4.000000e+01
      vertex -4.400000e+00 5.388446e-16 4.800000e+01
    endloop
  endfacet
  facet normal -9.887152e-01 1.301668e-01 7.415364e-02
    outer loop
      vertex -4.829629e+00 1.294095e+00 4.000000e+01
      vertex -4.400000e+00 5.388446e-16 4.800000e+01
      vertex -4.250074e+00 1.138804e+00 4.800000e+01
    endloop
  endfacet
  facet normal -9.887152e-01 -1.301668e-01 7.415364e-02
    outer loop
      vertex -5.000000e+00 6.123234e-16 4.000000e+01
      vertex -4.829629e+00 -1.294095e+00 4.000000e+01
      vertex -4.250074e+00 -1.138804e+00 4.800000e+01
    endloop
  endfacet
  facet normal -9.887152e-01 -1.301668e-01 7.415364e-02
    outer loop
      vertex -5.000000e+00 6.123234e-16 4.000000e+01
      vertex -4.250074e+00 -1.138804e+00 4.800000e+01
      vertex -4.400000e+00 5.388446e-16 4.800000e+01
    endloop
  endfacet
  facet normal -9.213359e-01 -3.816298e-01 7.415364e-02
    outer loop
      vertex -4.829629e+00 -1.294095e+00 4.000000e+01
      vertex -4.330127e+00 -2.500000e+00 4.000000e+01
      vertex -3.810512e+00 -2.200000e+00 4.800000e+01
    endloop
  endfacet
  facet normal -9.213359e-01 -3.816298e-01 7.415364e-02
    outer loop
      vertex -4.829629e+00 -1.294095e+00 4.000000e+01
      vertex -3.810512e+00 -2.200000e+00 4.800000e+01
      vertex -4.250074e+00 -1.138804e+00 4.800000e+01
    endloop
  endfacet
  facet normal -7.911691e-01 -6.070854e-01 7.415364e-02
    outer loop
      vertex -4.330127e+00 -2.500000e+00 4.000000e+01
      vertex -3.535534e+00 -3.535534e+00 4.000000e+01
      vertex -3.111270e+00 -3.111270e+00 4.800000e+01
    endloop
  endfacet
  facet normal -7.911691e-01 -6.070854e-01 7.415364e-02
    outer loop
      vertex -4.330127e+00 -2.500000e+00 4.000000e+01
      vertex -3.111270e+00 -3.111270e+00 4.800000e+01
      vertex -3.810512e+00 -2.200000e+00 4.800000e+01
    endloop
  endfacet
  facet normal -6.070854e-01 -7.911691e-01 7.415364e-02
    outer loop
      vertex -3.535534e+00 -3.535534e+00 4.000000e+01
      vertex -2.500000e+00 -4.330127e+00 4.000000e+01
      vertex -2.200000e+00 -3.810512e+00 4.800000e+01
    endloop
  endfacet
  facet normal -6.070854e-01 -7.911691e-01 7.415364e-02
    outer loop
      vertex -3.535534e+00 -3.535534e+00 4.000000e+01
      vertex -2.200000e+00 -3.810512e+00 4.800000e+01
      vertex -3.111270e+00 -3.111270e+00 4.800000e+01
    endloop
  endfacet
  facet normal -3.816298e-01 -9.213359e-01 7.415364e-02
    outer loop
      vertex -2.500000e+00 -4.330127e+00 4.000000e+01
      vertex -1.294095e+00 -4.829629e+00 4.000000e+01
      vertex -1.138804e+00 -4.250074e+00 4.800000e+01
    endloop
  endfacet
  facet normal -3.816298e-01 -9.213359e-01 7.415364e-02
    outer loop
      vertex -2.500000e+00 -4.330127e+00 4.000000e+01
      vertex -1.138804e+00 -4.250074e+00 4.800000e+01
      vertex -2.200000e+00 -3.810512e+00 4.800000e+01
    endloop
  endfacet
  facet normal -1.301668e-01 -9.887152e-01 7.415364e-02
    outer loop
      vertex -1.294095e+00 -4.829629e+00 4.000000e+01
      vertex -9.184851e-16 -5.000000e+00 4.000000e+01
      vertex -8.082669e-16 -4.400000e+00 4.800000e+01
    endloop
  endfacet
  facet normal -1.301668e-01 -9.887152e-01 7.415364e-02
    outer loop
      vertex -1.294095e+00 -4.829629e+00 4.000000e+01
      vertex -8.082669e-16 -4.400000e+00 4.800000e+01
      vertex -1.138804e+00 -4.250074e+00 4.800000e+01
    endloop
  endfacet
  facet normal 1.301668e-01 -9.887152e-01 7.415364e-02
    outer loop
      vertex -9.184851e-16 -5.000000e+00 4.000000e+01
      vertex 1.294095e+00 -4.829629e+00 4.000000e+01
      vertex 1.138804e+00 -4.250074e+00 4.800000e+01
    endloop
  endfacet
  facet normal 1.301668e-01 -9.887152e-01 7.415364e-02
    outer loop
      vertex -9.184851e-16 -5.000000e+00 4.000000e+01
      vertex 1.138804e+00 -4.250074e+00 4.800000e+01
      vertex -8.082669e-16 -4.400000e+00 4.800000e+01
    endloop
  endfacet
  facet normal 3.816298e-01 -9.213359e-01 7.415364e-02
    outer loop
      vertex 1.294095e+00 -4.829629e+00 4.000000e+01
      vertex 2.500000e+00 -4.330127e+00 4.000000e+01
      vertex 2.200000e+00 -3.810512e+00 4.800000e+01
    endloop
  endfacet
  facet normal 3.816298e-01 -9.213359e-01 7.415364e-02
    outer loop
      vertex 1.294095e+00 -4.829629e+00 4.000000e+01
      vertex 2.200000e+00 -3.810512e+00 4.800000e+01
      vertex 1.138804e+00 -4.250074e+00 4.800000e+01
    endloop
  endfacet
  facet normal 6.070854e-01 -7.911691e-01 7.415364e-02
    outer loop
      vertex 2.500000e+00 -4.330127e+00 4.000000e+01
      vertex 3.535534e+00 -3.535534e+00 4.000000e+01
      vertex 3.111270e+00 -3.111270e+00 4.800000e+01
    endloop
  endfacet
  facet normal 6.070854e-01 -7.911691e-01 7.415364e-02
    outer loop
      vertex 2.500000e+00 -4.330127e+00 4.000000e+01
      vertex 3.111270e+00 -3.111270e+00 4.800000e+01
      vertex 2.200000e+00 -3.810512e+00 4.800000e+01
    endloop
  endfacet
  facet normal 7.911691e-01 -6.070854e-01 7.415364e-02
    outer loop
      vertex 3.535534e+00 -3.535534e+00 4.000000e+01
      vertex 4.330127e+00 -2.500000e+00 4.000000e+01
      vertex 3.810512e+00 -2.200000e+00 4.800000e+01
    endloop
  endfacet
  facet normal 7.911691e-01 -6.070854e-01 7.415364e-02
    outer loop
      vertex 3.535534e+00 -3.535534e+00 4.000000e+01
      vertex 3.810512e+00 -2.200000e+00 4.800000e+01
      vertex 3.111270e+00 -3.111270e+00 4.800000e+01
    endloop
  endfacet
  facet normal 9.213359e-01 -3.816298e-01 7.415364e-02
    outer loop
      vertex 4.330127e+00 -2.500000e+00 4.000000e+01
      vertex 4.829629e+00 -1.294095e+00 4.000000e+01
      vertex 4.250074e+00 -1.138804e+00 4.800000e+01
    endloop
  endfacet
  facet normal 9.213359e-01 -3.816298e-01 7.415364e-02
    outer loop
      vertex 4.330127e+00 -2.500000e+00 4.000000e+01
      vertex 4.250074e+00 -1.138804e+00 4.800000e+01
      vertex 3.810512e+00 -2.200000e+00 4.800000e+01
    endloop
  endfacet
  facet normal 9.887152e-01 -1.301668e-01 7.415364e-02
    outer loop
      vertex 4.829629e+00 -1.294095e+00 4.000000e+01
      vertex 5.000000e+00 0.000000e+00 4.000000e+01
      vertex 4.400000e+00 0.000000e+00 4.800000e+01
    endloop
  endfacet
  facet normal 9.887152e-01 -1.301668e-01 7.415364e-02
    outer loop
      vertex 4.829629e+00 -1.294095e+00 4.000000e+01
      vertex 4.400000e+00 0.000000e+00 4.800000e+01
      vertex 4.250074e+00 -1.138804e+00 4.800000e+01
    endloop
  endfacet
  facet normal 9.866077e-01 1.298894e-01 9.866077e-02
    outer loop
      vertex 4.400000e+00 0.000000e+00 4.800000e+01
      vertex 4.250074e+00 1.138804e+00 4.800000e+01
      vertex 3.670518e+00 9.835124e-01 5.400000e+01
    endloop
  endfacet
  facet normal 9.866077e-01 1.298894e-01 9.866077e-02
    outer loop
      vertex 4.400000e+00 0.000000e+00 4.800000e+01
      vertex 3.670518e+00 9.835124e-01 5.400000e+01
      vertex 3.800000e+00 0.000000e+00 5.400000e+01
    endloop
  endfacet
  facet normal 9.193720e-01 3.808164e-01 9.866077e-02
    outer loop
      vertex 4.250074e+00 1.138804e+00 4.800000e+01
      vertex 3.810512e+00 2.200000e+00 4.800000e+01
      vertex 3.290897e+00 1.900000e+00 5.400000e+01
    endloop
  endfacet
  facet normal 9.193720e-01 3.808164e-01 9.866077e-02
    outer loop
      vertex 4.250074e+00 1.138804e+00 4.800000e+01
      vertex 3.290897e+00 1.900000e+00 5.400000e+01
      vertex 3.670518e+00 9.835124e-01 5.400000e+01
    endloop
  endfacet
  facet normal 7.894827e-01 6.057914e-01 9.866077e-02
    outer loop
      vertex 3.810512e+00 2.200000e+00 4.800000e+01
      vertex 3.111270e+00 3.111270e+00 4.800000e+01
      vertex 2.687006e+00 2.687006e+00 5.400000e+01
    endloop
  endfacet
  facet normal 7.894827e-01 6.057914e-01 9.866077e-02
    outer loop
      vertex 3.810512e+00 2.200000e+00 4.800000e+01
      vertex 2.687006e+00 2.687006e+00 5.400000e+01
      vertex 3.290897e+00 1.900000e+00 5.400000e+01
    endloop
  endfacet
  facet normal 6.057914e-01 7.894827e-01 9.866077e-02
    outer loop
      vertex 3.111270e+00 3.111270e+00 4.800000e+01
      vertex 2.200000e+00 3.810512e+00 4.800000e+01
      vertex 1.900000e+00 3.290897e+00 5.400000e+01
    endloop
  endfacet
  facet normal 6.057914e-01 7.894827e-01 9.866077e-02
    outer loop
      vertex 3.111270e+00 3.111270e+00 4.800000e+01
      vertex 1.900000e+00 3.290897e+00 5.400000e+01
      vertex 2.687006e+00 2.687006e+00 5.400000e+01
    endloop
  endfacet
  facet normal 3.808164e-01 9.193720e-01 9.866077e-02
    outer loop
      vertex 2.200000e+00 3.810512e+00 4.800000e+01
      vertex 1.138804e+00 4.250074e+00 4.800000e+01
      vertex 9.835124e-01 3.670518e+00 5.400000e+01
    endloop
  endfacet
  facet normal 3.808164e-01 9.193720e-01 9.866077e-02
    outer loop
      vertex 2.200000e+00 3.810512e+00 4.800000e+01
      vertex 9.835124e-01 3.670518e+00 5.400000e+01
      vertex 1.900000e+00 3.290897e+00 5.400000e+01
    endloop
  endfacet
  facet normal 1.298894e-01 9.866077e-01 9.866077e-02
    outer loop
      vertex 1.138804e+00 4.250074e+00 4.800000e+01
      vertex 2.694223e-16 4.400000e+00 4.800000e+01
      vertex 2.326829e-16 3.800000e+00 5.400000e+01
    endloop
  endfacet
  facet normal 1.298894e-01 9.866077e-01 9.866077e-02
    outer loop
      vertex 1.138804e+00 4.250074e+00 4.800000e+01
      vertex 2.326829e-16 3.800000e+00 5.400000e+01
      vertex 9.835124e-01 3.670518e+00 5.400000e+01
    endloop
  endfacet
  facet normal -1.298894e-01 9.866077e-01 9.866077e-02
    outer loop
      vertex 2.694223e-16 4.400000e+00 4.800000e+01
      vertex -1.138804e+00 4.250074e+00 4.800000e+01
      vertex -9.835124e-01 3.670518e+00 5.400000e+01
    endloop
  endfacet
  facet normal -1.298894e-01 9.866077e-01 9.866077e-02
    outer loop
      vertex 2.694223e-16 4.400000e+00 4.800000e+01
      vertex -9.835124e-01 3.670518e+00 5.400000e+01
      vertex 2.326829e-16 3.800000e+00 5.400000e+01
    endloop
  endfacet
  facet normal -3.808164e-01 9.193720e-01 9.866077e-02
    outer loop
      vertex -1.138804e+00 4.250074e+00 4.800000e+01
      vertex -2.200000e+00 3.810512e+00 4.800000e+01
      vertex -1.900000e+00 3.290897e+00 5.400000e+01
    endloop
  endfacet
  facet normal -3.808164e-01 9.193720e-01 9.866077e-02
    outer loop
      vertex -1.138804e+00 4.250074e+00 4.800000e+01
      vertex -1.900000e+00 3.290897e+00 5.400000e+01
      vertex -9.835124e-01 3.670518e+00 5.400000e+01
    endloop
  endfacet
  facet normal -6.057914e-01 7.894827e-01 9.866077e-02
    outer loop
      vertex -2.200000e+00 3.810512e+00 4.800000e+01
      vertex -3.111270e+00 3.111270e+00 4.800000e+01
      vertex -2.687006e+00 2.687006e+00 5.400000e+01
    endloop
  endfacet
  facet normal -6.057914e-01 7.894827e-01 9.866077e-02
    outer loop
      vertex -2.200000e+00 3.810512e+00 4.800000e+01
      vertex -2.687006e+00 2.687006e+00 5.400000e+01
      vertex -1.900000e+00 3.290897e+00 5.400000e+01
    endloop
  endfacet
  facet normal -7.894827e-01 6.057914e-01 9.866077e-02
    outer loop
      vertex -3.111270e+00 3.111270e+00 4.800000e+01
      vertex -3.810512e+00 2.200000e+00 4.800000e+01
      vertex -3.290897e+00 1.900000e+00 5.400000e+01
    endloop
  endfacet
  facet normal -7.894827e-01 6.057914e-01 9.866077e-02
    outer loop
      vertex -3.111270e+00 3.111270e+00 4.800000e+01
      vertex -3.290897e+00 1.900000e+00 5.400000e+01
      vertex -2.687006e+00 2.687006e+00 5.400000e+01
    endloop
  endfacet
  facet normal -9.193720e-01 3.808164e-01 9.866077e-02
    outer loop
      vertex -3.810512e+00 2.200000e+00 4.800000e+01
      vertex -4.250074e+00 1.138804e+00 4.800000e+01
      vertex -3.670518e+00 9.835124e-01 5.400000e+01
    endloop
  endfacet
  facet normal -9.193720e-01 3.808164e-01 9.866077e-02
    outer loop
      vertex -3.810512e+00 2.200000e+00 4.800000e+01
      vertex -3.670518e+00 9.835124e-01 5.400000e+01
      vertex -3.290897e+00 1.900000e+00 5.400000e+01
    endloop
  endfacet
  facet normal -9.866077e-01 1.298894e-01 9.866077e-02
    outer loop
      vertex -4.250074e+00 1.138804e+00 4.800000e+01
      vertex -4.400000e+00 5.388446e-16 4.800000e+01
      vertex -3.800000e+00 4.653658e-16 5.400000e+01
    endloop
  endfacet
  facet normal -9.866077e-01 1.298894e-01 9.866077e-02
    outer loop
      vertex -4.250074e+00 1.138804e+00 4.800000e+01
      vertex -3.800000e+00 4.653658e-16 5.400000e+01
      vertex -3.670518e+00 9.835124e-01 5.400000e+01
    endloop
  endfacet
  facet normal -9.866077e-01 -1.298894e-01 9.866077e-02
    outer loop
      vertex -4.400000e+00 5.388446e-16 4.800000e+01
      vertex -4.250074e+00 -1.138804e+00 4.800000e+01
      vertex -3.670518e+00 -9.835124e-01 5.400000e+01
    endloop
  endfacet
  facet normal -9.866077e-01 -1.298894e-01 9.866077e-02
    outer loop
      vertex -4.400000e+00 5.388446e-16 4.800000e+01
      vertex -3.670518e+00 -9.835124e-01 5.400000e+01
      vertex -3.800000e+00 4.653658e-16 5.400000e+01
    endloop
  endfacet
  facet normal -9.193720e-01 -3.808164e-01 9.866077e-02
    outer loop
      vertex -4.250074e+00 -1.138804e+00 4.800000e+01
      vertex -3.810512e+00 -2.200000e+00 4.800000e+01
      vertex -3.290897e+00 -1.900000e+00 5.400000e+01
    endloop
  endfacet
  facet normal -9.193720e-01 -3.808164e-01 9.866077e-02
    outer loop
      vertex -4.250074e+00 -1.138804e+00 4.800000e+01
      vertex -3.290897e+00 -1.900000e+00 5.400000e+01
      vertex -3.670518e+00 -9.835124e-01 5.400000e+01
    endloop
  endfacet
  facet normal -7.894827e-01 -6.057914e-01 9.866077e-02
    outer loop
      vertex -3.810512e+00 -2.200000e+00 4.800000e+01
      vertex -3.111270e+00 -3.111270e+00 4.800000e+01
      vertex -2.687006e+00 -2.687006e+00 5.400000e+01
    endloop
  endfacet
  facet normal -7.894827e-01 -6.057914e-01 9.866077e-02
    outer loop
      vertex -3.810512e+00 -2.200000e+00 4.800000e+01
      vertex -2.687006e+00 -2.687006e+00 5.400000e+01
      vertex -3.290897e+00 -1.900000e+00 5.400000e+01
    endloop
  endfacet
  facet normal -6.057914e-01 -7.894827e-01 9.866077e-02
    outer loop
      vertex -3.111270e+00 -3.111270e+00 4.800000e+01
      vertex -2.200000e+00 -3.810512e+00 4.800000e+01
      vertex -1.900000e+00 -3.290897e+00 5.400000e+01
    endloop
  endfacet
  facet normal -6.057914e-01 -7.894827e-01 9.866077e-02
    outer loop
      vertex -3.111270e+00 -3.111270e+00 4.800000e+01
      vertex -1.900000e+00 -3.290897e+00 5.400000e+01
      vertex -2.687006e+00 -2.687006e+00 5.400000e+01
    endloop
  endfacet
  facet normal -3.808164e-01 -9.193720e-01 9.866077e-02
    outer loop
      vertex -2.200000e+00 -3.810512e+00 4.800000e+01
      vertex -1.138804e+00 -4.250074e+00 4.800000e+01
      vertex -9.835124e-01 -3.670518e+00 5.400000e+01
    endloop
  endfacet
  facet normal -3.808164e-01 -9.193720e-01 9.866077e-02
    outer loop
      vertex -2.200000e+00 -3.810512e+00 4.800000e+01
      vertex -9.835124e-01 -3.670518e+00 5.400000e+01
      vertex -1.900000e+00 -3.290897e+00 5.400000e+01
    endloop
  endfacet
  facet normal -1.298894e-01 -9.866077e-01 9.866077e-02
    outer loop
      vertex -1.138804e+00 -4.250074e+00 4.800000e+01
      vertex -8.082669e-16 -4.400000e+00 4.800000e+01
      vertex -6.980487e-16 -3.800000e+00 5.400000e+01
    endloop
  endfacet
  facet normal -1.298894e-01 -9.866077e-01 9.866077e-02
    outer loop
      vertex -1.138804e+00 -4.250074e+00 4.800000e+01
      vertex -6.980487e-16 -3.800000e+00 5.400000e+01
      vertex -9.835124e-01 -3.670518e+00 5.400000e+01
    endloop
  endfacet
  facet normal 1.298894e-01 -9.866077e-01 9.866077e-02
    outer loop
      vertex -8.082669e-16 -4.400000e+00 4.800000e+01
      vertex 1.138804e+00 -4.250074e+00 4.800000e+01
      vertex 9.835124e-01 -3.670518e+00 5.400000e+01
    endloop
  endfacet
  facet normal 1.298894e-01 -9.866077e-01 9.866077e-02
    outer loop
      vertex -8.082669e-16 -4.400000e+00 4.800000e+01
      vertex 9.835124e-01 -3.670518e+00 5.400000e+01
      vertex -6.980487e-16 -3.800000e+00 5.400000e+01
    endloop
  endfacet
  facet normal 3.808164e-01 -9.193720e-01 9.866077e-02
    outer loop
      vertex 1.138804e+00 -4.250074e+00 4.800000e+01
      vertex 2.200000e+00 -3.810512e+00 4.800000e+01
      vertex 1.900000e+00 -3.290897e+00 5.400000e+01
    endloop
  endfacet
  facet normal 3.808164e-01 -9.193720e-01 9.866077e-02
    outer loop
      vertex 1.138804e+00 -4.250074e+00 4.800000e+01
      vertex 1.900000e+00 -3.290897e+00 5.400000e+01
      vertex 9.835124e-01 -3.670518e+00 5.400000e+01
    endloop
  endfacet
  facet normal 6.057914e-01 -7.894827e-01 9.866077e-02
    outer loop
      vertex 2.200000e+00 -3.810512e+00 4.800000e+01
      vertex 3.111270e+00 -3.111270e+00 4.800000e+01
      vertex 2.687006e+00 -2.687006e+00 5.400000e+01
    endloop
  endfacet
  facet normal 6.057914e-01 -7.894827e-01 9.866077e-02
    outer loop
      vertex 2.200000e+00 -3.810512e+00 4.800000e+01
      vertex 2.687006e+00 -2.687006e+00 5.400000e+01
      vertex 1.900000e+00 -3.290897e+00 5.400000e+01
    endloop
  endfacet
  facet normal 7.894827e-01 -6.057914e-01 9.866077e-02
    outer loop
      vertex 3.111270e+00 -3.111270e+00 4.800000e+01
      vertex 3.810512e+00 -2.200000e+00 4.800000e+01
      vertex 3.290897e+00 -1.900000e+00 5.400000e+01
    endloop
  endfacet
  facet normal 7.894827e-01 -6.057914e-01 9.866077e-02
    outer loop
      vertex 3.111270e+00 -3.111270e+00 4.800000e+01
      vertex 3.290897e+00 -1.900000e+00 5.400000e+01
      vertex 2.687006e+00 -2.687006e+00 5.400000e+01
    endloop
  endfacet
  facet normal 9.193720e-01 -3.808164e-01 9.866077e-02
    outer loop
      vertex 3.810512e+00 -2.200000e+00 4.800000e+01
      vertex 4.250074e+00 -1.138804e+00 4.800000e+01
      vertex 3.670518e+00 -9.835124e-01 5.400000e+01
    endloop
  endfacet
  facet normal 9.193720e-01 -3.808164e-01 9.866077e-02
    outer loop
      vertex 3.810512e+00 -2.200000e+00 4.800000e+01
      vertex 3.670518e+00 -9.835124e-01 5.400000e+01
      vertex 3.290897e+00 -1.900000e+00 5.400000e+01
    endloop
  endfacet
  facet normal 9.866077e-01 -1.298894e-01 9.866077e-02
    outer loop
      vertex 4.250074e+00 -1.138804e+00 4.800000e+01
      vertex 4.400000e+00 0.000000e+00 4.800000e+01
      vertex 3.800000e+00 0.000000e+00 5.400000e+01
    endloop
  endfacet
  facet normal 9.866077e-01 -1.298894e-01 9.866077e-02
    outer loop
      vertex 4.250074e+00 -1.138804e+00 4.800000e+01
      vertex 3.800000e+00 0.000000e+00 5.400000e+01
      vertex 3.670518e+00 -9.835124e-01 5.400000e+01
    endloop
  endfacet
  facet normal 0.000000e+00 0.000000e+00 -1.000000e+00
    outer loop
      vertex 0.000000e+00 0.000000e+00 0.000000e+00
      vertex 7.727407e+00 2.070552e+00 0.000000e+00
      vertex 8.000000e+00 0.000000e+00 0.000000e+00
    endloop
  endfacet
  facet normal 0.000000e+00 0.000000e+00 -1.000000e+00
    outer loop
      vertex 0.000000e+00 0.000000e+00 0.000000e+00
      vertex 6.928203e+00 4.000000e+00 0.000000e+00
      vertex 7.727407e+00 2.070552e+00 0.000000e+00
    endloop
  endfacet
  facet normal 0.000000e+00 0.000000e+00 -1.000000e+00
    outer loop
      vertex 0.000000e+00 0.000000e+00 0.000000e+00
      vertex 5.656854e+00 5.656854e+00 0.000000e+00
      vertex 6.928203e+00 4.000000e+00 0.000000e+00
    endloop
  endfacet
  facet normal 0.000000e+00 0.000000e+00 -1.000000e+00
    outer loop
      vertex 0.000000e+00 0.000000e+00 0.000000e+00
      vertex 4.000000e+00 6.928203e+00 0.000000e+00
      vertex 5.656854e+00 5.656854e+00 0.000000e+00
    endloop
  endfacet
  facet normal 0.000000e+00 0.000000e+00 -1.000000e+00
    outer loop
      vertex 0.000000e+00 0.000000e+00 0.000000e+00
      vertex 2.070552e+00 7.727407e+00 0.000000e+00
      vertex 4.000000e+00 6.928203e+00 0.000000e+00
    endloop
  endfacet
  facet normal 0.000000e+00 0.000000e+00 -1.000000e+00
    outer loop
      vertex 0.000000e+00 0.000000e+00 0.000000e+00
      vertex 4.898587e-16 8.000000e+00 0.000000e+00
      vertex 2.070552e+00 7.727407e+00 0.000000e+00
    endloop
  endfacet
  facet normal 0.000000e+00 0.000000e+00 -1.000000e+00
    outer loop
      vertex 0.000000e+00 0.000000e+00 0.000000e+00
      vertex -2.070552e+00 7.727407e+00 0.000000e+00
      vertex 4.898587e-16 8.000000e+00 0.000000e+00
    endloop
  endfacet
  facet normal 0.000000e+00 0.000000e+00 -1.000000e+00
    outer loop
      vertex 0.000000e+00 0.000000e+00 0.000000e+00
      vertex -4.000000e+00 6.928203e+00 0.000000e+00
      vertex -2.070552e+00 7.727407e+00 0.000000e+00
    endloop
  endfacet
  facet normal 0.000000e+00 0.000000e+00 -1.000000e+00
    outer loop
      vertex 0.000000e+00 0.000000e+00 0.000000e+00
      vertex -5.656854e+00 5.656854e+00 0.000000e+00
      vertex -4.000000e+00 6.928203e+00 0.000000e+00
    endloop
  endfacet
  facet normal 0.000000e+00 0.000000e+00 -1.000000e+00
    outer loop
      vertex 0.000000e+00 0.000000e+00 0.000000e+00
      vertex -6.928203e+00 4.000000e+00 0.000000e+00
      vertex -5.656854e+00 5.656854e+00 0.000000e+00
    endloop
  endfacet
  facet normal 0.000000e+00 0.000000e+00 -1.000000e+00
    outer loop
      vertex 0.000000e+00 0.000000e+00 0.000000e+00
      vertex -7.727407e+00 2.070552e+00 0.000000e+00
      vertex -6.928203e+00 4.000000e+00 0.000000e+00
    endloop
  endfacet
  facet normal 0.000000e+00 0.000000e+00 -1.000000e+00
    outer loop
      vertex 0.000000e+00 0.000000e+00 0.000000e+00
      vertex -8.000000e+00 9.797174e-16 0.000000e+00
      vertex -7.727407e+00 2.070552e+00 0.000000e+00
    endloop
  endfacet
  facet normal -0.000000e+00 0.000000e+00 -1.000000e+00
    outer loop
      vertex 0.000000e+00 0.000000e+00 0.000000e+00
      vertex -7.727407e+00 -2.070552e+00 0.000000e+00
      vertex -8.000000e+00 9.797174e-16 0.000000e+00
    endloop
  endfacet
  facet normal 0.000000e+00 0.000000e+00 -1.000000e+00
    outer loop
      vertex 0.000000e+00 0.000000e+00 0.000000e+00
      vertex -6.928203e+00 -4.000000e+00 0.000000e+00
      vertex -7.727407e+00 -2.070552e+00 0.000000e+00
    endloop
  endfacet
  facet normal 0.000000e+00 0.000000e+00 -1.000000e+00
    outer loop
      vertex 0.000000e+00 0.000000e+00 0.000000e+00
      vertex -5.656854e+00 -5.656854e+00 0.000000e+00
      vertex -6.928203e+00 -4.000000e+00 0.000000e+00
    endloop
  endfacet
  facet normal 0.000000e+00 0.000000e+00 -1.000000e+00
    outer loop
      vertex 0.000000e+00 0.000000e+00 0.000000e+00
      vertex -4.000000e+00 -6.928203e+00 0.000000e+00
      vertex -5.656854e+00 -5.656854e+00 0.000000e+00
    endloop
  endfacet
  facet normal 0.000000e+00 0.000000e+00 -1.000000e+00
    outer loop
      vertex 0.000000e+00 0.000000e+00 0.000000e+00
      vertex -2.070552e+00 -7.727407e+00 0.000000e+00
      vertex -4.000000e+00 -6.928203e+00 0.000000e+00
    endloop
  endfacet
  facet normal 0.000000e+00 0.000000e+00 -1.000000e+00
    outer loop
      vertex 0.000000e+00 0.000000e+00 0.000000e+00
      vertex -1.469576e-15 -8.000000e+00 0.000000e+00
      vertex -2.070552e+00 -7.727407e+00 0.000000e+00
    endloop
  endfacet
  facet normal 0.000000e+00 -0.000000e+00 -1.000000e+00
    outer loop
      vertex 0.000000e+00 0.000000e+00 0.000000e+00
      vertex 2.070552e+00 -7.727407e+00 0.000000e+00
      vertex -1.469576e-15 -8.000000e+00 0.000000e+00
    endloop
  endfacet
  facet normal 0.000000e+00 0.000000e+00 -1.000000e+00
    outer loop
      vertex 0.000000e+00 0.000000e+00 0.000000e+00
      vertex 4.000000e+00 -6.928203e+00 0.000000e+00
      vertex 2.070552e+00 -7.727407e+00 0.000000e+00
    endloop
  endfacet
  facet normal 0.000000e+00 0.000000e+00 -1.000000e+00
    outer loop
      vertex 0.000000e+00 0.000000e+00 0.000000e+00
      vertex 5.656854e+00 -5.656854e+00 0.000000e+00
      vertex 4.000000e+00 -6.928203e+00 0.000000e+00
    endloop
  endfacet
  facet normal 0.000000e+00 0.000000e+00 -1.000000e+00
    outer loop
      vertex 0.000000e+00 0.000000e+00 0.000000e+00
      vertex 6.928203e+00 -4.000000e+00 0.000000e+00
      vertex 5.656854e+00 -5.656854e+00 0.000000e+00
    endloop
  endfacet
  facet normal 0.000000e+00 0.000000e+00 -1.000000e+00
    outer loop
      vertex 0.000000e+00 0.000000e+00 0.000000e+00
      vertex 7.727407e+00 -2.070552e+00 0.000000e+00
      vertex 6.928203e+00 -4.000000e+00 0.000000e+00
    endloop
  endfacet
  facet normal 0.000000e+00 0.000000e+00 -1.000000e+00
    outer loop
      vertex 0.000000e+00 0.000000e+00 0.000000e+00
      vertex 8.000000e+00 0.000000e+00 0.000000e+00
      vertex 7.727407e+00 -2.070552e+00 0.000000e+00
    endloop
  endfacet
  facet normal 0.000000e+00 0.000000e+00 1.000000e+00
    outer loop
      vertex 0.000000e+00 0.000000e+00 5.400000e+01
      vertex 3.800000e+00 0.000000e+00 5.400000e+01
      vertex 3.670518e+00 9.835124e-01 5.400000e+01
    endloop
  endfacet
  facet normal 0.000000e+00 0.000000e+00 1.000000e+00
    outer loop
      vertex 0.000000e+00 0.000000e+00 5.400000e+01
      vertex 3.670518e+00 9.835124e-01 5.400000e+01
      vertex 3.290897e+00 1.900000e+00 5.400000e+01
    endloop
  endfacet
  facet normal 0.000000e+00 0.000000e+00 1.000000e+00
    outer loop
      vertex 0.000000e+00 0.000000e+00 5.400000e+01
      vertex 3.290897e+00 1.900000e+00 5.400000e+01
      vertex 2.687006e+00 2.687006e+00 5.400000e+01
    endloop
  endfacet
  facet normal 0.000000e+00 0.000000e+00 1.000000e+00
    outer loop
      vertex 0.000000e+00 0.000000e+00 5.400000e+01
      vertex 2.687006e+00 2.687006e+00 5.400000e+01
      vertex 1.900000e+00 3.290897e+00 5.400000e+01
    endloop
  endfacet
  facet normal 0.000000e+00 0.000000e+00 1.000000e+00
    outer loop
      vertex 0.000000e+00 0.000000e+00 5.400000e+01
      vertex 1.900000e+00 3.290897e+00 5.400000e+01
      vertex 9.835124e-01 3.670518e+00 5.400000e+01
    endloop
  endfacet
  facet normal 0.000000e+00 0.000000e+00 1.000000e+00
    outer loop
      vertex 0.000000e+00 0.000000e+00 5.400000e+01
      vertex 9.835124e-01 3.670518e+00 5.400000e+01
      vertex 2.326829e-16 3.800000e+00 5.400000e+01
    endloop
  endfacet
  facet normal 0.000000e+00 -0.000000e+00 1.000000e+00
    outer loop
      vertex 0.000000e+00 0.000000e+00 5.400000e+01
      vertex 2.326829e-16 3.800000e+00 5.400000e+01
      vertex -9.835124e-01 3.670518e+00 5.400000e+01
    endloop
  endfacet
  facet normal 0.000000e+00 0.000000e+00 1.000000e+00
    outer loop
      vertex 0.000000e+00 0.000000e+00 5.400000e+01
      vertex -9.835124e-01 3.670518e+00 5.400000e+01
      vertex -1.900000e+00 3.290897e+00 5.400000e+01
    endloop
  endfacet
  facet normal 0.000000e+00 0.000000e+00 1.000000e+00
    outer loop
      vertex 0.000000e+00 0.000000e+00 5.400000e+01
      vertex -1.900000e+00 3.290897e+00 5.400000e+01
      vertex -2.687006e+00 2.687006e+00 5.400000e+01
    endloop
  endfacet
  facet normal 0.000000e+00 0.000000e+00 1.000000e+00
    outer loop
      vertex 0.000000e+00 0.000000e+00 5.400000e+01
      vertex -2.687006e+00 2.687006e+00 5.400000e+01
      vertex -3.290897e+00 1.900000e+00 5.400000e+01
    endloop
  endfacet
  facet normal 0.000000e+00 0.000000e+00 1.000000e+00
    outer loop
      vertex 0.000000e+00 0.000000e+00 5.400000e+01
      vertex -3.290897e+00 1.900000e+00 5.400000e+01
      vertex -3.670518e+00 9.835124e-01 5.400000e+01
    endloop
  endfacet
  facet normal 0.000000e+00 0.000000e+00 1.000000e+00
    outer loop
      vertex 0.000000e+00 0.000000e+00 5.400000e+01
      vertex -3.670518e+00 9.835124e-01 5.400000e+01
      vertex -3.800000e+00 4.653658e-16 5.400000e+01
    endloop
  endfacet
  facet normal 0.000000e+00 0.000000e+00 1.000000e+00
    outer loop
      vertex 0.000000e+00 0.000000e+00 5.400000e+01
      vertex -3.800000e+00 4.653658e-16 5.400000e+01
      vertex -3.670518e+00 -9.835124e-01 5.400000e+01
    endloop
  endfacet
  facet normal 0.000000e+00 0.000000e+00 1.000000e+00
    outer loop
      vertex 0.000000e+00 0.000000e+00 5.400000e+01
      vertex -3.670518e+00 -9.835124e-01 5.400000e+01
      vertex -3.290897e+00 -1.900000e+00 5.400000e+01
    endloop
  endfacet
  facet normal 0.000000e+00 0.000000e+00 1.000000e+00
    outer loop
      vertex 0.000000e+00 0.000000e+00 5.400000e+01
      vertex -3.290897e+00 -1.900000e+00 5.400000e+01
      vertex -2.687006e+00 -2.687006e+00 5.400000e+01
    endloop
  endfacet
  facet normal 0.000000e+00 0.000000e+00 1.000000e+00
    outer loop
      vertex 0.000000e+00 0.000000e+00 5.400000e+01
      vertex -2.687006e+00 -2.687006e+00 5.400000e+01
      vertex -1.900000e+00 -3.290897e+00 5.400000e+01
    endloop
  endfacet
  facet normal 0.000000e+00 0.000000e+00 1.000000e+00
    outer loop
      vertex 0.000000e+00 0.000000e+00 5.400000e+01
      vertex -1.900000e+00 -3.290897e+00 5.400000e+01
      vertex -9.835124e-01 -3.670518e+00 5.400000e+01
    endloop
  endfacet
  facet normal 0.000000e+00 0.000000e+00 1.000000e+00
    outer loop
      vertex 0.000000e+00 0.000000e+00 5.400000e+01
      vertex -9.835124e-01 -3.670518e+00 5.400000e+01
      vertex -6.980487e-16 -3.800000e+00 5.400000e+01
    endloop
  endfacet
  facet normal 0.000000e+00 0.000000e+00 1.000000e+00
    outer loop
      vertex 0.000000e+00 0.000000e+00 5.400000e+01
      vertex -6.980487e-16 -3.800000e+00 5.400000e+01
      vertex 9.835124e-01 -3.670518e+00 5.400000e+01
    endloop
  endfacet
  facet normal 0.000000e+00 0.000000e+00 1.000000e+00
    outer loop
      vertex 0.000000e+00 0.000000e+00 5.400000e+01
      vertex 9.835124e-01 -3.670518e+00 5.400000e+01
      vertex 1.900000e+00 -3.290897e+00 5.400000e+01
    endloop
  endfacet
  facet normal 0.000000e+00 0.000000e+00 1.000000e+00
    outer loop
      vertex 0.000000e+00 0.000000e+00 5.400000e+01
      vertex 1.900000e+00 -3.290897e+00 5.400000e+01
      vertex 2.687006e+00 -2.687006e+00 5.400000e+01
    endloop
  endfacet
  facet normal 0.000000e+00 0.000000e+00 1.000000e+00
    outer loop
      vertex 0.000000e+00 0.000000e+00 5.400000e+01
      vertex 2.687006e+00 -2.687006e+00 5.400000e+01
      vertex 3.290897e+00 -1.900000e+00 5.400000e+01
    endloop
  endfacet
  facet normal 0.000000e+00 0.000000e+00 1.000000e+00
    outer loop
      vertex 0.000000e+00 0.000000e+00 5.400000e+01
      vertex 3.290897e+00 -1.900000e+00 5.400000e+01
      vertex 3.670518e+00 -9.835124e-01 5.400000e+01
    endloop
  endfacet
  facet normal -0.000000e+00 0.000000e+00 1.000000e+00
    outer loop
      vertex 0.000000e+00 0.000000e+00 5.400000e+01
      vertex 3.670518e+00 -9.835124e-01 5.400000e+01
      vertex 3.800000e+00 0.000000e+00 5.400000e+01
    endloop
  endfacet
  facet normal 9.891874e-01 1.302290e-01 6.744459e-02
    outer loop
      vertex 6.800000e+00 0.000000e+00 1.800000e+01
      vertex 6.568296e+00 1.759970e+00 1.800000e+01
      vertex 6.423407e+00 1.721147e+00 2.020000e+01
    endloop
  endfacet
  facet normal 9.891874e-01 1.302290e-01 6.744459e-02
    outer loop
      vertex 6.800000e+00 0.000000e+00 1.800000e+01
      vertex 6.423407e+00 1.721147e+00 2.020000e+01
      vertex 6.650000e+00 0.000000e+00 2.020000e+01
    endloop
  endfacet
  facet normal 9.217759e-01 3.818121e-01 6.744459e-02
    outer loop
      vertex 6.568296e+00 1.759970e+00 1.800000e+01
      vertex 5.888973e+00 3.400000e+00 1.800000e+01
      vertex 5.759069e+00 3.325000e+00 2.020000e+01
    endloop
  endfacet
  facet normal 9.217759e-01 3.818121e-01 6.744459e-02
    outer loop
      vertex 6.568296e+00 1.759970e+00 1.800000e+01
      vertex 5.759069e+00 3.325000e+00 2.020000e+01
      vertex 6.423407e+00 1.721147e+00 2.020000e+01
    endloop
  endfacet
  facet normal 7.915469e-01 6.073753e-01 6.744459e-02
    outer loop
      vertex 5.888973e+00 3.400000e+00 1.800000e+01
      vertex 4.808326e+00 4.808326e+00 1.800000e+01
      vertex 4.702260e+00 4.702260e+00 2.020000e+01
    endloop
  endfacet
  facet normal 7.915469e-01 6.073753e-01 6.744459e-02
    outer loop
      vertex 5.888973e+00 3.400000e+00 1.800000e+01
      vertex 4.702260e+00 4.702260e+00 2.020000e+01
      vertex 5.759069e+00 3.325000e+00 2.020000e+01
    endloop
  endfacet
  facet normal 6.073753e-01 7.915469e-01 6.744459e-02
    outer loop
      vertex 4.808326e+00 4.808326e+00 1.800000e+01
      vertex 3.400000e+00 5.888973e+00 1.800000e+01
      vertex 3.325000e+00 5.759069e+00 2.020000e+01
    endloop
  endfacet
  facet normal 6.073753e-01 7.915469e-01 6.744459e-02
    outer loop
      vertex 4.808326e+00 4.808326e+00 1.800000e+01
      vertex 3.325000e+00 5.759069e+00 2.020000e+01
      vertex 4.702260e+00 4.702260e+00 2.020000e+01
    endloop
  endfacet
  facet normal 3.818121e-01 9.217759e-01 6.744459e-02
    outer loop
      vertex 3.400000e+00 5.888973e+00 1.800000e+01
      vertex 1.759970e+00 6.568296e+00 1.800000e+01
      vertex 1.721147e+00 6.423407e+00 2.020000e+01
    endloop
  endfacet
  facet normal 3.818121e-01 9.217759e-01 6.744459e-02
    outer loop
      vertex 3.400000e+00 5.888973e+00 1.800000e+01
      vertex 1.721147e+00 6.423407e+00 2.020000e+01
      vertex 3.325000e+00 5.759069e+00 2.020000e+01
    endloop
  endfacet
  facet normal 1.302290e-01 9.891874e-01 6.744459e-02
    outer loop
      vertex 1.759970e+00 6.568296e+00 1.800000e+01
      vertex 4.163799e-16 6.800000e+00 1.800000e+01
      vertex 4.071951e-16 6.650000e+00 2.020000e+01
    endloop
  endfacet
  facet normal 1.302290e-01 9.891874e-01 6.744459e-02
    outer loop
      vertex 1.759970e+00 6.568296e+00 1.800000e+01
      vertex 4.071951e-16 6.650000e+00 2.020000e+01
      vertex 1.721147e+00 6.423407e+00 2.020000e+01
    endloop
  endfacet
  facet normal -1.302290e-01 9.891874e-01 6.744459e-02
    outer loop
      vertex 4.163799e-16 6.800000e+00 1.800000e+01
      vertex -1.759970e+00 6.568296e+00 1.800000e+01
      vertex -1.721147e+00 6.423407e+00 2.020000e+01
    endloop
  endfacet
  facet normal -1.302290e-01 9.891874e-01 6.744459e-02
    outer loop
      vertex 4.163799e-16 6.800000e+00 1.800000e+01
      vertex -1.721147e+00 6.423407e+00 2.020000e+01
      vertex 4.071951e-16 6.650000e+00 2.020000e+01
    endloop
  endfacet
  facet normal -3.818121e-01 9.217759e-01 6.744459e-02
    outer loop
      vertex -1.759970e+00 6.568296e+00 1.800000e+01
      vertex -3.400000e+00 5.888973e+00 1.800000e+01
      vertex -3.325000e+00 5.759069e+00 2.020000e+01
    endloop
  endfacet
  facet normal -3.818121e-01 9.217759e-01 6.744459e-02
    outer loop
      vertex -1.759970e+00 6.568296e+00 1.800000e+01
      vertex -3.325000e+00 5.759069e+00 2.020000e+01
      vertex -1.721147e+00 6.423407e+00 2.020000e+01
    endloop
  endfacet
  facet normal -6.073753e-01 7.915469e-01 6.744459e-02
    outer loop
      vertex -3.400000e+00 5.888973e+00 1.800000e+01
      vertex -4.808326e+00 4.808326e+00 1.800000e+01
      vertex -4.702260e+00 4.702260e+00 2.020000e+01
    endloop
  endfacet
  facet normal -6.073753e-01 7.915469e-01 6.744459e-02
    outer loop
      vertex -3.400000e+00 5.888973e+00 1.800000e+01
      vertex -4.702260e+00 4.702260e+00 2.020000e+01
      vertex -3.325000e+00 5.759069e+00 2.020000e+01
    endloop
  endfacet
  facet normal -7.915469e-01 6.073753e-01 6.744459e-02
    outer loop
      vertex -4.808326e+00 4.808326e+00 1.800000e+01
      vertex -5.888973e+00 3.400000e+00 1.800000e+01
      vertex -5.759069e+00 3.325000e+00 2.020000e+01
    endloop
  endfacet
  facet normal -7.915469e-01 6.073753e-01 6.744459e-02
    outer loop
      vertex -4.808326e+00 4.808326e+00 1.800000e+01
      vertex -5.759069e+00 3.325000e+00 2.020000e+01
      vertex -4.702260e+00 4.702260e+00 2.020000e+01
    endloop
  endfacet
  facet normal -9.217759e-01 3.818121e-01 6.744459e-02
    outer loop
      vertex -5.888973e+00 3.400000e+00 1.800000e+01
      vertex -6.568296e+00 1.759970e+00 1.800000e+01
      vertex -6.423407e+00 1.721147e+00 2.020000e+01
    endloop
  endfacet
  facet normal -9.217759e-01 3.818121e-01 6.744459e-02
    outer loop
      vertex -5.888973e+00 3.400000e+00 1.800000e+01
      vertex -6.423407e+00 1.721147e+00 2.020000e+01
      vertex -5.759069e+00 3.325000e+00 2.020000e+01
    endloop
  endfacet
  facet normal -9.891874e-01 1.302290e-01 6.744459e-02
    outer loop
      vertex -6.568296e+00 1.759970e+00 1.800000e+01
      vertex -6.800000e+00 8.327598e-16 1.800000e+01
      vertex -6.650000e+00 8.143901e-16 2.020000e+01
    endloop
  endfacet
  facet normal -9.891874e-01 1.302290e-01 6.744459e-02
    outer loop
      vertex -6.568296e+00 1.759970e+00 1.800000e+01
      vertex -6.650000e+00 8.143901e-16 2.020000e+01
      vertex -6.423407e+00 1.721147e+00 2.020000e+01
    endloop
  endfacet
  facet normal -9.891874e-01 -1.302290e-01 6.744459e-02
    outer loop
      vertex -6.800000e+00 8.327598e-16 1.800000e+01
      vertex -6.568296e+00 -1.759970e+00 1.800000e+01
      vertex -6.423407e+00 -1.721147e+00 2.020000e+01
    endloop
  endfacet
  facet normal -9.891874e-01 -1.302290e-01 6.744459e-02
    outer loop
      vertex -6.800000e+00 8.327598e-16 1.800000e+01
      vertex -6.423407e+00 -1.721147e+00 2.020000e+01
      vertex -6.650000e+00 8.143901e-16 2.020000e+01
    endloop
  endfacet
  facet normal -9.217759e-01 -3.818121e-01 6.744459e-02
    outer loop
      vertex -6.568296e+00 -1.759970e+00 1.800000e+01
      vertex -5.888973e+00 -3.400000e+00 1.800000e+01
      vertex -5.759069e+00 -3.325000e+00 2.020000e+01
    endloop
  endfacet
  facet normal -9.217759e-01 -3.818121e-01 6.744459e-02
    outer loop
      vertex -6.568296e+00 -1.759970e+00 1.800000e+01
      vertex -5.759069e+00 -3.325000e+00 2.020000e+01
      vertex -6.423407e+00 -1.721147e+00 2.020000e+01
    endloop
  endfacet
  facet normal -7.915469e-01 -6.073753e-01 6.744459e-02
    outer loop
      vertex -5.888973e+00 -3.400000e+00 1.800000e+01
      vertex -4.808326e+00 -4.808326e+00 1.800000e+01
      vertex -4.702260e+00 -4.702260e+00 2.020000e+01
    endloop
  endfacet
  facet normal -7.915469e-01 -6.073753e-01 6.744459e-02
    outer loop
      vertex -5.888973e+00 -3.400000e+00 1.800000e+01
      vertex -4.702260e+00 -4.702260e+00 2.020000e+01
      vertex -5.759069e+00 -3.325000e+00 2.020000e+01
    endloop
  endfacet
  facet normal -6.073753e-01 -7.915469e-01 6.744459e-02
    outer loop
      vertex -4.808326e+00 -4.808326e+00 1.800000e+01
      vertex -3.400000e+00 -5.888973e+00 1.800000e+01
      vertex -3.325000e+00 -5.759069e+00 2.020000e+01
    endloop
  endfacet
  facet normal -6.073753e-01 -7.915469e-01 6.744459e-02
    outer loop
      vertex -4.808326e+00 -4.808326e+00 1.800000e+01
      vertex -3.325000e+00 -5.759069e+00 2.020000e+01
      vertex -4.702260e+00 -4.702260e+00 2.020000e+01
    endloop
  endfacet
  facet normal -3.818121e-01 -9.217759e-01 6.744459e-02
    outer loop
      vertex -3.400000e+00 -5.888973e+00 1.800000e+01
      vertex -1.759970e+00 -6.568296e+00 1.800000e+01
      vertex -1.721147e+00 -6.423407e+00 2.020000e+01
    endloop
  endfacet
  facet normal -3.818121e-01 -9.217759e-01 6.744459e-02
    outer loop
      vertex -3.400000e+00 -5.888973e+00 1.800000e+01
      vertex -1.721147e+00 -6.423407e+00 2.020000e+01
      vertex -3.325000e+00 -5.759069e+00 2.020000e+01
    endloop
  endfacet
  facet normal -1.302290e-01 -9.891874e-01 6.744459e-02
    outer loop
      vertex -1.759970e+00 -6.568296e+00 1.800000e+01
      vertex -1.249140e-15 -6.800000e+00 1.800000e+01
      vertex -1.221585e-15 -6.650000e+00 2.020000e+01
    endloop
  endfacet
  facet normal -1.302290e-01 -9.891874e-01 6.744459e-02
    outer loop
      vertex -1.759970e+00 -6.568296e+00 1.800000e+01
      vertex -1.221585e-15 -6.650000e+00 2.020000e+01
      vertex -1.721147e+00 -6.423407e+00 2.020000e+01
    endloop
  endfacet
  facet normal 1.302290e-01 -9.891874e-01 6.744459e-02
    outer loop
      vertex -1.249140e-15 -6.800000e+00 1.800000e+01
      vertex 1.759970e+00 -6.568296e+00 1.800000e+01
      vertex 1.721147e+00 -6.423407e+00 2.020000e+01
    endloop
  endfacet
  facet normal 1.302290e-01 -9.891874e-01 6.744459e-02
    outer loop
      vertex -1.249140e-15 -6.800000e+00 1.800000e+01
      vertex 1.721147e+00 -6.423407e+00 2.020000e+01
      vertex -1.221585e-15 -6.650000e+00 2.020000e+01
    endloop
  endfacet
  facet normal 3.818121e-01 -9.217759e-01 6.744459e-02
    outer loop
      vertex 1.759970e+00 -6.568296e+00 1.800000e+01
      vertex 3.400000e+00 -5.888973e+00 1.800000e+01
      vertex 3.325000e+00 -5.759069e+00 2.020000e+01
    endloop
  endfacet
  facet normal 3.818121e-01 -9.217759e-01 6.744459e-02
    outer loop
      vertex 1.759970e+00 -6.568296e+00 1.800000e+01
      vertex 3.325000e+00 -5.759069e+00 2.020000e+01
      vertex 1.721147e+00 -6.423407e+00 2.020000e+01
    endloop
  endfacet
  facet normal 6.073753e-01 -7.915469e-01 6.744459e-02
    outer loop
      vertex 3.400000e+00 -5.888973e+00 1.800000e+01
      vertex 4.808326e+00 -4.808326e+00 1.800000e+01
      vertex 4.702260e+00 -4.702260e+00 2.020000e+01
    endloop
  endfacet
  facet normal 6.073753e-01 -7.915469e-01 6.744459e-02
    outer loop
      vertex 3.400000e+00 -5.888973e+00 1.800000e+01
      vertex 4.702260e+00 -4.702260e+00 2.020000e+01
      vertex 3.325000e+00 -5.759069e+00 2.020000e+01
    endloop
  endfacet
  facet normal 7.915469e-01 -6.073753e-01 6.744459e-02
    outer loop
      vertex 4.808326e+00 -4.808326e+00 1.800000e+01
      vertex 5.888973e+00 -3.400000e+00 1.800000e+01
      vertex 5.759069e+00 -3.325000e+00 2.020000e+01
    endloop
  endfacet
  facet normal 7.915469e-01 -6.073753e-01 6.744459e-02
    outer loop
      vertex 4.808326e+00 -4.808326e+00 1.800000e+01
      vertex 5.759069e+00 -3.325000e+00 2.020000e+01
      vertex 4.702260e+00 -4.702260e+00 2.020000e+01
    endloop
  endfacet
  facet normal 9.217759e-01 -3.818121e-01 6.744459e-02
    outer loop
      vertex 5.888973e+00 -3.400000e+00 1.800000e+01
      vertex 6.568296e+00 -1.759970e+00 1.800000e+01
      vertex 6.423407e+00 -1.721147e+00 2.020000e+01
    endloop
  endfacet
  facet normal 9.217759e-01 -3.818121e-01 6.744459e-02
    outer loop
      vertex 5.888973e+00 -3.400000e+00 1.800000e+01
      vertex 6.423407e+00 -1.721147e+00 2.020000e+01
      vertex 5.759069e+00 -3.325000e+00 2.020000e+01
    endloop
  endfacet
  facet normal 9.891874e-01 -1.302290e-01 6.744459e-02
    outer loop
      vertex 6.568296e+00 -1.759970e+00 1.800000e+01
      vertex 6.800000e+00 -1.665520e-15 1.800000e+01
      vertex 6.650000e+00 -1.628780e-15 2.020000e+01
    endloop
  endfacet
  facet normal 9.891874e-01 -1.302290e-01 6.744459e-02
    outer loop
      vertex 6.568296e+00 -1.759970e+00 1.800000e+01
      vertex 6.650000e+00 -1.628780e-15 2.020000e+01
      vertex 6.423407e+00 -1.721147e+00 2.020000e+01
    endloop
  endfacet
  facet normal 9.891874e-01 1.302290e-01 6.744459e-02
    outer loop
      vertex 6.400000e+00 0.000000e+00 2.800000e+01
      vertex 6.181925e+00 1.656442e+00 2.800000e+01
      vertex 6.037036e+00 1.617619e+00 3.020000e+01
    endloop
  endfacet
  facet normal 9.891874e-01 1.302290e-01 6.744459e-02
    outer loop
      vertex 6.400000e+00 0.000000e+00 2.800000e+01
      vertex 6.037036e+00 1.617619e+00 3.020000e+01
      vertex 6.250000e+00 0.000000e+00 3.020000e+01
    endloop
  endfacet
  facet normal 9.217759e-01 3.818121e-01 6.744459e-02
    outer loop
      vertex 6.181925e+00 1.656442e+00 2.800000e+01
      vertex 5.542563e+00 3.200000e+00 2.800000e+01
      vertex 5.412659e+00 3.125000e+00 3.020000e+01
    endloop
  endfacet
  facet normal 9.217759e-01 3.818121e-01 6.744459e-02
    outer loop
      vertex 6.181925e+00 1.656442e+00 2.800000e+01
      vertex 5.412659e+00 3.125000e+00 3.020000e+01
      vertex 6.037036e+00 1.617619e+00 3.020000e+01
    endloop
  endfacet
  facet normal 7.915469e-01 6.073753e-01 6.744459e-02
    outer loop
      vertex 5.542563e+00 3.200000e+00 2.800000e+01
      vertex 4.525483e+00 4.525483e+00 2.800000e+01
      vertex 4.419417e+00 4.419417e+00 3.020000e+01
    endloop
  endfacet
  facet normal 7.915469e-01 6.073753e-01 6.744459e-02
    outer loop
      vertex 5.542563e+00 3.200000e+00 2.800000e+01
      vertex 4.419417e+00 4.419417e+00 3.020000e+01
      vertex 5.412659e+00 3.125000e+00 3.020000e+01
    endloop
  endfacet
  facet normal 6.073753e-01 7.915469e-01 6.744459e-02
    outer loop
      vertex 4.525483e+00 4.525483e+00 2.800000e+01
      vertex 3.200000e+00 5.542563e+00 2.800000e+01
      vertex 3.125000e+00 5.412659e+00 3.020000e+01
    endloop
  endfacet
  facet normal 6.073753e-01 7.915469e-01 6.744459e-02
    outer loop
      vertex 4.525483e+00 4.525483e+00 2.800000e+01
      vertex 3.125000e+00 5.412659e+00 3.020000e+01
      vertex 4.419417e+00 4.419417e+00 3.020000e+01
    endloop
  endfacet
  facet normal 3.818121e-01 9.217759e-01 6.744459e-02
    outer loop
      vertex 3.200000e+00 5.542563e+00 2.800000e+01
      vertex 1.656442e+00 6.181925e+00 2.800000e+01
      vertex 1.617619e+00 6.037036e+00 3.020000e+01
    endloop
  endfacet
  facet normal 3.818121e-01 9.217759e-01 6.744459e-02
    outer loop
      vertex 3.200000e+00 5.542563e+00 2.800000e+01
      vertex 1.617619e+00 6.037036e+00 3.020000e+01
      vertex 3.125000e+00 5.412659e+00 3.020000e+01
    endloop
  endfacet
  facet normal 1.302290e-01 9.891874e-01 6.744459e-02
    outer loop
      vertex 1.656442e+00 6.181925e+00 2.800000e+01
      vertex 3.918870e-16 6.400000e+00 2.800000e+01
      vertex 3.827021e-16 6.250000e+00 3.020000e+01
    endloop
  endfacet
  facet normal 1.302290e-01 9.891874e-01 6.744459e-02
    outer loop
      vertex 1.656442e+00 6.181925e+00 2.800000e+01
      vertex 3.827021e-16 6.250000e+00 3.020000e+01
      vertex 1.617619e+00 6.037036e+00 3.020000e+01
    endloop
  endfacet
  facet normal -1.302290e-01 9.891874e-01 6.744459e-02
    outer loop
      vertex 3.918870e-16 6.400000e+00 2.800000e+01
      vertex -1.656442e+00 6.181925e+00 2.800000e+01
      vertex -1.617619e+00 6.037036e+00 3.020000e+01
    endloop
  endfacet
  facet normal -1.302290e-01 9.891874e-01 6.744459e-02
    outer loop
      vertex 3.918870e-16 6.400000e+00 2.800000e+01
      vertex -1.617619e+00 6.037036e+00 3.020000e+01
      vertex 3.827021e-16 6.250000e+00 3.020000e+01
    endloop
  endfacet
  facet normal -3.818121e-01 9.217759e-01 6.744459e-02
    outer loop
      vertex -1.656442e+00 6.181925e+00 2.800000e+01
      vertex -3.200000e+00 5.542563e+00 2.800000e+01
      vertex -3.125000e+00 5.412659e+00 3.020000e+01
    endloop
  endfacet
  facet normal -3.818121e-01 9.217759e-01 6.744459e-02
    outer loop
      vertex -1.656442e+00 6.181925e+00 2.800000e+01
      vertex -3.125000e+00 5.412659e+00 3.020000e+01
      vertex -1.617619e+00 6.037036e+00 3.020000e+01
    endloop
  endfacet
  facet normal -6.073753e-01 7.915469e-01 6.744459e-02
    outer loop
      vertex -3.200000e+00 5.542563e+00 2.800000e+01
      vertex -4.525483e+00 4.525483e+00 2.800000e+01
      vertex -4.419417e+00 4.419417e+00 3.020000e+01
    endloop
  endfacet
  facet normal -6.073753e-01 7.915469e-01 6.744459e-02
    outer loop
      vertex -3.200000e+00 5.542563e+00 2.800000e+01
      vertex -4.419417e+00 4.419417e+00 3.020000e+01
      vertex -3.125000e+00 5.412659e+00 3.020000e+01
    endloop
  endfacet
  facet normal -7.915469e-01 6.073753e-01 6.744459e-02
    outer loop
      vertex -4.525483e+00 4.525483e+00 2.800000e+01
      vertex -5.542563e+00 3.200000e+00 2.800000e+01
      vertex -5.412659e+00 3.125000e+00 3.020000e+01
    endloop
  endfacet
  facet normal -7.915469e-01 6.073753e-01 6.744459e-02
    outer loop
      vertex -4.525483e+00 4.525483e+00 2.800000e+01
      vertex -5.412659e+00 3.125000e+00 3.020000e+01
      vertex -4.419417e+00 4.419417e+00 3.020000e+01
    endloop
  endfacet
  facet normal -9.217759e-01 3.818121e-01 6.744459e-02
    outer loop
      vertex -5.542563e+00 3.200000e+00 2.800000e+01
      vertex -6.181925e+00 1.656442e+00 2.800000e+01
      vertex -6.037036e+00 1.617619e+00 3.020000e+01
    endloop
  endfacet
  facet normal -9.217759e-01 3.818121e-01 6.744459e-02
    outer loop
      vertex -5.542563e+00 3.200000e+00 2.800000e+01
      vertex -6.037036e+00 1.617619e+00 3.020000e+01
      vertex -5.412659e+00 3.125000e+00 3.020000e+01
    endloop
  endfacet
  facet normal -9.891874e-01 1.302290e-01 6.744459e-02
    outer loop
      vertex -6.181925e+00 1.656442e+00 2.800000e+01
      vertex -6.400000e+00 7.837740e-16 2.800000e+01
      vertex -6.250000e+00 7.654042e-16 3.020000e+01
    endloop
  endfacet
  facet normal -9.891874e-01 1.302290e-01 6.744459e-02
    outer loop
      vertex -6.181925e+00 1.656442e+00 2.800000e+01
      vertex -6.250000e+00 7.654042e-16 3.020000e+01
      vertex -6.037036e+00 1.617619e+00 3.020000e+01
    endloop
  endfacet
  facet normal -9.891874e-01 -1.302290e-01 6.744459e-02
    outer loop
      vertex -6.400000e+00 7.837740e-16 2.800000e+01
      vertex -6.181925e+00 -1.656442e+00 2.800000e+01
      vertex -6.037036e+00 -1.617619e+00 3.020000e+01
    endloop
  endfacet
  facet normal -9.891874e-01 -1.302290e-01 6.744459e-02
    outer loop
      vertex -6.400000e+00 7.837740e-16 2.800000e+01
      vertex -6.037036e+00 -1.617619e+00 3.020000e+01
      vertex -6.250000e+00 7.654042e-16 3.020000e+01
    endloop
  endfacet
  facet normal -9.217759e-01 -3.818121e-01 6.744459e-02
    outer loop
      vertex -6.181925e+00 -1.656442e+00 2.800000e+01
      vertex -5.542563e+00 -3.200000e+00 2.800000e+01
      vertex -5.412659e+00 -3.125000e+00 3.020000e+01
    endloop
  endfacet
  facet normal -9.217759e-01 -3.818121e-01 6.744459e-02
    outer loop
      vertex -6.181925e+00 -1.656442e+00 2.800000e+01
      vertex -5.412659e+00 -3.125000e+00 3.020000e+01
      vertex -6.037036e+00 -1.617619e+00 3.020000e+01
    endloop
  endfacet
  facet normal -7.915469e-01 -6.073753e-01 6.744459e-02
    outer loop
      vertex -5.542563e+00 -3.200000e+00 2.800000e+01
      vertex -4.525483e+00 -4.525483e+00 2.800000e+01
      vertex -4.419417e+00 -4.419417e+00 3.020000e+01
    endloop
  endfacet
  facet normal -7.915469e-01 -6.073753e-01 6.744459e-02
    outer loop
      vertex -5.542563e+00 -3.200000e+00 2.800000e+01
      vertex -4.419417e+00 -4.419417e+00 3.020000e+01
      vertex -5.412659e+00 -3.125000e+00 3.020000e+01
    endloop
  endfacet
  facet normal -6.073753e-01 -7.915469e-01 6.744459e-02
    outer loop
      vertex -4.525483e+00 -4.525483e+00 2.800000e+01
      vertex -3.200000e+00 -5.542563e+00 2.800000e+01
      vertex -3.125000e+00 -5.412659e+00 3.020000e+01
    endloop
  endfacet
  facet normal -6.073753e-01 -7.915469e-01 6.744459e-02
    outer loop
      vertex -4.525483e+00 -4.525483e+00 2.800000e+01
      vertex -3.125000e+00 -5.412659e+00 3.020000e+01
      vertex -4.419417e+00 -4.419417e+00 3.020000e+01
    endloop
  endfacet
  facet normal -3.818121e-01 -9.217759e-01 6.744459e-02
    outer loop
      vertex -3.200000e+00 -5.542563e+00 2.800000e+01
      vertex -1.656442e+00 -6.181925e+00 2.800000e+01
      vertex -1.617619e+00 -6.037036e+00 3.020000e+01
    endloop
  endfacet
  facet normal -3.818121e-01 -9.217759e-01 6.744459e-02
    outer loop
      vertex -3.200000e+00 -5.542563e+00 2.800000e+01
      vertex -1.617619e+00 -6.037036e+00 3.020000e+01
      vertex -3.125000e+00 -5.412659e+00 3.020000e+01
    endloop
  endfacet
  facet normal -1.302290e-01 -9.891874e-01 6.744459e-02
    outer loop
      vertex -1.656442e+00 -6.181925e+00 2.800000e+01
      vertex -1.175661e-15 -6.400000e+00 2.800000e+01
      vertex -1.148106e-15 -6.250000e+00 3.020000e+01
    endloop
  endfacet
  facet normal -1.302290e-01 -9.891874e-01 6.744459e-02
    outer loop
      vertex -1.656442e+00 -6.181925e+00 2.800000e+01
      vertex -1.148106e-15 -6.250000e+00 3.020000e+01
      vertex -1.617619e+00 -6.037036e+00 3.020000e+01
    endloop
  endfacet
  facet normal 1.302290e-01 -9.891874e-01 6.744459e-02
    outer loop
      vertex -1.175661e-15 -6.400000e+00 2.800000e+01
      vertex 1.656442e+00 -6.181925e+00 2.800000e+01
      vertex 1.617619e+00 -6.037036e+00 3.020000e+01
    endloop
  endfacet
  facet normal 1.302290e-01 -9.891874e-01 6.744459e-02
    outer loop
      vertex -1.175661e-15 -6.400000e+00 2.800000e+01
      vertex 1.617619e+00 -6.037036e+00 3.020000e+01
      vertex -1.148106e-15 -6.250000e+00 3.020000e+01
    endloop
  endfacet
  facet normal 3.818121e-01 -9.217759e-01 6.744459e-02
    outer loop
      vertex 1.656442e+00 -6.181925e+00 2.800000e+01
      vertex 3.200000e+00 -5.542563e+00 2.800000e+01
      vertex 3.125000e+00 -5.412659e+00 3.020000e+01
    endloop
  endfacet
  facet normal 3.818121e-01 -9.217759e-01 6.744459e-02
    outer loop
      vertex 1.656442e+00 -6.181925e+00 2.800000e+01
      vertex 3.125000e+00 -5.412659e+00 3.020000e+01
      vertex 1.617619e+00 -6.037036e+00 3.020000e+01
    endloop
  endfacet
  facet normal 6.073753e-01 -7.915469e-01 6.744459e-02
    outer loop
      vertex 3.200000e+00 -5.542563e+00 2.800000e+01
      vertex 4.525483e+00 -4.525483e+00 2.800000e+01
      vertex 4.419417e+00 -4.419417e+00 3.020000e+01
    endloop
  endfacet
  facet normal 6.073753e-01 -7.915469e-01 6.744459e-02
    outer loop
      vertex 3.200000e+00 -5.542563e+00 2.800000e+01
      vertex 4.419417e+00 -4.419417e+00 3.020000e+01
      vertex 3.125000e+00 -5.412659e+00 3.020000e+01
    endloop
  endfacet
  facet normal 7.915469e-01 -6.073753e-01 6.744459e-02
    outer loop
      vertex 4.525483e+00 -4.525483e+00 2.800000e+01
      vertex 5.542563e+00 -3.200000e+00 2.800000e+01
      vertex 5.412659e+00 -3.125000e+00 3.020000e+01
    endloop
  endfacet
  facet normal 7.915469e-01 -6.073753e-01 6.744459e-02
    outer loop
      vertex 4.525483e+00 -4.525483e+00 2.800000e+01
      vertex 5.412659e+00 -3.125000e+00 3.020000e+01
      vertex 4.419417e+00 -4.419417e+00 3.020000e+01
    endloop
  endfacet
  facet normal 9.217759e-01 -3.818121e-01 6.744459e-02
    outer loop
      vertex 5.542563e+00 -3.200000e+00 2.800000e+01
      vertex 6.181925e+00 -1.656442e+00 2.800000e+01
      vertex 6.037036e+00 -1.617619e+00 3.020000e+01
    endloop
  endfacet
  facet normal 9.217759e-01 -3.818121e-01 6.744459e-02
    outer loop
      vertex 5.542563e+00 -3.200000e+00 2.800000e+01
      vertex 6.037036e+00 -1.617619e+00 3.020000e+01
      vertex 5.412659e+00 -3.125000e+00 3.020000e+01
    endloop
  endfacet
  facet normal 9.891874e-01 -1.302290e-01 6.744459e-02
    outer loop
      vertex 6.181925e+00 -1.656442e+00 2.800000e+01
      vertex 6.400000e+00 -1.567548e-15 2.800000e+01
      vertex 6.250000e+00 -1.530808e-15 3.020000e+01
    endloop
  endfacet
  facet normal 9.891874e-01 -1.302290e-01 6.744459e-02
    outer loop
      vertex 6.181925e+00 -1.656442e+00 2.800000e+01
      vertex 6.250000e+00 -1.530808e-15 3.020000e+01
      vertex 6.037036e+00 -1.617619e+00 3.020000e+01
    endloop
  endfacet
  facet normal 9.891874e-01 1.302290e-01 6.744459e-02
    outer loop
      vertex 5.800000e+00 0.000000e+00 3.800000e+01
      vertex 5.602370e+00 1.501150e+00 3.800000e+01
      vertex 5.457481e+00 1.462328e+00 4.020000e+01
    endloop
  endfacet
  facet normal 9.891874e-01 1.302290e-01 6.744459e-02
    outer loop
      vertex 5.800000e+00 0.000000e+00 3.800000e+01
      vertex 5.457481e+00 1.462328e+00 4.020000e+01
      vertex 5.650000e+00 0.000000e+00 4.020000e+01
    endloop
  endfacet
  facet normal 9.217759e-01 3.818121e-01 6.744459e-02
    outer loop
      vertex 5.602370e+00 1.501150e+00 3.800000e+01
      vertex 5.022947e+00 2.900000e+00 3.800000e+01
      vertex 4.893044e+00 2.825000e+00 4.020000e+01
    endloop
  endfacet
  facet normal 9.217759e-01 3.818121e-01 6.744459e-02
    outer loop
      vertex 5.602370e+00 1.501150e+00 3.800000e+01
      vertex 4.893044e+00 2.825000e+00 4.020000e+01
      vertex 5.457481e+00 1.462328e+00 4.020000e+01
    endloop
  endfacet
  facet normal 7.915469e-01 6.073753e-01 6.744459e-02
    outer loop
      vertex 5.022947e+00 2.900000e+00 3.800000e+01
      vertex 4.101219e+00 4.101219e+00 3.800000e+01
      vertex 3.995153e+00 3.995153e+00 4.020000e+01
    endloop
  endfacet
  facet normal 7.915469e-01 6.073753e-01 6.744459e-02
    outer loop
      vertex 5.022947e+00 2.900000e+00 3.800000e+01
      vertex 3.995153e+00 3.995153e+00 4.020000e+01
      vertex 4.893044e+00 2.825000e+00 4.020000e+01
    endloop
  endfacet
  facet normal 6.073753e-01 7.915469e-01 6.744459e-02
    outer loop
      vertex 4.101219e+00 4.101219e+00 3.800000e+01
      vertex 2.900000e+00 5.022947e+00 3.800000e+01
      vertex 2.825000e+00 4.893044e+00 4.020000e+01
    endloop
  endfacet
  facet normal 6.073753e-01 7.915469e-01 6.744459e-02
    outer loop
      vertex 4.101219e+00 4.101219e+00 3.800000e+01
      vertex 2.825000e+00 4.893044e+00 4.020000e+01
      vertex 3.995153e+00 3.995153e+00 4.020000e+01
    endloop
  endfacet
  facet normal 3.818121e-01 9.217759e-01 6.744459e-02
    outer loop
      vertex 2.900000e+00 5.022947e+00 3.800000e+01
      vertex 1.501150e+00 5.602370e+00 3.800000e+01
      vertex 1.462328e+00 5.457481e+00 4.020000e+01
    endloop
  endfacet
  facet normal 3.818121e-01 9.217759e-01 6.744459e-02
    outer loop
      vertex 2.900000e+00 5.022947e+00 3.800000e+01
      vertex 1.462328e+00 5.457481e+00 4.020000e+01
      vertex 2.825000e+00 4.893044e+00 4.020000e+01
    endloop
  endfacet
  facet normal 1.302290e-01 9.891874e-01 6.744459e-02
    outer loop
      vertex 1.501150e+00 5.602370e+00 3.800000e+01
      vertex 3.551476e-16 5.800000e+00 3.800000e+01
      vertex 3.459627e-16 5.650000e+00 4.020000e+01
    endloop
  endfacet
  facet normal 1.302290e-01 9.891874e-01 6.744459e-02
    outer loop
      vertex 1.501150e+00 5.602370e+00 3.800000e+01
      vertex 3.459627e-16 5.650000e+00 4.020000e+01
      vertex 1.462328e+00 5.457481e+00 4.020000e+01
    endloop
  endfacet
  facet normal -1.302290e-01 9.891874e-01 6.744459e-02
    outer loop
      vertex 3.551476e-16 5.800000e+00 3.800000e+01
      vertex -1.501150e+00 5.602370e+00 3.800000e+01
      vertex -1.462328e+00 5.457481e+00 4.020000e+01
    endloop
  endfacet
  facet normal -1.302290e-01 9.891874e-01 6.744459e-02
    outer loop
      vertex 3.551476e-16 5.800000e+00 3.800000e+01
      vertex -1.462328e+00 5.457481e+00 4.020000e+01
      vertex 3.459627e-16 5.650000e+00 4.020000e+01
    endloop
  endfacet
  facet normal -3.818121e-01 9.217759e-01 6.744459e-02
    outer loop
      vertex -1.501150e+00 5.602370e+00 3.800000e+01
      vertex -2.900000e+00 5.022947e+00 3.800000e+01
      vertex -2.825000e+00 4.893044e+00 4.020000e+01
    endloop
  endfacet
  facet normal -3.818121e-01 9.217759e-01 6.744459e-02
    outer loop
      vertex -1.501150e+00 5.602370e+00 3.800000e+01
      vertex -2.825000e+00 4.893044e+00 4.020000e+01
      vertex -1.462328e+00 5.457481e+00 4.020000e+01
    endloop
  endfacet
  facet normal -6.073753e-01 7.915469e-01 6.744459e-02
    outer loop
      vertex -2.900000e+00 5.022947e+00 3.800000e+01
      vertex -4.101219e+00 4.101219e+00 3.800000e+01
      vertex -3.995153e+00 3.995153e+00 4.020000e+01
    endloop
  endfacet
  facet normal -6.073753e-01 7.915469e-01 6.744459e-02
    outer loop
      vertex -2.900000e+00 5.022947e+00 3.800000e+01
      vertex -3.995153e+00 3.995153e+00 4.020000e+01
      vertex -2.825000e+00 4.893044e+00 4.020000e+01
    endloop
  endfacet
  facet normal -7.915469e-01 6.073753e-01 6.744459e-02
    outer loop
      vertex -4.101219e+00 4.101219e+00 3.800000e+01
      vertex -5.022947e+00 2.900000e+00 3.800000e+01
      vertex -4.893044e+00 2.825000e+00 4.020000e+01
    endloop
  endfacet
  facet normal -7.915469e-01 6.073753e-01 6.744459e-02
    outer loop
      vertex -4.101219e+00 4.101219e+00 3.800000e+01
      vertex -4.893044e+00 2.825000e+00 4.020000e+01
      vertex -3.995153e+00 3.995153e+00 4.020000e+01
    endloop
  endfacet
  facet normal -9.217759e-01 3.818121e-01 6.744459e-02
    outer loop
      vertex -5.022947e+00 2.900000e+00 3.800000e+01
      vertex -5.602370e+00 1.501150e+00 3.800000e+01
      vertex -5.457481e+00 1.462328e+00 4.020000e+01
    endloop
  endfacet
  facet normal -9.217759e-01 3.818121e-01 6.744459e-02
    outer loop
      vertex -5.022947e+00 2.900000e+00 3.800000e+01
      vertex -5.457481e+00 1.462328e+00 4.020000e+01
      vertex -4.893044e+00 2.825000e+00 4.020000e+01
    endloop
  endfacet
  facet normal -9.891874e-01 1.302290e-01 6.744459e-02
    outer loop
      vertex -5.602370e+00 1.501150e+00 3.800000e+01
      vertex -5.800000e+00 7.102951e-16 3.800000e+01
      vertex -5.650000e+00 6.919254e-16 4.020000e+01
    endloop
  endfacet
  facet normal -9.891874e-01 1.302290e-01 6.744459e-02
    outer loop
      vertex -5.602370e+00 1.501150e+00 3.800000e+01
      vertex -5.650000e+00 6.919254e-16 4.020000e+01
      vertex -5.457481e+00 1.462328e+00 4.020000e+01
    endloop
  endfacet
  facet normal -9.891874e-01 -1.302290e-01 6.744459e-02
    outer loop
      vertex -5.800000e+00 7.102951e-16 3.800000e+01
      vertex -5.602370e+00 -1.501150e+00 3.800000e+01
      vertex -5.457481e+00 -1.462328e+00 4.020000e+01
    endloop
  endfacet
  facet normal -9.891874e-01 -1.302290e-01 6.744459e-02
    outer loop
      vertex -5.800000e+00 7.102951e-16 3.800000e+01
      vertex -5.457481e+00 -1.462328e+00 4.020000e+01
      vertex -5.650000e+00 6.919254e-16 4.020000e+01
    endloop
  endfacet
  facet normal -9.217759e-01 -3.818121e-01 6.744459e-02
    outer loop
      vertex -5.602370e+00 -1.501150e+00 3.800000e+01
      vertex -5.022947e+00 -2.900000e+00 3.800000e+01
      vertex -4.893044e+00 -2.825000e+00 4.020000e+01
    endloop
  endfacet
  facet normal -9.217759e-01 -3.818121e-01 6.744459e-02
    outer loop
      vertex -5.602370e+00 -1.501150e+00 3.800000e+01
      vertex -4.893044e+00 -2.825000e+00 4.020000e+01
      vertex -5.457481e+00 -1.462328e+00 4.020000e+01
    endloop
  endfacet
  facet normal -7.915469e-01 -6.073753e-01 6.744459e-02
    outer loop
      vertex -5.022947e+00 -2.900000e+00 3.800000e+01
      vertex -4.101219e+00 -4.101219e+00 3.800000e+01
      vertex -3.995153e+00 -3.995153e+00 4.020000e+01
    endloop
  endfacet
  facet normal -7.915469e-01 -6.073753e-01 6.744459e-02
    outer loop
      vertex -5.022947e+00 -2.900000e+00 3.800000e+01
      vertex -3.995153e+00 -3.995153e+00 4.020000e+01
      vertex -4.893044e+00 -2.825000e+00 4.020000e+01
    endloop
  endfacet
  facet normal -6.073753e-01 -7.915469e-01 6.744459e-02
    outer loop
      vertex -4.101219e+00 -4.101219e+00 3.800000e+01
      vertex -2.900000e+00 -5.022947e+00 3.800000e+01
      vertex -2.825000e+00 -4.893044e+00 4.020000e+01
    endloop
  endfacet
  facet normal -6.073753e-01 -7.915469e-01 6.744459e-02
    outer loop
      vertex -4.101219e+00 -4.101219e+00 3.800000e+01
      vertex -2.825000e+00 -4.893044e+00 4.020000e+01
      vertex -3.995153e+00 -3.995153e+00 4.020000e+01
    endloop
  endfacet
  facet normal -3.818121e-01 -9.217759e-01 6.744459e-02
    outer loop
      vertex -2.900000e+00 -5.022947e+00 3.800000e+01
      vertex -1.501150e+00 -5.602370e+00 3.800000e+01
      vertex -1.462328e+00 -5.457481e+00 4.020000e+01
    endloop
  endfacet
  facet normal -3.818121e-01 -9.217759e-01 6.744459e-02
    outer loop
      vertex -2.900000e+00 -5.022947e+00 3.800000e+01
      vertex -1.462328e+00 -5.457481e+00 4.020000e+01
      vertex -2.825000e+00 -4.893044e+00 4.020000e+01
    endloop
  endfacet
  facet normal -1.302290e-01 -9.891874e-01 6.744459e-02
    outer loop
      vertex -1.501150e+00 -5.602370e+00 3.800000e+01
      vertex -1.065443e-15 -5.800000e+00 3.800000e+01
      vertex -1.037888e-15 -5.650000e+00 4.020000e+01
    endloop
  endfacet
  facet normal -1.302290e-01 -9.891874e-01 6.744459e-02
    outer loop
      vertex -1.501150e+00 -5.602370e+00 3.800000e+01
      vertex -1.037888e-15 -5.650000e+00 4.020000e+01
      vertex -1.462328e+00 -5.457481e+00 4.020000e+01
    endloop
  endfacet
  facet normal 1.302290e-01 -9.891874e-01 6.744459e-02
    outer loop
      vertex -1.065443e-15 -5.800000e+00 3.800000e+01
      vertex 1.501150e+00 -5.602370e+00 3.800000e+01
      vertex 1.462328e+00 -5.457481e+00 4.020000e+01
    endloop
  endfacet
  facet normal 1.302290e-01 -9.891874e-01 6.744459e-02
    outer loop
      vertex -1.065443e-15 -5.800000e+00 3.800000e+01
      vertex 1.462328e+00 -5.457481e+00 4.020000e+01
      vertex -1.037888e-15 -5.650000e+00 4.020000e+01
    endloop
  endfacet
  facet normal 3.818121e-01 -9.217759e-01 6.744459e-02
    outer loop
      vertex 1.501150e+00 -5.602370e+00 3.800000e+01
      vertex 2.900000e+00 -5.022947e+00 3.800000e+01
      vertex 2.825000e+00 -4.893044e+00 4.020000e+01
    endloop
  endfacet
  facet normal 3.818121e-01 -9.217759e-01 6.744459e-02
    outer loop
      vertex 1.501150e+00 -5.602370e+00 3.800000e+01
      vertex 2.825000e+00 -4.893044e+00 4.020000e+01
      vertex 1.462328e+00 -5.457481e+00 4.020000e+01
    endloop
  endfacet
  facet normal 6.073753e-01 -7.915469e-01 6.744459e-02
    outer loop
      vertex 2.900000e+00 -5.022947e+00 3.800000e+01
      vertex 4.101219e+00 -4.101219e+00 3.800000e+01
      vertex 3.995153e+00 -3.995153e+00 4.020000e+01
    endloop
  endfacet
  facet normal 6.073753e-01 -7.915469e-01 6.744459e-02
    outer loop
      vertex 2.900000e+00 -5.022947e+00 3.800000e+01
      vertex 3.995153e+00 -3.995153e+00 4.020000e+01
      vertex 2.825000e+00 -4.893044e+00 4.020000e+01
    endloop
  endfacet
  facet normal 7.915469e-01 -6.073753e-01 6.744459e-02
    outer loop
      vertex 4.101219e+00 -4.101219e+00 3.800000e+01
      vertex 5.022947e+00 -2.900000e+00 3.800000e+01
      vertex 4.893044e+00 -2.825000e+00 4.020000e+01
    endloop
  endfacet
  facet normal 7.915469e-01 -6.073753e-01 6.744459e-02
    outer loop
      vertex 4.101219e+00 -4.101219e+00 3.800000e+01
      vertex 4.893044e+00 -2.825000e+00 4.020000e+01
      vertex 3.995153e+00 -3.995153e+00 4.020000e+01
    endloop
  endfacet
  facet normal 9.217759e-01 -3.818121e-01 6.744459e-02
    outer loop
      vertex 5.022947e+00 -2.900000e+00 3.800000e+01
      vertex 5.602370e+00 -1.501150e+00 3.800000e+01
      vertex 5.457481e+00 -1.462328e+00 4.020000e+01
    endloop
  endfacet
  facet normal 9.217759e-01 -3.818121e-01 6.744459e-02
    outer loop
      vertex 5.022947e+00 -2.900000e+00 3.800000e+01
      vertex 5.457481e+00 -1.462328e+00 4.020000e+01
      vertex 4.893044e+00 -2.825000e+00 4.020000e+01
    endloop
  endfacet
  facet normal 9.891874e-01 -1.302290e-01 6.744459e-02
    outer loop
      vertex 5.602370e+00 -1.501150e+00 3.800000e+01
      vertex 5.800000e+00 -1.420590e-15 3.800000e+01
      vertex 5.650000e+00 -1.383851e-15 4.020000e+01
    endloop
  endfacet
  facet normal 9.891874e-01 -1.302290e-01 6.744459e-02
    outer loop
      vertex 5.602370e+00 -1.501150e+00 3.800000e+01
      vertex 5.650000e+00 -1.383851e-15 4.020000e+01
      vertex 5.457481e+00 -1.462328e+00 4.020000e+01
    endloop
  endfacet
  facet normal 0.000000e+00 0.000000e+00 -1.000000e+00
    outer loop
      vertex -3.500000e+00 -3.200000e+00 5.200000e+01
      vertex -3.500000e+00 3.200000e+00 5.200000e+01
      vertex 8.500000e+00 3.200000e+00 5.200000e+01
    endloop
  endfacet
  facet normal 0.000000e+00 0.000000e+00 -1.000000e+00
    outer loop
      vertex -3.500000e+00 -3.200000e+00 5.200000e+01
      vertex 8.500000e+00 3.200000e+00 5.200000e+01
      vertex 8.500000e+00 -3.200000e+00 5.200000e+01
    endloop
  endfacet
  facet normal 0.000000e+00 0.000000e+00 1.000000e+00
    outer loop
      vertex -3.500000e+00 -3.200000e+00 6.050000e+01
      vertex 8.500000e+00 -3.200000e+00 6.050000e+01
      vertex 8.500000e+00 3.200000e+00 6.050000e+01
    endloop
  endfacet
  facet normal 0.000000e+00 0.000000e+00 1.000000e+00
    outer loop
      vertex -3.500000e+00 -3.200000e+00 6.050000e+01
      vertex 8.500000e+00 3.200000e+00 6.050000e+01
      vertex -3.500000e+00 3.200000e+00 6.050000e+01
    endloop
  endfacet
  facet normal 0.000000e+00 -1.000000e+00 0.000000e+00
    outer loop
      vertex -3.500000e+00 -3.200000e+00 5.200000e+01
      vertex 8.500000e+00 -3.200000e+00 5.200000e+01
      vertex 8.500000e+00 -3.200000e+00 6.050000e+01
    endloop
  endfacet
  facet normal 0.000000e+00 -1.000000e+00 0.000000e+00
    outer loop
      vertex -3.500000e+00 -3.200000e+00 5.200000e+01
      vertex 8.500000e+00 -3.200000e+00 6.050000e+01
      vertex -3.500000e+00 -3.200000e+00 6.050000e+01
    endloop
  endfacet
  facet normal 1.000000e+00 0.000000e+00 0.000000e+00
    outer loop
      vertex 8.500000e+00 -3.200000e+00 5.200000e+01
      vertex 8.500000e+00 3.200000e+00 5.200000e+01
      vertex 8.500000e+00 3.200000e+00 6.050000e+01
    endloop
  endfacet
  facet normal 1.000000e+00 0.000000e+00 0.000000e+00
    outer loop
      vertex 8.500000e+00 -3.200000e+00 5.200000e+01
      vertex 8.500000e+00 3.200000e+00 6.050000e+01
      vertex 8.500000e+00 -3.200000e+00 6.050000e+01
    endloop
  endfacet
  facet normal 0.000000e+00 1.000000e+00 0.000000e+00
    outer loop
      vertex 8.500000e+00 3.200000e+00 5.200000e+01
      vertex -3.500000e+00 3.200000e+00 5.200000e+01
      vertex -3.500000e+00 3.200000e+00 6.050000e+01
    endloop
  endfacet
  facet normal 0.000000e+00 1.000000e+00 -0.000000e+00
    outer loop
      vertex 8.500000e+00 3.200000e+00 5.200000e+01
      vertex -3.500000e+00 3.200000e+00 6.050000e+01
      vertex 8.500000e+00 3.200000e+00 6.050000e+01
    endloop
  endfacet
  facet normal -1.000000e+00 0.000000e+00 0.000000e+00
    outer loop
      vertex -3.500000e+00 3.200000e+00 5.200000e+01
      vertex -3.500000e+00 -3.200000e+00 5.200000e+01
      vertex -3.500000e+00 -3.200000e+00 6.050000e+01
    endloop
  endfacet
  facet normal -1.000000e+00 0.000000e+00 0.000000e+00
    outer loop
      vertex -3.500000e+00 3.200000e+00 5.200000e+01
      vertex -3.500000e+00 -3.200000e+00 6.050000e+01
      vertex -3.500000e+00 3.200000e+00 6.050000e+01
    endloop
  endfacet
  facet normal 0.000000e+00 0.000000e+00 -1.000000e+00
    outer loop
      vertex 5.500000e+00 -2.400000e+00 5.400000e+01
      vertex 5.500000e+00 2.400000e+00 5.400000e+01
      vertex 1.100000e+01 2.400000e+00 5.400000e+01
    endloop
  endfacet
  facet normal 0.000000e+00 0.000000e+00 -1.000000e+00
    outer loop
      vertex 5.500000e+00 -2.400000e+00 5.400000e+01
      vertex 1.100000e+01 2.400000e+00 5.400000e+01
      vertex 1.100000e+01 -2.400000e+00 5.400000e+01
    endloop
  endfacet
  facet normal 0.000000e+00 0.000000e+00 1.000000e+00
    outer loop
      vertex 5.500000e+00 -2.400000e+00 5.900000e+01
      vertex 1.100000e+01 -2.400000e+00 5.900000e+01
      vertex 1.100000e+01 2.400000e+00 5.900000e+01
    endloop
  endfacet
  facet normal 0.000000e+00 0.000000e+00 1.000000e+00
    outer loop
      vertex 5.500000e+00 -2.400000e+00 5.900000e+01
      vertex 1.100000e+01 2.400000e+00 5.900000e+01
      vertex 5.500000e+00 2.400000e+00 5.900000e+01
    endloop
  endfacet
  facet normal 0.000000e+00 -1.000000e+00 0.000000e+00
    outer loop
      vertex 5.500000e+00 -2.400000e+00 5.400000e+01
      vertex 1.100000e+01 -2.400000e+00 5.400000e+01
      vertex 1.100000e+01 -2.400000e+00 5.900000e+01
    endloop
  endfacet
  facet normal 0.000000e+00 -1.000000e+00 0.000000e+00
    outer loop
      vertex 5.500000e+00 -2.400000e+00 5.400000e+01
      vertex 1.100000e+01 -2.400000e+00 5.900000e+01
      vertex 5.500000e+00 -2.400000e+00 5.900000e+01
    endloop
  endfacet
  facet normal 1.000000e+00 0.000000e+00 0.000000e+00
    outer loop
      vertex 1.100000e+01 -2.400000e+00 5.400000e+01
      vertex 1.100000e+01 2.400000e+00 5.400000e+01
      vertex 1.100000e+01 2.400000e+00 5.900000e+01
    endloop
  endfacet
  facet normal 1.000000e+00 0.000000e+00 0.000000e+00
    outer loop
      vertex 1.100000e+01 -2.400000e+00 5.400000e+01
      vertex 1.100000e+01 2.400000e+00 5.900000e+01
      vertex 1.100000e+01 -2.400000e+00 5.900000e+01
    endloop
  endfacet
  facet normal 0.000000e+00 1.000000e+00 0.000000e+00
    outer loop
      vertex 1.100000e+01 2.400000e+00 5.400000e+01
      vertex 5.500000e+00 2.400000e+00 5.400000e+01
      vertex 5.500000e+00 2.400000e+00 5.900000e+01
    endloop
  endfacet
  facet normal 0.000000e+00 1.000000e+00 -0.000000e+00
    outer loop
      vertex 1.100000e+01 2.400000e+00 5.400000e+01
      vertex 5.500000e+00 2.400000e+00 5.900000e+01
      vertex 1.100000e+01 2.400000e+00 5.900000e+01
    endloop
  endfacet
  facet normal -1.000000e+00 0.000000e+00 0.000000e+00
    outer loop
      vertex 5.500000e+00 2.400000e+00 5.400000e+01
      vertex 5.500000e+00 -2.400000e+00 5.400000e+01
      vertex 5.500000e+00 -2.400000e+00 5.900000e+01
    endloop
  endfacet
  facet normal -1.000000e+00 0.000000e+00 0.000000e+00
    outer loop
      vertex 5.500000e+00 2.400000e+00 5.400000e+01
      vertex 5.500000e+00 -2.400000e+00 5.900000e+01
      vertex 5.500000e+00 2.400000e+00 5.900000e+01
    endloop
  endfacet
  facet normal 0.000000e+00 0.000000e+00 -1.000000e+00
    outer loop
      vertex 8.000000e+00 -2.400000e+00 5.720000e+01
      vertex 8.000000e+00 2.400000e+00 5.720000e+01
      vertex 1.220000e+01 2.400000e+00 5.720000e+01
    endloop
  endfacet
  facet normal 0.000000e+00 0.000000e+00 -1.000000e+00
    outer loop
      vertex 8.000000e+00 -2.400000e+00 5.720000e+01
      vertex 1.220000e+01 2.400000e+00 5.720000e+01
      vertex 1.220000e+01 -2.400000e+00 5.720000e+01
    endloop
  endfacet
  facet normal 0.000000e+00 0.000000e+00 1.000000e+00
    outer loop
      vertex 8.000000e+00 -2.400000e+00 6.000000e+01
      vertex 1.220000e+01 -2.400000e+00 6.000000e+01
      vertex 1.220000e+01 2.400000e+00 6.000000e+01
    endloop
  endfacet
  facet normal 0.000000e+00 0.000000e+00 1.000000e+00
    outer loop
      vertex 8.000000e+00 -2.400000e+00 6.000000e+01
      vertex 1.220000e+01 2.400000e+00 6.000000e+01
      vertex 8.000000e+00 2.400000e+00 6.000000e+01
    endloop
  endfacet
  facet normal 0.000000e+00 -1.000000e+00 0.000000e+00
    outer loop
      vertex 8.000000e+00 -2.400000e+00 5.720000e+01
      vertex 1.220000e+01 -2.400000e+00 5.720000e+01
      vertex 1.220000e+01 -2.400000e+00 6.000000e+01
    endloop
  endfacet
  facet normal 0.000000e+00 -1.000000e+00 0.000000e+00
    outer loop
      vertex 8.000000e+00 -2.400000e+00 5.720000e+01
      vertex 1.220000e+01 -2.400000e+00 6.000000e+01
      vertex 8.000000e+00 -2.400000e+00 6.000000e+01
    endloop
  endfacet
  facet normal 1.000000e+00 0.000000e+00 0.000000e+00
    outer loop
      vertex 1.220000e+01 -2.400000e+00 5.720000e+01
      vertex 1.220000e+01 2.400000e+00 5.720000e+01
      vertex 1.220000e+01 2.400000e+00 6.000000e+01
    endloop
  endfacet
  facet normal 1.000000e+00 0.000000e+00 0.000000e+00
    outer loop
      vertex 1.220000e+01 -2.400000e+00 5.720000e+01
      vertex 1.220000e+01 2.400000e+00 6.000000e+01
      vertex 1.220000e+01 -2.400000e+00 6.000000e+01
    endloop
  endfacet
  facet normal 0.000000e+00 1.000000e+00 0.000000e+00
    outer loop
      vertex 1.220000e+01 2.400000e+00 5.720000e+01
      vertex 8.000000e+00 2.400000e+00 5.720000e+01
      vertex 8.000000e+00 2.400000e+00 6.000000e+01
    endloop
  endfacet
  facet normal 0.000000e+00 1.000000e+00 -0.000000e+00
    outer loop
      vertex 1.220000e+01 2.400000e+00 5.720000e+01
      vertex 8.000000e+00 2.400000e+00 6.000000e+01
      vertex 1.220000e+01 2.400000e+00 6.000000e+01
    endloop
  endfacet
  facet normal -1.000000e+00 0.000000e+00 0.000000e+00
    outer loop
      vertex 8.000000e+00 2.400000e+00 5.720000e+01
      vertex 8.000000e+00 -2.400000e+00 5.720000e+01
      vertex 8.000000e+00 -2.400000e+00 6.000000e+01
    endloop
  endfacet
  facet normal -1.000000e+00 0.000000e+00 0.000000e+00
    outer loop
      vertex 8.000000e+00 2.400000e+00 5.720000e+01
      vertex 8.000000e+00 -2.400000e+00 6.000000e+01
      vertex 8.000000e+00 2.400000e+00 6.000000e+01
    endloop
  endfacet
  facet normal 0.000000e+00 0.000000e+00 -1.000000e+00
    outer loop
      vertex 8.000000e+00 -2.400000e+00 5.300000e+01
      vertex 8.000000e+00 2.400000e+00 5.300000e+01
      vertex 1.220000e+01 2.400000e+00 5.300000e+01
    endloop
  endfacet
  facet normal 0.000000e+00 0.000000e+00 -1.000000e+00
    outer loop
      vertex 8.000000e+00 -2.400000e+00 5.300000e+01
      vertex 1.220000e+01 2.400000e+00 5.300000e+01
      vertex 1.220000e+01 -2.400000e+00 5.300000e+01
    endloop
  endfacet
  facet normal 0.000000e+00 0.000000e+00 1.000000e+00
    outer loop
      vertex 8.000000e+00 -2.400000e+00 5.560000e+01
      vertex 1.220000e+01 -2.400000e+00 5.560000e+01
      vertex 1.220000e+01 2.400000e+00 5.560000e+01
    endloop
  endfacet
  facet normal 0.000000e+00 0.000000e+00 1.000000e+00
    outer loop
      vertex 8.000000e+00 -2.400000e+00 5.560000e+01
      vertex 1.220000e+01 2.400000e+00 5.560000e+01
      vertex 8.000000e+00 2.400000e+00 5.560000e+01
    endloop
  endfacet
  facet normal 0.000000e+00 -1.000000e+00 0.000000e+00
    outer loop
      vertex 8.000000e+00 -2.400000e+00 5.300000e+01
      vertex 1.220000e+01 -2.400000e+00 5.300000e+01
      vertex 1.220000e+01 -2.400000e+00 5.560000e+01
    endloop
  endfacet
  facet normal 0.000000e+00 -1.000000e+00 0.000000e+00
    outer loop
      vertex 8.000000e+00 -2.400000e+00 5.300000e+01
      vertex 1.220000e+01 -2.400000e+00 5.560000e+01
      vertex 8.000000e+00 -2.400000e+00 5.560000e+01
    endloop
  endfacet
  facet normal 1.000000e+00 0.000000e+00 0.000000e+00
    outer loop
      vertex 1.220000e+01 -2.400000e+00 5.300000e+01
      vertex 1.220000e+01 2.400000e+00 5.300000e+01
      vertex 1.220000e+01 2.400000e+00 5.560000e+01
    endloop
  endfacet
  facet normal 1.000000e+00 0.000000e+00 0.000000e+00
    outer loop
      vertex 1.220000e+01 -2.400000e+00 5.300000e+01
      vertex 1.220000e+01 2.400000e+00 5.560000e+01
      vertex 1.220000e+01 -2.400000e+00 5.560000e+01
    endloop
  endfacet
  facet normal 0.000000e+00 1.000000e+00 0.000000e+00
    outer loop
      vertex 1.220000e+01 2.400000e+00 5.300000e+01
      vertex 8.000000e+00 2.400000e+00 5.300000e+01
      vertex 8.000000e+00 2.400000e+00 5.560000e+01
    endloop
  endfacet
  facet normal 0.000000e+00 1.000000e+00 -0.000000e+00
    outer loop
      vertex 1.220000e+01 2.400000e+00 5.300000e+01
      vertex 8.000000e+00 2.400000e+00 5.560000e+01
      vertex 1.220000e+01 2.400000e+00 5.560000e+01
    endloop
  endfacet
  facet normal -1.000000e+00 0.000000e+00 0.000000e+00
    outer loop
      vertex 8.000000e+00 2.400000e+00 5.300000e+01
      vertex 8.000000e+00 -2.400000e+00 5.300000e+01
      vertex 8.000000e+00 -2.400000e+00 5.560000e+01
    endloop
  endfacet
  facet normal -1.000000e+00 0.000000e+00 0.000000e+00
    outer loop
      vertex 8.000000e+00 2.400000e+00 5.300000e+01
      vertex 8.000000e+00 -2.400000e+00 5.560000e+01
      vertex 8.000000e+00 2.400000e+00 5.560000e+01
    endloop
  endfacet
  facet normal 0.000000e+00 0.000000e+00 -1.000000e+00
    outer loop
      vertex 2.000000e+00 2.000000e+00 5.950000e+01
      vertex 2.000000e+00 4.600000e+00 5.950000e+01
      vertex 4.600000e+00 4.600000e+00 5.950000e+01
    endloop
  endfacet
  facet normal 0.000000e+00 0.000000e+00 -1.000000e+00
    outer loop
      vertex 2.000000e+00 2.000000e+00 5.950000e+01
      vertex 4.600000e+00 4.600000e+00 5.950000e+01
      vertex 4.600000e+00 2.000000e+00 5.950000e+01
    endloop
  endfacet
  facet normal 0.000000e+00 0.000000e+00 1.000000e+00
    outer loop
      vertex 2.000000e+00 2.000000e+00 6.550000e+01
      vertex 4.600000e+00 2.000000e+00 6.550000e+01
      vertex 4.600000e+00 4.600000e+00 6.550000e+01
    endloop
  endfacet
  facet normal 0.000000e+00 0.000000e+00 1.000000e+00
    outer loop
      vertex 2.000000e+00 2.000000e+00 6.550000e+01
      vertex 4.600000e+00 4.600000e+00 6.550000e+01
      vertex 2.000000e+00 4.600000e+00 6.550000e+01
    endloop
  endfacet
  facet normal 0.000000e+00 -1.000000e+00 0.000000e+00
    outer loop
      vertex 2.000000e+00 2.000000e+00 5.950000e+01
      vertex 4.600000e+00 2.000000e+00 5.950000e+01
      vertex 4.600000e+00 2.000000e+00 6.550000e+01
    endloop
  endfacet
  facet normal 0.000000e+00 -1.000000e+00 0.000000e+00
    outer loop
      vertex 2.000000e+00 2.000000e+00 5.950000e+01
      vertex 4.600000e+00 2.000000e+00 6.550000e+01
      vertex 2.000000e+00 2.000000e+00 6.550000e+01
    endloop
  endfacet
  facet normal 1.000000e+00 0.000000e+00 0.000000e+00
    outer loop
      vertex 4.600000e+00 2.000000e+00 5.950000e+01
      vertex 4.600000e+00 4.600000e+00 5.950000e+01
      vertex 4.600000e+00 4.600000e+00 6.550000e+01
    endloop
  endfacet
  facet normal 1.000000e+00 0.000000e+00 0.000000e+00
    outer loop
      vertex 4.600000e+00 2.000000e+00 5.950000e+01
      vertex 4.600000e+00 4.600000e+00 6.550000e+01
      vertex 4.600000e+00 2.000000e+00 6.550000e+01
    endloop
  endfacet
  facet normal 0.000000e+00 1.000000e+00 0.000000e+00
    outer loop
      vertex 4.600000e+00 4.600000e+00 5.950000e+01
      vertex 2.000000e+00 4.600000e+00 5.950000e+01
      vertex 2.000000e+00 4.600000e+00 6.550000e+01
    endloop
  endfacet
  facet normal 0.000000e+00 1.000000e+00 -0.000000e+00
    outer loop
      vertex 4.600000e+00 4.600000e+00 5.950000e+01
      vertex 2.000000e+00 4.600000e+00 6.550000e+01
      vertex 4.600000e+00 4.600000e+00 6.550000e+01
    endloop
  endfacet
  facet normal -1.000000e+00 0.000000e+00 0.000000e+00
    outer loop
      vertex 2.000000e+00 4.600000e+00 5.950000e+01
      vertex 2.000000e+00 2.000000e+00 5.950000e+01
      vertex 2.000000e+00 2.000000e+00 6.550000e+01
    endloop
  endfacet
  facet normal -1.000000e+00 0.000000e+00 0.000000e+00
    outer loop
      vertex 2.000000e+00 4.600000e+00 5.950000e+01
      vertex 2.000000e+00 2.000000e+00 6.550000e+01
      vertex 2.000000e+00 4.600000e+00 6.550000e+01
    endloop
  endfacet
  facet normal 0.000000e+00 0.000000e+00 -1.000000e+00
    outer loop
      vertex 2.000000e+00 -4.600000e+00 5.950000e+01
      vertex 2.000000e+00 -2.000000e+00 5.950000e+01
      vertex 4.600000e+00 -2.000000e+00 5.950000e+01
    endloop
  endfacet
  facet normal 0.000000e+00 0.000000e+00 -1.000000e+00
    outer loop
      vertex 2.000000e+00 -4.600000e+00 5.950000e+01
      vertex 4.600000e+00 -2.000000e+00 5.950000e+01
      vertex 4.600000e+00 -4.600000e+00 5.950000e+01
    endloop
  endfacet
  facet normal 0.000000e+00 0.000000e+00 1.000000e+00
    outer loop
      vertex 2.000000e+00 -4.600000e+00 6.550000e+01
      vertex 4.600000e+00 -4.600000e+00 6.550000e+01
      vertex 4.600000e+00 -2.000000e+00 6.550000e+01
    endloop
  endfacet
  facet normal 0.000000e+00 0.000000e+00 1.000000e+00
    outer loop
      vertex 2.000000e+00 -4.600000e+00 6.550000e+01
      vertex 4.600000e+00 -2.000000e+00 6.550000e+01
      vertex 2.000000e+00 -2.000000e+00 6.550000e+01
    endloop
  endfacet
  facet normal 0.000000e+00 -1.000000e+00 0.000000e+00
    outer loop
      vertex 2.000000e+00 -4.600000e+00 5.950000e+01
      vertex 4.600000e+00 -4.600000e+00 5.950000e+01
      vertex 4.600000e+00 -4.600000e+00 6.550000e+01
    endloop
  endfacet
  facet normal 0.000000e+00 -1.000000e+00 0.000000e+00
    outer loop
      vertex 2.000000e+00 -4.600000e+00 5.950000e+01
      vertex 4.600000e+00 -4.600000e+00 6.550000e+01
      vertex 2.000000e+00 -4.600000e+00 6.550000e+01
    endloop
  endfacet
  facet normal 1.000000e+00 0.000000e+00 0.000000e+00
    outer loop
      vertex 4.600000e+00 -4.600000e+00 5.950000e+01
      vertex 4.600000e+00 -2.000000e+00 5.950000e+01
      vertex 4.600000e+00 -2.000000e+00 6.550000e+01
    endloop
  endfacet
  facet normal 1.000000e+00 0.000000e+00 0.000000e+00
    outer loop
      vertex 4.600000e+00 -4.600000e+00 5.950000e+01
      vertex 4.600000e+00 -2.000000e+00 6.550000e+01
      vertex 4.600000e+00 -4.600000e+00 6.550000e+01
    endloop
  endfacet
  facet normal 0.000000e+00 1.000000e+00 0.000000e+00
    outer loop
      vertex 4.600000e+00 -2.000000e+00 5.950000e+01
      vertex 2.000000e+00 -2.000000e+00 5.950000e+01
      vertex 2.000000e+00 -2.000000e+00 6.550000e+01
    endloop
  endfacet
  facet normal 0.000000e+00 1.000000e+00 -0.000000e+00
    outer loop
      vertex 4.600000e+00 -2.000000e+00 5.950000e+01
      vertex 2.000000e+00 -2.000000e+00 6.550000e+01
      vertex 4.600000e+00 -2.000000e+00 6.550000e+01
    endloop
  endfacet
  facet normal -1.000000e+00 0.000000e+00 0.000000e+00
    outer loop
      vertex 2.000000e+00 -2.000000e+00 5.950000e+01
      vertex 2.000000e+00 -4.600000e+00 5.950000e+01
      vertex 2.000000e+00 -4.600000e+00 6.550000e+01
    endloop
  endfacet
  facet normal -1.000000e+00 0.000000e+00 0.000000e+00
    outer loop
      vertex 2.000000e+00 -2.000000e+00 5.950000e+01
      vertex 2.000000e+00 -4.600000e+00 6.550000e+01
      vertex 2.000000e+00 -2.000000e+00 6.550000e+01
    endloop
  endfacet
endsolid king_dragon
