solid knight_unicorn
  facet normal 9.914449e-01 1.305262e-01 0.000000e+00
    outer loop
      vertex 8.000000e+00 0.000000e+00 0.000000e+00
      vertex 7.727407e+00 2.070552e+00 0.000000e+00
      vertex 7.727407e+00 2.070552e+00 4.000000e+00
    endloop
  endfacet
  facet normal 9.914449e-01 1.305262e-01 -0.000000e+00
    outer loop
      vertex 8.000000e+00 0.000000e+00 0.000000e+00
      vertex 7.727407e+00 2.070552e+00 4.000000e+00
      vertex 8.000000e+00 0.000000e+00 4.000000e+00
    endloop
  endfacet
  facet normal 9.238795e-01 3.826834e-01 0.000000e+00
    outer loop
      vertex 7.727407e+00 2.070552e+00 0.000000e+00
      vertex 6.928203e+00 4.000000e+00 0.000000e+00
      vertex 6.928203e+00 4.000000e+00 4.000000e+00
    endloop
  endfacet
  facet normal 9.238795e-01 3.826834e-01 -0.000000e+00
    outer loop
      vertex 7.727407e+00 2.070552e+00 0.000000e+00
      vertex 6.928203e+00 4.000000e+00 4.000000e+00
      vertex 7.727407e+00 2.070552e+00 4.000000e+00
    endloop
  endfacet
  facet normal 7.933533e-01 6.087614e-01 0.000000e+00
    outer loop
      vertex 6.928203e+00 4.000000e+00 0.000000e+00
      vertex 5.656854e+00 5.656854e+00 0.000000e+00
      vertex 5.656854e+00 5.656854e+00 4.000000e+00
    endloop
  endfacet
  facet normal 7.933533e-01 6.087614e-01 -0.000000e+00
    outer loop
      vertex 6.928203e+00 4.000000e+00 0.000000e+00
      vertex 5.656854e+00 5.656854e+00 4.000000e+00
      vertex 6.928203e+00 4.000000e+00 4.000000e+00
    endloop
  endfacet
  facet normal 6.087614e-01 7.933533e-01 0.000000e+00
    outer loop
      vertex 5.656854e+00 5.656854e+00 0.000000e+00
      vertex 4.000000e+00 6.928203e+00 0.000000e+00
      vertex 4.000000e+00 6.928203e+00 4.000000e+00
    endloop
  endfacet
  facet normal 6.087614e-01 7.933533e-01 -0.000000e+00
    outer loop
      vertex 5.656854e+00 5.656854e+00 0.000000e+00
      vertex 4.000000e+00 6.928203e+00 4.000000e+00
      vertex 5.656854e+00 5.656854e+00 4.000000e+00
    endloop
  endfacet
  facet normal 3.826834e-01 9.238795e-01 0.000000e+00
    outer loop
      vertex 4.000000e+00 6.928203e+00 0.000000e+00
      vertex 2.070552e+00 7.727407e+00 0.000000e+00
      vertex 2.070552e+00 7.727407e+00 4.000000e+00
    endloop
  endfacet
  facet normal 3.826834e-01 9.238795e-01 -0.000000e+00
    outer loop
      vertex 4.000000e+00 6.928203e+00 0.000000e+00
      vertex 2.070552e+00 7.727407e+00 4.000000e+00
      vertex 4.000000e+00 6.928203e+00 4.000000e+00
    endloop
  endfacet
  facet normal 1.305262e-01 9.914449e-01 0.000000e+00
    outer loop
      vertex 2.070552e+00 7.727407e+00 0.000000e+00
      vertex 4.898587e-16 8.000000e+00 0.000000e+00
      vertex 4.898587e-16 8.000000e+00 4.000000e+00
    endloop
  endfacet
  facet normal 1.305262e-01 9.914449e-01 -0.000000e+00
    outer loop
      vertex 2.070552e+00 7.727407e+00 0.000000e+00
      vertex 4.898587e-16 8.000000e+00 4.000000e+00
      vertex 2.070552e+00 7.727407e+00 4.000000e+00
    endloop
  endfacet
  facet normal -1.305262e-01 9.914449e-01 0.000000e+00
    outer loop
      vertex 4.898587e-16 8.000000e+00 0.000000e+00
      vertex -2.070552e+00 7.727407e+00 0.000000e+00
      vertex -2.070552e+00 7.727407e+00 4.000000e+00
    endloop
  endfacet
  facet normal -1.305262e-01 9.914449e-01 0.000000e+00
    outer loop
      vertex 4.898587e-16 8.000000e+00 0.000000e+00
      vertex -2.070552e+00 7.727407e+00 4.000000e+00
      vertex 4.898587e-16 8.000000e+00 4.000000e+00
    endloop
  endfacet
  facet normal -3.826834e-01 9.238795e-01 0.000000e+00
    outer loop
      vertex -2.070552e+00 7.727407e+00 0.000000e+00
      vertex -4.000000e+00 6.928203e+00 0.000000e+00
      vertex -4.000000e+00 6.928203e+00 4.000000e+00
    endloop
  endfacet
  facet normal -3.826834e-01 9.238795e-01 0.000000e+00
    outer loop
      vertex -2.070552e+00 7.727407e+00 0.000000e+00
      vertex -4.000000e+00 6.928203e+00 4.000000e+00
      vertex -2.070552e+00 7.727407e+00 4.000000e+00
    endloop
  endfacet
  facet normal -6.087614e-01 7.933533e-01 0.000000e+00
    outer loop
      vertex -4.000000e+00 6.928203e+00 0.000000e+00
      vertex -5.656854e+00 5.656854e+00 0.000000e+00
      vertex -5.656854e+00 5.656854e+00 4.000000e+00
    endloop
  endfacet
  facet normal -6.087614e-01 7.933533e-01 0.000000e+00
    outer loop
      vertex -4.000000e+00 6.928203e+00 0.000000e+00
      vertex -5.656854e+00 5.656854e+00 4.000000e+00
      vertex -4.000000e+00 6.928203e+00 4.000000e+00
    endloop
  endfacet
  facet normal -7.933533e-01 6.087614e-01 0.000000e+00
    outer loop
      vertex -5.656854e+00 5.656854e+00 0.000000e+00
      vertex -6.928203e+00 4.000000e+00 0.000000e+00
      vertex -6.928203e+00 4.000000e+00 4.000000e+00
    endloop
  endfacet
  facet normal -7.933533e-01 6.087614e-01 0.000000e+00
    outer loop
      vertex -5.656854e+00 5.656854e+00 0.000000e+00
      vertex -6.928203e+00 4.000000e+00 4.000000e+00
      vertex -5.656854e+00 5.656854e+00 4.000000e+00
    endloop
  endfacet
  facet normal -9.238795e-01 3.826834e-01 0.000000e+00
    outer loop
      vertex -6.928203e+00 4.000000e+00 0.000000e+00
      vertex -7.727407e+00 2.070552e+00 0.000000e+00
      vertex -7.727407e+00 2.070552e+00 4.000000e+00
    endloop
  endfacet
  facet normal -9.238795e-01 3.826834e-01 0.000000e+00
    outer loop
      vertex -6.928203e+00 4.000000e+00 0.000000e+00
      vertex -7.727407e+00 2.070552e+00 4.000000e+00
      vertex -6.928203e+00 4.000000e+00 4.000000e+00
    endloop
  endfacet
  facet normal -9.914449e-01 1.305262e-01 0.000000e+00
    outer loop
      vertex -7.727407e+00 2.070552e+00 0.000000e+00
      vertex -8.000000e+00 9.797174e-16 0.000000e+00
      vertex -8.000000e+00 9.797174e-16 4.000000e+00
    endloop
  endfacet
  facet normal -9.914449e-01 1.305262e-01 0.000000e+00
    outer loop
      vertex -7.727407e+00 2.070552e+00 0.000000e+00
      vertex -8.000000e+00 9.797174e-16 4.000000e+00
      vertex -7.727407e+00 2.070552e+00 4.000000e+00
    endloop
  endfacet
  facet normal -9.914449e-01 -1.305262e-01 0.000000e+00
    outer loop
      vertex -8.000000e+00 9.797174e-16 0.000000e+00
      vertex -7.727407e+00 -2.070552e+00 0.000000e+00
      vertex -7.727407e+00 -2.070552e+00 4.000000e+00
    endloop
  endfacet
  facet normal -9.914449e-01 -1.305262e-01 0.000000e+00
    outer loop
      vertex -8.000000e+00 9.797174e-16 0.000000e+00
      vertex -7.727407e+00 -2.070552e+00 4.000000e+00
      vertex -8.000000e+00 9.797174e-16 4.000000e+00
    endloop
  endfacet
  facet normal -9.238795e-01 -3.826834e-01 0.000000e+00
    outer loop
      vertex -7.727407e+00 -2.070552e+00 0.000000e+00
      vertex -6.928203e+00 -4.000000e+00 0.000000e+00
      vertex -6.928203e+00 -4.000000e+00 4.000000e+00
    endloop
  endfacet
  facet normal -9.238795e-01 -3.826834e-01 0.000000e+00
    outer loop
      vertex -7.727407e+00 -2.070552e+00 0.000000e+00
      vertex -6.928203e+00 -4.000000e+00 4.000000e+00
      vertex -7.727407e+00 -2.070552e+00 4.000000e+00
    endloop
  endfacet
  facet normal -7.933533e-01 -6.087614e-01 0.000000e+00
    outer loop
      vertex -6.928203e+00 -4.000000e+00 0.000000e+00
      vertex -5.656854e+00 -5.656854e+00 0.000000e+00
      vertex -5.656854e+00 -5.656854e+00 4.000000e+00
    endloop
  endfacet
  facet normal -7.933533e-01 -6.087614e-01 0.000000e+00
    outer loop
      vertex -6.928203e+00 -4.000000e+00 0.000000e+00
      vertex -5.656854e+00 -5.656854e+00 4.000000e+00
      vertex -6.928203e+00 -4.000000e+00 4.000000e+00
    endloop
  endfacet
  facet normal -6.087614e-01 -7.933533e-01 0.000000e+00
    outer loop
      vertex -5.656854e+00 -5.656854e+00 0.000000e+00
      vertex -4.000000e+00 -6.928203e+00 0.000000e+00
      vertex -4.000000e+00 -6.928203e+00 4.000000e+00
    endloop
  endfacet
  facet normal -6.087614e-01 -7.933533e-01 0.000000e+00
    outer loop
      vertex -5.656854e+00 -5.656854e+00 0.000000e+00
      vertex -4.000000e+00 -6.928203e+00 4.000000e+00
      vertex -5.656854e+00 -5.656854e+00 4.000000e+00
    endloop
  endfacet
  facet normal -3.826834e-01 -9.238795e-01 0.000000e+00
    outer loop
      vertex -4.000000e+00 -6.928203e+00 0.000000e+00
      vertex -2.070552e+00 -7.727407e+00 0.000000e+00
      vertex -2.070552e+00 -7.727407e+00 4.000000e+00
    endloop
  endfacet
  facet normal -3.826834e-01 -9.238795e-01 0.000000e+00
    outer loop
      vertex -4.000000e+00 -6.928203e+00 0.000000e+00
      vertex -2.070552e+00 -7.727407e+00 4.000000e+00
      vertex -4.000000e+00 -6.928203e+00 4.000000e+00
    endloop
  endfacet
  facet normal -1.305262e-01 -9.914449e-01 0.000000e+00
    outer loop
      vertex -2.070552e+00 -7.727407e+00 0.000000e+00
      vertex -1.469576e-15 -8.000000e+00 0.000000e+00
      vertex -1.469576e-15 -8.000000e+00 4.000000e+00
    endloop
  endfacet
  facet normal -1.305262e-01 -9.914449e-01 0.000000e+00
    outer loop
      vertex -2.070552e+00 -7.727407e+00 0.000000e+00
      vertex -1.469576e-15 -8.000000e+00 4.000000e+00
      vertex -2.070552e+00 -7.727407e+00 4.000000e+00
    endloop
  endfacet
  facet normal 1.305262e-01 -9.914449e-01 0.000000e+00
    outer loop
      vertex -1.469576e-15 -8.000000e+00 0.000000e+00
      vertex 2.070552e+00 -7.727407e+00 0.000000e+00
      vertex 2.070552e+00 -7.727407e+00 4.000000e+00
    endloop
  endfacet
  facet normal 1.305262e-01 -9.914449e-01 0.000000e+00
    outer loop
      vertex -1.469576e-15 -8.000000e+00 0.000000e+00
      vertex 2.070552e+00 -7.727407e+00 4.000000e+00
      vertex -1.469576e-15 -8.000000e+00 4.000000e+00
    endloop
  endfacet
  facet normal 3.826834e-01 -9.238795e-01 0.000000e+00
    outer loop
      vertex 2.070552e+00 -7.727407e+00 0.000000e+00
      vertex 4.000000e+00 -6.928203e+00 0.000000e+00
      vertex 4.000000e+00 -6.928203e+00 4.000000e+00
    endloop
  endfacet
  facet normal 3.826834e-01 -9.238795e-01 0.000000e+00
    outer loop
      vertex 2.070552e+00 -7.727407e+00 0.000000e+00
      vertex 4.000000e+00 -6.928203e+00 4.000000e+00
      vertex 2.070552e+00 -7.727407e+00 4.000000e+00
    endloop
  endfacet
  facet normal 6.087614e-01 -7.933533e-01 0.000000e+00
    outer loop
      vertex 4.000000e+00 -6.928203e+00 0.000000e+00
      vertex 5.656854e+00 -5.656854e+00 0.000000e+00
      vertex 5.656854e+00 -5.656854e+00 4.000000e+00
    endloop
  endfacet
  facet normal 6.087614e-01 -7.933533e-01 0.000000e+00
    outer loop
      vertex 4.000000e+00 -6.928203e+00 0.000000e+00
      vertex 5.656854e+00 -5.656854e+00 4.000000e+00
      vertex 4.000000e+00 -6.928203e+00 4.000000e+00
    endloop
  endfacet
  facet normal 7.933533e-01 -6.087614e-01 0.000000e+00
    outer loop
      vertex 5.656854e+00 -5.656854e+00 0.000000e+00
      vertex 6.928203e+00 -4.000000e+00 0.000000e+00
      vertex 6.928203e+00 -4.000000e+00 4.000000e+00
    endloop
  endfacet
  facet normal 7.933533e-01 -6.087614e-01 0.000000e+00
    outer loop
      vertex 5.656854e+00 -5.656854e+00 0.000000e+00
      vertex 6.928203e+00 -4.000000e+00 4.000000e+00
      vertex 5.656854e+00 -5.656854e+00 4.000000e+00
    endloop
  endfacet
  facet normal 9.238795e-01 -3.826834e-01 0.000000e+00
    outer loop
      vertex 6.928203e+00 -4.000000e+00 0.000000e+00
      vertex 7.727407e+00 -2.070552e+00 0.000000e+00
      vertex 7.727407e+00 -2.070552e+00 4.000000e+00
    endloop
  endfacet
  facet normal 9.238795e-01 -3.826834e-01 0.000000e+00
    outer loop
      vertex 6.928203e+00 -4.000000e+00 0.000000e+00
      vertex 7.727407e+00 -2.070552e+00 4.000000e+00
      vertex 6.928203e+00 -4.000000e+00 4.000000e+00
    endloop
  endfacet
  facet normal 9.914449e-01 -1.305262e-01 0.000000e+00
    outer loop
      vertex 7.727407e+00 -2.070552e+00 0.000000e+00
      vertex 8.000000e+00 0.000000e+00 0.000000e+00
      vertex 8.000000e+00 0.000000e+00 4.000000e+00
    endloop
  endfacet
  facet normal 9.914449e-01 -1.305262e-01 0.000000e+00
    outer loop
      vertex 7.727407e+00 -2.070552e+00 0.000000e+00
      vertex 8.000000e+00 0.000000e+00 4.000000e+00
      vertex 7.727407e+00 -2.070552e+00 4.000000e+00
    endloop
  endfacet
  facet normal 7.955995e-01 1.047427e-01 5.966996e-01
    outer loop
      vertex 8.000000e+00 0.000000e+00 4.000000e+00
      vertex 7.727407e+00 2.070552e+00 4.000000e+00
      vertex 7.147851e+00 1.915261e+00 4.800000e+00
    endloop
  endfacet
  facet normal 7.955995e-01 1.047427e-01 5.966996e-01
    outer loop
      vertex 8.000000e+00 0.000000e+00 4.000000e+00
      vertex 7.147851e+00 1.915261e+00 4.800000e+00
      vertex 7.400000e+00 0.000000e+00 4.800000e+00
    endloop
  endfacet
  facet normal 7.413807e-01 3.070899e-01 5.966996e-01
    outer loop
      vertex 7.727407e+00 2.070552e+00 4.000000e+00
      vertex 6.928203e+00 4.000000e+00 4.000000e+00
      vertex 6.408588e+00 3.700000e+00 4.800000e+00
    endloop
  endfacet
  facet normal 7.413807e-01 3.070899e-01 5.966996e-01
    outer loop
      vertex 7.727407e+00 2.070552e+00 4.000000e+00
      vertex 6.408588e+00 3.700000e+00 4.800000e+00
      vertex 7.147851e+00 1.915261e+00 4.800000e+00
    endloop
  endfacet
  facet normal 6.366380e-01 4.885095e-01 5.966996e-01
    outer loop
      vertex 6.928203e+00 4.000000e+00 4.000000e+00
      vertex 5.656854e+00 5.656854e+00 4.000000e+00
      vertex 5.232590e+00 5.232590e+00 4.800000e+00
    endloop
  endfacet
  facet normal 6.366380e-01 4.885095e-01 5.966996e-01
    outer loop
      vertex 6.928203e+00 4.000000e+00 4.000000e+00
      vertex 5.232590e+00 5.232590e+00 4.800000e+00
      vertex 6.408588e+00 3.700000e+00 4.800000e+00
    endloop
  endfacet
  facet normal 4.885095e-01 6.366380e-01 5.966996e-01
    outer loop
      vertex 5.656854e+00 5.656854e+00 4.000000e+00
      vertex 4.000000e+00 6.928203e+00 4.000000e+00
      vertex 3.700000e+00 6.408588e+00 4.800000e+00
    endloop
  endfacet
  facet normal 4.885095e-01 6.366380e-01 5.966996e-01
    outer loop
      vertex 5.656854e+00 5.656854e+00 4.000000e+00
      vertex 3.700000e+00 6.408588e+00 4.800000e+00
      vertex 5.232590e+00 5.232590e+00 4.800000e+00
    endloop
  endfacet
  facet normal 3.070899e-01 7.413807e-01 5.966996e-01
    outer loop
      vertex 4.000000e+00 6.928203e+00 4.000000e+00
      vertex 2.070552e+00 7.727407e+00 4.000000e+00
      vertex 1.915261e+00 7.147851e+00 4.800000e+00
    endloop
  endfacet
  facet normal 3.070899e-01 7.413807e-01 5.966996e-01
    outer loop
      vertex 4.000000e+00 6.928203e+00 4.000000e+00
      vertex 1.915261e+00 7.147851e+00 4.800000e+00
      vertex 3.700000e+00 6.408588e+00 4.800000e+00
    endloop
  endfacet
  facet normal 1.047427e-01 7.955995e-01 5.966996e-01
    outer loop
      vertex 2.070552e+00 7.727407e+00 4.000000e+00
      vertex 4.898587e-16 8.000000e+00 4.000000e+00
      vertex 4.531193e-16 7.400000e+00 4.800000e+00
    endloop
  endfacet
  facet normal 1.047427e-01 7.955995e-01 5.966996e-01
    outer loop
      vertex 2.070552e+00 7.727407e+00 4.000000e+00
      vertex 4.531193e-16 7.400000e+00 4.800000e+00
      vertex 1.915261e+00 7.147851e+00 4.800000e+00
    endloop
  endfacet
  facet normal -1.047427e-01 7.955995e-01 5.966996e-01
    outer loop
      vertex 4.898587e-16 8.000000e+00 4.000000e+00
      vertex -2.070552e+00 7.727407e+00 4.000000e+00
      vertex -1.915261e+00 7.147851e+00 4.800000e+00
    endloop
  endfacet
  facet normal -1.047427e-01 7.955995e-01 5.966996e-01
    outer loop
      vertex 4.898587e-16 8.000000e+00 4.000000e+00
      vertex -1.915261e+00 7.147851e+00 4.800000e+00
      vertex 4.531193e-16 7.400000e+00 4.800000e+00
    endloop
  endfacet
  facet normal -3.070899e-01 7.413807e-01 5.966996e-01
    outer loop
      vertex -2.070552e+00 7.727407e+00 4.000000e+00
      vertex -4.000000e+00 6.928203e+00 4.000000e+00
      vertex -3.700000e+00 6.408588e+00 4.800000e+00
    endloop
  endfacet
  facet normal -3.070899e-01 7.413807e-01 5.966996e-01
    outer loop
      vertex -2.070552e+00 7.727407e+00 4.000000e+00
      vertex -3.700000e+00 6.408588e+00 4.800000e+00
      vertex -1.915261e+00 7.147851e+00 4.800000e+00
    endloop
  endfacet
  facet normal -4.885095e-01 6.366380e-01 5.966996e-01
    outer loop
      vertex -4.000000e+00 6.928203e+00 4.000000e+00
      vertex -5.656854e+00 5.656854e+00 4.000000e+00
      vertex -5.232590e+00 5.232590e+00 4.800000e+00
    endloop
  endfacet
  facet normal -4.885095e-01 6.366380e-01 5.966996e-01
    outer loop
      vertex -4.000000e+00 6.928203e+00 4.000000e+00
      vertex -5.232590e+00 5.232590e+00 4.800000e+00
      vertex -3.700000e+00 6.408588e+00 4.800000e+00
    endloop
  endfacet
  facet normal -6.366380e-01 4.885095e-01 5.966996e-01
    outer loop
      vertex -5.656854e+00 5.656854e+00 4.000000e+00
      vertex -6.928203e+00 4.000000e+00 4.000000e+00
      vertex -6.408588e+00 3.700000e+00 4.800000e+00
    endloop
  endfacet
  facet normal -6.366380e-01 4.885095e-01 5.966996e-01
    outer loop
      vertex -5.656854e+00 5.656854e+00 4.000000e+00
      vertex -6.408588e+00 3.700000e+00 4.800000e+00
      vertex -5.232590e+00 5.232590e+00 4.800000e+00
    endloop
  endfacet
  facet normal -7.413807e-01 3.070899e-01 5.966996e-01
    outer loop
      vertex -6.928203e+00 4.000000e+00 4.000000e+00
      vertex -7.727407e+00 2.070552e+00 4.000000e+00
      vertex -7.147851e+00 1.915261e+00 4.800000e+00
    endloop
  endfacet
  facet normal -7.413807e-01 3.070899e-01 5.966996e-01
    outer loop
      vertex -6.928203e+00 4.000000e+00 4.000000e+00
      vertex -7.147851e+00 1.915261e+00 4.800000e+00
      vertex -6.408588e+00 3.700000e+00 4.800000e+00
    endloop
  endfacet
  facet normal -7.955995e-01 1.047427e-01 5.966996e-01
    outer loop
      vertex -7.727407e+00 2.070552e+00 4.000000e+00
      vertex -8.000000e+00 9.797174e-16 4.000000e+00
      vertex -7.400000e+00 9.062386e-16 4.800000e+00
    endloop
  endfacet
  facet normal -7.955995e-01 1.047427e-01 5.966996e-01
    outer loop
      vertex -7.727407e+00 2.070552e+00 4.000000e+00
      vertex -7.400000e+00 9.062386e-16 4.800000e+00
      vertex -7.147851e+00 1.915261e+00 4.800000e+00
    endloop
  endfacet
  facet normal -7.955995e-01 -1.047427e-01 5.966996e-01
    outer loop
      vertex -8.000000e+00 9.797174e-16 4.000000e+00
      vertex -7.727407e+00 -2.070552e+00 4.000000e+00
      vertex -7.147851e+00 -1.915261e+00 4.800000e+00
    endloop
  endfacet
  facet normal -7.955995e-01 -1.047427e-01 5.966996e-01
    outer loop
      vertex -8.000000e+00 9.797174e-16 4.000000e+00
      vertex -7.147851e+00 -1.915261e+00 4.800000e+00
      vertex -7.400000e+00 9.062386e-16 4.800000e+00
    endloop
  endfacet
  facet normal -7.413807e-01 -3.070899e-01 5.966996e-01
    outer loop
      vertex -7.727407e+00 -2.070552e+00 4.000000e+00
      vertex -6.928203e+00 -4.000000e+00 4.000000e+00
      vertex -6.408588e+00 -3.700000e+00 4.800000e+00
    endloop
  endfacet
  facet normal -7.413807e-01 -3.070899e-01 5.966996e-01
    outer loop
      vertex -7.727407e+00 -2.070552e+00 4.000000e+00
      vertex -6.408588e+00 -3.700000e+00 4.800000e+00
      vertex -7.147851e+00 -1.915261e+00 4.800000e+00
    endloop
  endfacet
  facet normal -6.366380e-01 -4.885095e-01 5.966996e-01
    outer loop
      vertex -6.928203e+00 -4.000000e+00 4.000000e+00
      vertex -5.656854e+00 -5.656854e+00 4.000000e+00
      vertex -5.232590e+00 -5.232590e+00 4.800000e+00
    endloop
  endfacet
  facet normal -6.366380e-01 -4.885095e-01 5.966996e-01
    outer loop
      vertex -6.928203e+00 -4.000000e+00 4.000000e+00
      vertex -5.232590e+00 -5.232590e+00 4.800000e+00
      vertex -6.408588e+00 -3.700000e+00 4.800000e+00
    endloop
  endfacet
  facet normal -4.885095e-01 -6.366380e-01 5.966996e-01
    outer loop
      vertex -5.656854e+00 -5.656854e+00 4.000000e+00
      vertex -4.000000e+00 -6.928203e+00 4.000000e+00
      vertex -3.700000e+00 -6.408588e+00 4.800000e+00
    endloop
  endfacet
  facet normal -4.885095e-01 -6.366380e-01 5.966996e-01
    outer loop
      vertex -5.656854e+00 -5.656854e+00 4.000000e+00
      vertex -3.700000e+00 -6.408588e+00 4.800000e+00
      vertex -5.232590e+00 -5.232590e+00 4.800000e+00
    endloop
  endfacet
  facet normal -3.070899e-01 -7.413807e-01 5.966996e-01
    outer loop
      vertex -4.000000e+00 -6.928203e+00 4.000000e+00
      vertex -2.070552e+00 -7.727407e+00 4.000000e+00
      vertex -1.915261e+00 -7.147851e+00 4.800000e+00
    endloop
  endfacet
  facet normal -3.070899e-01 -7.413807e-01 5.966996e-01
    outer loop
      vertex -4.000000e+00 -6.928203e+00 4.000000e+00
      vertex -1.915261e+00 -7.147851e+00 4.800000e+00
      vertex -3.700000e+00 -6.408588e+00 4.800000e+00
    endloop
  endfacet
  facet normal -1.047427e-01 -7.955995e-01 5.966996e-01
    outer loop
      vertex -2.070552e+00 -7.727407e+00 4.000000e+00
      vertex -1.469576e-15 -8.000000e+00 4.000000e+00
      vertex -1.359358e-15 -7.400000e+00 4.800000e+00
    endloop
  endfacet
  facet normal -1.047427e-01 -7.955995e-01 5.966996e-01
    outer loop
      vertex -2.070552e+00 -7.727407e+00 4.000000e+00
      vertex -1.359358e-15 -7.400000e+00 4.800000e+00
      vertex -1.915261e+00 -7.147851e+00 4.800000e+00
    endloop
  endfacet
  facet normal 1.047427e-01 -7.955995e-01 5.966996e-01
    outer loop
      vertex -1.469576e-15 -8.000000e+00 4.000000e+00
      vertex 2.070552e+00 -7.727407e+00 4.000000e+00
      vertex 1.915261e+00 -7.147851e+00 4.800000e+00
    endloop
  endfacet
  facet normal 1.047427e-01 -7.955995e-01 5.966996e-01
    outer loop
      vertex -1.469576e-15 -8.000000e+00 4.000000e+00
      vertex 1.915261e+00 -7.147851e+00 4.800000e+00
      vertex -1.359358e-15 -7.400000e+00 4.800000e+00
    endloop
  endfacet
  facet normal 3.070899e-01 -7.413807e-01 5.966996e-01
    outer loop
      vertex 2.070552e+00 -7.727407e+00 4.000000e+00
      vertex 4.000000e+00 -6.928203e+00 4.000000e+00
      vertex 3.700000e+00 -6.408588e+00 4.800000e+00
    endloop
  endfacet
  facet normal 3.070899e-01 -7.413807e-01 5.966996e-01
    outer loop
      vertex 2.070552e+00 -7.727407e+00 4.000000e+00
      vertex 3.700000e+00 -6.408588e+00 4.800000e+00
      vertex 1.915261e+00 -7.147851e+00 4.800000e+00
    endloop
  endfacet
  facet normal 4.885095e-01 -6.366380e-01 5.966996e-01
    outer loop
      vertex 4.000000e+00 -6.928203e+00 4.000000e+00
      vertex 5.656854e+00 -5.656854e+00 4.000000e+00
      vertex 5.232590e+00 -5.232590e+00 4.800000e+00
    endloop
  endfacet
  facet normal 4.885095e-01 -6.366380e-01 5.966996e-01
    outer loop
      vertex 4.000000e+00 -6.928203e+00 4.000000e+00
      vertex 5.232590e+00 -5.232590e+00 4.800000e+00
      vertex 3.700000e+00 -6.408588e+00 4.800000e+00
    endloop
  endfacet
  facet normal 6.366380e-01 -4.885095e-01 5.966996e-01
    outer loop
      vertex 5.656854e+00 -5.656854e+00 4.000000e+00
      vertex 6.928203e+00 -4.000000e+00 4.000000e+00
      vertex 6.408588e+00 -3.700000e+00 4.800000e+00
    endloop
  endfacet
  facet normal 6.366380e-01 -4.885095e-01 5.966996e-01
    outer loop
      vertex 5.656854e+00 -5.656854e+00 4.000000e+00
      vertex 6.408588e+00 -3.700000e+00 4.800000e+00
      vertex 5.232590e+00 -5.232590e+00 4.800000e+00
    endloop
  endfacet
  facet normal 7.413807e-01 -3.070899e-01 5.966996e-01
    outer loop
      vertex 6.928203e+00 -4.000000e+00 4.000000e+00
      vertex 7.727407e+00 -2.070552e+00 4.000000e+00
      vertex 7.147851e+00 -1.915261e+00 4.800000e+00
    endloop
  endfacet
  facet normal 7.413807e-01 -3.070899e-01 5.966996e-01
    outer loop
      vertex 6.928203e+00 -4.000000e+00 4.000000e+00
      vertex 7.147851e+00 -1.915261e+00 4.800000e+00
      vertex 6.408588e+00 -3.700000e+00 4.800000e+00
    endloop
  endfacet
  facet normal 7.955995e-01 -1.047427e-01 5.966996e-01
    outer loop
      vertex 7.727407e+00 -2.070552e+00 4.000000e+00
      vertex 8.000000e+00 0.000000e+00 4.000000e+00
      vertex 7.400000e+00 0.000000e+00 4.800000e+00
    endloop
  endfacet
  facet normal 7.955995e-01 -1.047427e-01 5.966996e-01
    outer loop
      vertex 7.727407e+00 -2.070552e+00 4.000000e+00
      vertex 7.400000e+00 0.000000e+00 4.800000e+00
      vertex 7.147851e+00 -1.915261e+00 4.800000e+00
    endloop
  endfacet
  facet normal 5.913983e-01 7.785906e-02 8.026120e-01
    outer loop
      vertex 7.400000e+00 0.000000e+00 4.800000e+00
      vertex 7.147851e+00 1.915261e+00 4.800000e+00
      vertex 5.312592e+00 1.423505e+00 6.200000e+00
    endloop
  endfacet
  facet normal 5.913983e-01 7.785906e-02 8.026120e-01
    outer loop
      vertex 7.400000e+00 0.000000e+00 4.800000e+00
      vertex 5.312592e+00 1.423505e+00 6.200000e+00
      vertex 5.500000e+00 0.000000e+00 6.200000e+00
    endloop
  endfacet
  facet normal 5.510955e-01 2.282712e-01 8.026120e-01
    outer loop
      vertex 7.147851e+00 1.915261e+00 4.800000e+00
      vertex 6.408588e+00 3.700000e+00 4.800000e+00
      vertex 4.763140e+00 2.750000e+00 6.200000e+00
    endloop
  endfacet
  facet normal 5.510955e-01 2.282712e-01 8.026120e-01
    outer loop
      vertex 7.147851e+00 1.915261e+00 4.800000e+00
      vertex 4.763140e+00 2.750000e+00 6.200000e+00
      vertex 5.312592e+00 1.423505e+00 6.200000e+00
    endloop
  endfacet
  facet normal 4.732364e-01 3.631271e-01 8.026120e-01
    outer loop
      vertex 6.408588e+00 3.700000e+00 4.800000e+00
      vertex 5.232590e+00 5.232590e+00 4.800000e+00
      vertex 3.889087e+00 3.889087e+00 6.200000e+00
    endloop
  endfacet
  facet normal 4.732364e-01 3.631271e-01 8.026120e-01
    outer loop
      vertex 6.408588e+00 3.700000e+00 4.800000e+00
      vertex 3.889087e+00 3.889087e+00 6.200000e+00
      vertex 4.763140e+00 2.750000e+00 6.200000e+00
    endloop
  endfacet
  facet normal 3.631271e-01 4.732364e-01 8.026120e-01
    outer loop
      vertex 5.232590e+00 5.232590e+00 4.800000e+00
      vertex 3.700000e+00 6.408588e+00 4.800000e+00
      vertex 2.750000e+00 4.763140e+00 6.200000e+00
    endloop
  endfacet
  facet normal 3.631271e-01 4.732364e-01 8.026120e-01
    outer loop
      vertex 5.232590e+00 5.232590e+00 4.800000e+00
      vertex 2.750000e+00 4.763140e+00 6.200000e+00
      vertex 3.889087e+00 3.889087e+00 6.200000e+00
    endloop
  endfacet
  facet normal 2.282712e-01 5.510955e-01 8.026120e-01
    outer loop
      vertex 3.700000e+00 6.408588e+00 4.800000e+00
      vertex 1.915261e+00 7.147851e+00 4.800000e+00
      vertex 1.423505e+00 5.312592e+00 6.200000e+00
    endloop
  endfacet
  facet normal 2.282712e-01 5.510955e-01 8.026120e-01
    outer loop
      vertex 3.700000e+00 6.408588e+00 4.800000e+00
      vertex 1.423505e+00 5.312592e+00 6.200000e+00
      vertex 2.750000e+00 4.763140e+00 6.200000e+00
    endloop
  endfacet
  facet normal 7.785906e-02 5.913983e-01 8.026120e-01
    outer loop
      vertex 1.915261e+00 7.147851e+00 4.800000e+00
      vertex 4.531193e-16 7.400000e+00 4.800000e+00
      vertex 3.367779e-16 5.500000e+00 6.200000e+00
    endloop
  endfacet
  facet normal 7.785906e-02 5.913983e-01 8.026120e-01
    outer loop
      vertex 1.915261e+00 7.147851e+00 4.800000e+00
      vertex 3.367779e-16 5.500000e+00 6.200000e+00
      vertex 1.423505e+00 5.312592e+00 6.200000e+00
    endloop
  endfacet
  facet normal -7.785906e-02 5.913983e-01 8.026120e-01
    outer loop
      vertex 4.531193e-16 7.400000e+00 4.800000e+00
      vertex -1.915261e+00 7.147851e+00 4.800000e+00
      vertex -1.423505e+00 5.312592e+00 6.200000e+00
    endloop
  endfacet
  facet normal -7.785906e-02 5.913983e-01 8.026120e-01
    outer loop
      vertex 4.531193e-16 7.400000e+00 4.800000e+00
      vertex -1.423505e+00 5.312592e+00 6.200000e+00
      vertex 3.367779e-16 5.500000e+00 6.200000e+00
    endloop
  endfacet
  facet normal -2.282712e-01 5.510955e-01 8.026120e-01
    outer loop
      vertex -1.915261e+00 7.147851e+00 4.800000e+00
      vertex -3.700000e+00 6.408588e+00 4.800000e+00
      vertex -2.750000e+00 4.763140e+00 6.200000e+00
    endloop
  endfacet
  facet normal -2.282712e-01 5.510955e-01 8.026120e-01
    outer loop
      vertex -1.915261e+00 7.147851e+00 4.800000e+00
      vertex -2.750000e+00 4.763140e+00 6.200000e+00
      vertex -1.423505e+00 5.312592e+00 6.200000e+00
    endloop
  endfacet
  facet normal -3.631271e-01 4.732364e-01 8.026120e-01
    outer loop
      vertex -3.700000e+00 6.408588e+00 4.800000e+00
      vertex -5.232590e+00 5.232590e+00 4.800000e+00
      vertex -3.889087e+00 3.889087e+00 6.200000e+00
    endloop
  endfacet
  facet normal -3.631271e-01 4.732364e-01 8.026120e-01
    outer loop
      vertex -3.700000e+00 6.408588e+00 4.800000e+00
      vertex -3.889087e+00 3.889087e+00 6.200000e+00
      vertex -2.750000e+00 4.763140e+00 6.200000e+00
    endloop
  endfacet
  facet normal -4.732364e-01 3.631271e-01 8.026120e-01
    outer loop
      vertex -5.232590e+00 5.232590e+00 4.800000e+00
      vertex -6.408588e+00 3.700000e+00 4.800000e+00
      vertex -4.763140e+00 2.750000e+00 6.200000e+00
    endloop
  endfacet
  facet normal -4.732364e-01 3.631271e-01 8.026120e-01
    outer loop
      vertex -5.232590e+00 5.232590e+00 4.800000e+00
      vertex -4.763140e+00 2.750000e+00 6.200000e+00
      vertex -3.889087e+00 3.889087e+00 6.200000e+00
    endloop
  endfacet
  facet normal -5.510955e-01 2.282712e-01 8.026120e-01
    outer loop
      vertex -6.408588e+00 3.700000e+00 4.800000e+00
      vertex -7.147851e+00 1.915261e+00 4.800000e+00
      vertex -5.312592e+00 1.423505e+00 6.200000e+00
    endloop
  endfacet
  facet normal -5.510955e-01 2.282712e-01 8.026120e-01
    outer loop
      vertex -6.408588e+00 3.700000e+00 4.800000e+00
      vertex -5.312592e+00 1.423505e+00 6.200000e+00
      vertex -4.763140e+00 2.750000e+00 6.200000e+00
    endloop
  endfacet
  facet normal -5.913983e-01 7.785906e-02 8.026120e-01
    outer loop
      vertex -7.147851e+00 1.915261e+00 4.800000e+00
      vertex -7.400000e+00 9.062386e-16 4.800000e+00
      vertex -5.500000e+00 6.735557e-16 6.200000e+00
    endloop
  endfacet
  facet normal -5.913983e-01 7.785906e-02 8.026120e-01
    outer loop
      vertex -7.147851e+00 1.915261e+00 4.800000e+00
      vertex -5.500000e+00 6.735557e-16 6.200000e+00
      vertex -5.312592e+00 1.423505e+00 6.200000e+00
    endloop
  endfacet
  facet normal -5.913983e-01 -7.785906e-02 8.026120e-01
    outer loop
      vertex -7.400000e+00 9.062386e-16 4.800000e+00
      vertex -7.147851e+00 -1.915261e+00 4.800000e+00
      vertex -5.312592e+00 -1.423505e+00 6.200000e+00
    endloop
  endfacet
  facet normal -5.913983e-01 -7.785906e-02 8.026120e-01
    outer loop
      vertex -7.400000e+00 9.062386e-16 4.800000e+00
      vertex -5.312592e+00 -1.423505e+00 6.200000e+00
      vertex -5.500000e+00 6.735557e-16 6.200000e+00
    endloop
  endfacet
  facet normal -5.510955e-01 -2.282712e-01 8.026120e-01
    outer loop
      vertex -7.147851e+00 -1.915261e+00 4.800000e+00
      vertex -6.408588e+00 -3.700000e+00 4.800000e+00
      vertex -4.763140e+00 -2.750000e+00 6.200000e+00
    endloop
  endfacet
  facet normal -5.510955e-01 -2.282712e-01 8.026120e-01
    outer loop
      vertex -7.147851e+00 -1.915261e+00 4.800000e+00
      vertex -4.763140e+00 -2.750000e+00 6.200000e+00
      vertex -5.312592e+00 -1.423505e+00 6.200000e+00
    endloop
  endfacet
  facet normal -4.732364e-01 -3.631271e-01 8.026120e-01
    outer loop
      vertex -6.408588e+00 -3.700000e+00 4.800000e+00
      vertex -5.232590e+00 -5.232590e+00 4.800000e+00
      vertex -3.889087e+00 -3.889087e+00 6.200000e+00
    endloop
  endfacet
  facet normal -4.732364e-01 -3.631271e-01 8.026120e-01
    outer loop
      vertex -6.408588e+00 -3.700000e+00 4.800000e+00
      vertex -3.889087e+00 -3.889087e+00 6.200000e+00
      vertex -4.763140e+00 -2.750000e+00 6.200000e+00
    endloop
  endfacet
  facet normal -3.631271e-01 -4.732364e-01 8.026120e-01
    outer loop
      vertex -5.232590e+00 -5.232590e+00 4.800000e+00
      vertex -3.700000e+00 -6.408588e+00 4.800000e+00
      vertex -2.750000e+00 -4.763140e+00 6.200000e+00
    endloop
  endfacet
  facet normal -3.631271e-01 -4.732364e-01 8.026120e-01
    outer loop
      vertex -5.232590e+00 -5.232590e+00 4.800000e+00
      vertex -2.750000e+00 -4.763140e+00 6.200000e+00
      vertex -3.889087e+00 -3.889087e+00 6.200000e+00
    endloop
  endfacet
  facet normal -2.282712e-01 -5.510955e-01 8.026120e-01
    outer loop
      vertex -3.700000e+00 -6.408588e+00 4.800000e+00
      vertex -1.915261e+00 -7.147851e+00 4.800000e+00
      vertex -1.423505e+00 -5.312592e+00 6.200000e+00
    endloop
  endfacet
  facet normal -2.282712e-01 -5.510955e-01 8.026120e-01
    outer loop
      vertex -3.700000e+00 -6.408588e+00 4.800000e+00
      vertex -1.423505e+00 -5.312592e+00 6.200000e+00
      vertex -2.750000e+00 -4.763140e+00 6.200000e+00
    endloop
  endfacet
  facet normal -7.785906e-02 -5.913983e-01 8.026120e-01
    outer loop
      vertex -1.915261e+00 -7.147851e+00 4.800000e+00
      vertex -1.359358e-15 -7.400000e+00 4.800000e+00
      vertex -1.010334e-15 -5.500000e+00 6.200000e+00
    endloop
  endfacet
  facet normal -7.785906e-02 -5.913983e-01 8.026120e-01
    outer loop
      vertex -1.915261e+00 -7.147851e+00 4.800000e+00
      vertex -1.010334e-15 -5.500000e+00 6.200000e+00
      vertex -1.423505e+00 -5.312592e+00 6.200000e+00
    endloop
  endfacet
  facet normal 7.785906e-02 -5.913983e-01 8.026120e-01
    outer loop
      vertex -1.359358e-15 -7.400000e+00 4.800000e+00
      vertex 1.915261e+00 -7.147851e+00 4.800000e+00
      vertex 1.423505e+00 -5.312592e+00 6.200000e+00
    endloop
  endfacet
  facet normal 7.785906e-02 -5.913983e-01 8.026120e-01
    outer loop
      vertex -1.359358e-15 -7.400000e+00 4.800000e+00
      vertex 1.423505e+00 -5.312592e+00 6.200000e+00
      vertex -1.010334e-15 -5.500000e+00 6.200000e+00
    endloop
  endfacet
  facet normal 2.282712e-01 -5.510955e-01 8.026120e-01
    outer loop
      vertex 1.915261e+00 -7.147851e+00 4.800000e+00
      vertex 3.700000e+00 -6.408588e+00 4.800000e+00
      vertex 2.750000e+00 -4.763140e+00 6.200000e+00
    endloop
  endfacet
  facet normal 2.282712e-01 -5.510955e-01 8.026120e-01
    outer loop
      vertex 1.915261e+00 -7.147851e+00 4.800000e+00
      vertex 2.750000e+00 -4.763140e+00 6.200000e+00
      vertex 1.423505e+00 -5.312592e+00 6.200000e+00
    endloop
  endfacet
  facet normal 3.631271e-01 -4.732364e-01 8.026120e-01
    outer loop
      vertex 3.700000e+00 -6.408588e+00 4.800000e+00
      vertex 5.232590e+00 -5.232590e+00 4.800000e+00
      vertex 3.889087e+00 -3.889087e+00 6.200000e+00
    endloop
  endfacet
  facet normal 3.631271e-01 -4.732364e-01 8.026120e-01
    outer loop
      vertex 3.700000e+00 -6.408588e+00 4.800000e+00
      vertex 3.889087e+00 -3.889087e+00 6.200000e+00
      vertex 2.750000e+00 -4.763140e+00 6.200000e+00
    endloop
  endfacet
  facet normal 4.732364e-01 -3.631271e-01 8.026120e-01
    outer loop
      vertex 5.232590e+00 -5.232590e+00 4.800000e+00
      vertex 6.408588e+00 -3.700000e+00 4.800000e+00
      vertex 4.763140e+00 -2.750000e+00 6.200000e+00
    endloop
  endfacet
  facet normal 4.732364e-01 -3.631271e-01 8.026120e-01
    outer loop
      vertex 5.232590e+00 -5.232590e+00 4.800000e+00
      vertex 4.763140e+00 -2.750000e+00 6.200000e+00
      vertex 3.889087e+00 -3.889087e+00 6.200000e+00
    endloop
  endfacet
  facet normal 5.510955e-01 -2.282712e-01 8.026120e-01
    outer loop
      vertex 6.408588e+00 -3.700000e+00 4.800000e+00
      vertex 7.147851e+00 -1.915261e+00 4.800000e+00
      vertex 5.312592e+00 -1.423505e+00 6.200000e+00
    endloop
  endfacet
  facet normal 5.510955e-01 -2.282712e-01 8.026120e-01
    outer loop
      vertex 6.408588e+00 -3.700000e+00 4.800000e+00
      vertex 5.312592e+00 -1.423505e+00 6.200000e+00
      vertex 4.763140e+00 -2.750000e+00 6.200000e+00
    endloop
  endfacet
  facet normal 5.913983e-01 -7.785906e-02 8.026120e-01
    outer loop
      vertex 7.147851e+00 -1.915261e+00 4.800000e+00
      vertex 7.400000e+00 0.000000e+00 4.800000e+00
      vertex 5.500000e+00 0.000000e+00 6.200000e+00
    endloop
  endfacet
  facet normal 5.913983e-01 -7.785906e-02 8.026120e-01
    outer loop
      vertex 7.147851e+00 -1.915261e+00 4.800000e+00
      vertex 5.500000e+00 0.000000e+00 6.200000e+00
      vertex 5.312592e+00 -1.423505e+00 6.200000e+00
    endloop
  endfacet
  facet normal 9.911076e-01 1.304818e-01 -2.608178e-02
    outer loop
      vertex 5.500000e+00 0.000000e+00 6.200000e+00
      vertex 5.312592e+00 1.423505e+00 6.200000e+00
      vertex 5.409185e+00 1.449387e+00 1.000000e+01
    endloop
  endfacet
  facet normal 9.911076e-01 1.304818e-01 -2.608178e-02
    outer loop
      vertex 5.500000e+00 0.000000e+00 6.200000e+00
      vertex 5.409185e+00 1.449387e+00 1.000000e+01
      vertex 5.600000e+00 0.000000e+00 1.000000e+01
    endloop
  endfacet
  facet normal 9.235652e-01 3.825532e-01 -2.608178e-02
    outer loop
      vertex 5.312592e+00 1.423505e+00 6.200000e+00
      vertex 4.763140e+00 2.750000e+00 6.200000e+00
      vertex 4.849742e+00 2.800000e+00 1.000000e+01
    endloop
  endfacet
  facet normal 9.235652e-01 3.825532e-01 -2.608178e-02
    outer loop
      vertex 5.312592e+00 1.423505e+00 6.200000e+00
      vertex 4.849742e+00 2.800000e+00 1.000000e+01
      vertex 5.409185e+00 1.449387e+00 1.000000e+01
    endloop
  endfacet
  facet normal 7.930835e-01 6.085543e-01 -2.608178e-02
    outer loop
      vertex 4.763140e+00 2.750000e+00 6.200000e+00
      vertex 3.889087e+00 3.889087e+00 6.200000e+00
      vertex 3.959798e+00 3.959798e+00 1.000000e+01
    endloop
  endfacet
  facet normal 7.930835e-01 6.085543e-01 -2.608178e-02
    outer loop
      vertex 4.763140e+00 2.750000e+00 6.200000e+00
      vertex 3.959798e+00 3.959798e+00 1.000000e+01
      vertex 4.849742e+00 2.800000e+00 1.000000e+01
    endloop
  endfacet
  facet normal 6.085543e-01 7.930835e-01 -2.608178e-02
    outer loop
      vertex 3.889087e+00 3.889087e+00 6.200000e+00
      vertex 2.750000e+00 4.763140e+00 6.200000e+00
      vertex 2.800000e+00 4.849742e+00 1.000000e+01
    endloop
  endfacet
  facet normal 6.085543e-01 7.930835e-01 -2.608178e-02
    outer loop
      vertex 3.889087e+00 3.889087e+00 6.200000e+00
      vertex 2.800000e+00 4.849742e+00 1.000000e+01
      vertex 3.959798e+00 3.959798e+00 1.000000e+01
    endloop
  endfacet
  facet normal 3.825532e-01 9.235652e-01 -2.608178e-02
    outer loop
      vertex 2.750000e+00 4.763140e+00 6.200000e+00
      vertex 1.423505e+00 5.312592e+00 6.200000e+00
      vertex 1.449387e+00 5.409185e+00 1.000000e+01
    endloop
  endfacet
  facet normal 3.825532e-01 9.235652e-01 -2.608178e-02
    outer loop
      vertex 2.750000e+00 4.763140e+00 6.200000e+00
      vertex 1.449387e+00 5.409185e+00 1.000000e+01
      vertex 2.800000e+00 4.849742e+00 1.000000e+01
    endloop
  endfacet
  facet normal 1.304818e-01 9.911076e-01 -2.608178e-02
    outer loop
      vertex 1.423505e+00 5.312592e+00 6.200000e+00
      vertex 3.367779e-16 5.500000e+00 6.200000e+00
      vertex 3.429011e-16 5.600000e+00 1.000000e+01
    endloop
  endfacet
  facet normal 1.304818e-01 9.911076e-01 -2.608178e-02
    outer loop
      vertex 1.423505e+00 5.312592e+00 6.200000e+00
      vertex 3.429011e-16 5.600000e+00 1.000000e+01
      vertex 1.449387e+00 5.409185e+00 1.000000e+01
    endloop
  endfacet
  facet normal -1.304818e-01 9.911076e-01 -2.608178e-02
    outer loop
      vertex 3.367779e-16 5.500000e+00 6.200000e+00
      vertex -1.423505e+00 5.312592e+00 6.200000e+00
      vertex -1.449387e+00 5.409185e+00 1.000000e+01
    endloop
  endfacet
  facet normal -1.304818e-01 9.911076e-01 -2.608178e-02
    outer loop
      vertex 3.367779e-16 5.500000e+00 6.200000e+00
      vertex -1.449387e+00 5.409185e+00 1.000000e+01
      vertex 3.429011e-16 5.600000e+00 1.000000e+01
    endloop
  endfacet
  facet normal -3.825532e-01 9.235652e-01 -2.608178e-02
    outer loop
      vertex -1.423505e+00 5.312592e+00 6.200000e+00
      vertex -2.750000e+00 4.763140e+00 6.200000e+00
      vertex -2.800000e+00 4.849742e+00 1.000000e+01
    endloop
  endfacet
  facet normal -3.825532e-01 9.235652e-01 -2.608178e-02
    outer loop
      vertex -1.423505e+00 5.312592e+00 6.200000e+00
      vertex -2.800000e+00 4.849742e+00 1.000000e+01
      vertex -1.449387e+00 5.409185e+00 1.000000e+01
    endloop
  endfacet
  facet normal -6.085543e-01 7.930835e-01 -2.608178e-02
    outer loop
      vertex -2.750000e+00 4.763140e+00 6.200000e+00
      vertex -3.889087e+00 3.889087e+00 6.200000e+00
      vertex -3.959798e+00 3.959798e+00 1.000000e+01
    endloop
  endfacet
  facet normal -6.085543e-01 7.930835e-01 -2.608178e-02
    outer loop
      vertex -2.750000e+00 4.763140e+00 6.200000e+00
      vertex -3.959798e+00 3.959798e+00 1.000000e+01
      vertex -2.800000e+00 4.849742e+00 1.000000e+01
    endloop
  endfacet
  facet normal -7.930835e-01 6.085543e-01 -2.608178e-02
    outer loop
      vertex -3.889087e+00 3.889087e+00 6.200000e+00
      vertex -4.763140e+00 2.750000e+00 6.200000e+00
      vertex -4.849742e+00 2.800000e+00 1.000000e+01
    endloop
  endfacet
  facet normal -7.930835e-01 6.085543e-01 -2.608178e-02
    outer loop
      vertex -3.889087e+00 3.889087e+00 6.200000e+00
      vertex -4.849742e+00 2.800000e+00 1.000000e+01
      vertex -3.959798e+00 3.959798e+00 1.000000e+01
    endloop
  endfacet
  facet normal -9.235652e-01 3.825532e-01 -2.608178e-02
    outer loop
      vertex -4.763140e+00 2.750000e+00 6.200000e+00
      vertex -5.312592e+00 1.423505e+00 6.200000e+00
      vertex -5.409185e+00 1.449387e+00 1.000000e+01
    endloop
  endfacet
  facet normal -9.235652e-01 3.825532e-01 -2.608178e-02
    outer loop
      vertex -4.763140e+00 2.750000e+00 6.200000e+00
      vertex -5.409185e+00 1.449387e+00 1.000000e+01
      vertex -4.849742e+00 2.800000e+00 1.000000e+01
    endloop
  endfacet
  facet normal -9.911076e-01 1.304818e-01 -2.608178e-02
    outer loop
      vertex -5.312592e+00 1.423505e+00 6.200000e+00
      vertex -5.500000e+00 6.735557e-16 6.200000e+00
      vertex -5.600000e+00 6.858022e-16 1.000000e+01
    endloop
  endfacet
  facet normal -9.911076e-01 1.304818e-01 -2.608178e-02
    outer loop
      vertex -5.312592e+00 1.423505e+00 6.200000e+00
      vertex -5.600000e+00 6.858022e-16 1.000000e+01
      vertex -5.409185e+00 1.449387e+00 1.000000e+01
    endloop
  endfacet
  facet normal -9.911076e-01 -1.304818e-01 -2.608178e-02
    outer loop
      vertex -5.500000e+00 6.735557e-16 6.200000e+00
      vertex -5.312592e+00 -1.423505e+00 6.200000e+00
      vertex -5.409185e+00 -1.449387e+00 1.000000e+01
    endloop
  endfacet
  facet normal -9.911076e-01 -1.304818e-01 -2.608178e-02
    outer loop
      vertex -5.500000e+00 6.735557e-16 6.200000e+00
      vertex -5.409185e+00 -1.449387e+00 1.000000e+01
      vertex -5.600000e+00 6.858022e-16 1.000000e+01
    endloop
  endfacet
  facet normal -9.235652e-01 -3.825532e-01 -2.608178e-02
    outer loop
      vertex -5.312592e+00 -1.423505e+00 6.200000e+00
      vertex -4.763140e+00 -2.750000e+00 6.200000e+00
      vertex -4.849742e+00 -2.800000e+00 1.000000e+01
    endloop
  endfacet
  facet normal -9.235652e-01 -3.825532e-01 -2.608178e-02
    outer loop
      vertex -5.312592e+00 -1.423505e+00 6.200000e+00
      vertex -4.849742e+00 -2.800000e+00 1.000000e+01
      vertex -5.409185e+00 -1.449387e+00 1.000000e+01
    endloop
  endfacet
  facet normal -7.930835e-01 -6.085543e-01 -2.608178e-02
    outer loop
      vertex -4.763140e+00 -2.750000e+00 6.200000e+00
      vertex -3.889087e+00 -3.889087e+00 6.200000e+00
      vertex -3.959798e+00 -3.959798e+00 1.000000e+01
    endloop
  endfacet
  facet normal -7.930835e-01 -6.085543e-01 -2.608178e-02
    outer loop
      vertex -4.763140e+00 -2.750000e+00 6.200000e+00
      vertex -3.959798e+00 -3.959798e+00 1.000000e+01
      vertex -4.849742e+00 -2.800000e+00 1.000000e+01
    endloop
  endfacet
  facet normal -6.085543e-01 -7.930835e-01 -2.608178e-02
    outer loop
      vertex -3.889087e+00 -3.889087e+00 6.200000e+00
      vertex -2.750000e+00 -4.763140e+00 6.200000e+00
      vertex -2.800000e+00 -4.849742e+00 1.000000e+01
    endloop
  endfacet
  facet normal -6.085543e-01 -7.930835e-01 -2.608178e-02
    outer loop
      vertex -3.889087e+00 -3.889087e+00 6.200000e+00
      vertex -2.800000e+00 -4.849742e+00 1.000000e+01
      vertex -3.959798e+00 -3.959798e+00 1.000000e+01
    endloop
  endfacet
  facet normal -3.825532e-01 -9.235652e-01 -2.608178e-02
    outer loop
      vertex -2.750000e+00 -4.763140e+00 6.200000e+00
      vertex -1.423505e+00 -5.312592e+00 6.200000e+00
      vertex -1.449387e+00 -5.409185e+00 1.000000e+01
    endloop
  endfacet
  facet normal -3.825532e-01 -9.235652e-01 -2.608178e-02
    outer loop
      vertex -2.750000e+00 -4.763140e+00 6.200000e+00
      vertex -1.449387e+00 -5.409185e+00 1.000000e+01
      vertex -2.800000e+00 -4.849742e+00 1.000000e+01
    endloop
  endfacet
  facet normal -1.304818e-01 -9.911076e-01 -2.608178e-02
    outer loop
      vertex -1.423505e+00 -5.312592e+00 6.200000e+00
      vertex -1.010334e-15 -5.500000e+00 6.200000e+00
      vertex -1.028703e-15 -5.600000e+00 1.000000e+01
    endloop
  endfacet
  facet normal -1.304818e-01 -9.911076e-01 -2.608178e-02
    outer loop
      vertex -1.423505e+00 -5.312592e+00 6.200000e+00
      vertex -1.028703e-15 -5.600000e+00 1.000000e+01
      vertex -1.449387e+00 -5.409185e+00 1.000000e+01
    endloop
  endfacet
  facet normal 1.304818e-01 -9.911076e-01 -2.608178e-02
    outer loop
      vertex -1.010334e-15 -5.500000e+00 6.200000e+00
      vertex 1.423505e+00 -5.312592e+00 6.200000e+00
      vertex 1.449387e+00 -5.409185e+00 1.000000e+01
    endloop
  endfacet
  facet normal 1.304818e-01 -9.911076e-01 -2.608178e-02
    outer loop
      vertex -1.010334e-15 -5.500000e+00 6.200000e+00
      vertex 1.449387e+00 -5.409185e+00 1.000000e+01
      vertex -1.028703e-15 -5.600000e+00 1.000000e+01
    endloop
  endfacet
  facet normal 3.825532e-01 -9.235652e-01 -2.608178e-02
    outer loop
      vertex 1.423505e+00 -5.312592e+00 6.200000e+00
      vertex 2.750000e+00 -4.763140e+00 6.200000e+00
      vertex 2.800000e+00 -4.849742e+00 1.000000e+01
    endloop
  endfacet
  facet normal 3.825532e-01 -9.235652e-01 -2.608178e-02
    outer loop
      vertex 1.423505e+00 -5.312592e+00 6.200000e+00
      vertex 2.800000e+00 -4.849742e+00 1.000000e+01
      vertex 1.449387e+00 -5.409185e+00 1.000000e+01
    endloop
  endfacet
  facet normal 6.085543e-01 -7.930835e-01 -2.608178e-02
    outer loop
      vertex 2.750000e+00 -4.763140e+00 6.200000e+00
      vertex 3.889087e+00 -3.889087e+00 6.200000e+00
      vertex 3.959798e+00 -3.959798e+00 1.000000e+01
    endloop
  endfacet
  facet normal 6.085543e-01 -7.930835e-01 -2.608178e-02
    outer loop
      vertex 2.750000e+00 -4.763140e+00 6.200000e+00
      vertex 3.959798e+00 -3.959798e+00 1.000000e+01
      vertex 2.800000e+00 -4.849742e+00 1.000000e+01
    endloop
  endfacet
  facet normal 7.930835e-01 -6.085543e-01 -2.608178e-02
    outer loop
      vertex 3.889087e+00 -3.889087e+00 6.200000e+00
      vertex 4.763140e+00 -2.750000e+00 6.200000e+00
      vertex 4.849742e+00 -2.800000e+00 1.000000e+01
    endloop
  endfacet
  facet normal 7.930835e-01 -6.085543e-01 -2.608178e-02
    outer loop
      vertex 3.889087e+00 -3.889087e+00 6.200000e+00
      vertex 4.849742e+00 -2.800000e+00 1.000000e+01
      vertex 3.959798e+00 -3.959798e+00 1.000000e+01
    endloop
  endfacet
  facet normal 9.235652e-01 -3.825532e-01 -2.608178e-02
    outer loop
      vertex 4.763140e+00 -2.750000e+00 6.200000e+00
      vertex 5.312592e+00 -1.423505e+00 6.200000e+00
      vertex 5.409185e+00 -1.449387e+00 1.000000e+01
    endloop
  endfacet
  facet normal 9.235652e-01 -3.825532e-01 -2.608178e-02
    outer loop
      vertex 4.763140e+00 -2.750000e+00 6.200000e+00
      vertex 5.409185e+00 -1.449387e+00 1.000000e+01
      vertex 4.849742e+00 -2.800000e+00 1.000000e+01
    endloop
  endfacet
  facet normal 9.911076e-01 -1.304818e-01 -2.608178e-02
    outer loop
      vertex 5.312592e+00 -1.423505e+00 6.200000e+00
      vertex 5.500000e+00 0.000000e+00 6.200000e+00
      vertex 5.600000e+00 0.000000e+00 1.000000e+01
    endloop
  endfacet
  facet normal 9.911076e-01 -1.304818e-01 -2.608178e-02
    outer loop
      vertex 5.312592e+00 -1.423505e+00 6.200000e+00
      vertex 5.600000e+00 0.000000e+00 1.000000e+01
      vertex 5.409185e+00 -1.449387e+00 1.000000e+01
    endloop
  endfacet
  facet normal 9.892863e-01 1.302420e-01 -6.595242e-02
    outer loop
      vertex 5.600000e+00 0.000000e+00 1.000000e+01
      vertex 5.409185e+00 1.449387e+00 1.000000e+01
      vertex 5.795555e+00 1.552914e+00 1.600000e+01
    endloop
  endfacet
  facet normal 9.892863e-01 1.302420e-01 -6.595242e-02
    outer loop
      vertex 5.600000e+00 0.000000e+00 1.000000e+01
      vertex 5.795555e+00 1.552914e+00 1.600000e+01
      vertex 6.000000e+00 0.000000e+00 1.600000e+01
    endloop
  endfacet
  facet normal 9.218680e-01 3.818502e-01 -6.595242e-02
    outer loop
      vertex 5.409185e+00 1.449387e+00 1.000000e+01
      vertex 4.849742e+00 2.800000e+00 1.000000e+01
      vertex 5.196152e+00 3.000000e+00 1.600000e+01
    endloop
  endfacet
  facet normal 9.218680e-01 3.818502e-01 -6.595242e-02
    outer loop
      vertex 5.409185e+00 1.449387e+00 1.000000e+01
      vertex 5.196152e+00 3.000000e+00 1.600000e+01
      vertex 5.795555e+00 1.552914e+00 1.600000e+01
    endloop
  endfacet
  facet normal 7.916260e-01 6.074360e-01 -6.595242e-02
    outer loop
      vertex 4.849742e+00 2.800000e+00 1.000000e+01
      vertex 3.959798e+00 3.959798e+00 1.000000e+01
      vertex 4.242641e+00 4.242641e+00 1.600000e+01
    endloop
  endfacet
  facet normal 7.916260e-01 6.074360e-01 -6.595242e-02
    outer loop
      vertex 4.849742e+00 2.800000e+00 1.000000e+01
      vertex 4.242641e+00 4.242641e+00 1.600000e+01
      vertex 5.196152e+00 3.000000e+00 1.600000e+01
    endloop
  endfacet
  facet normal 6.074360e-01 7.916260e-01 -6.595242e-02
    outer loop
      vertex 3.959798e+00 3.959798e+00 1.000000e+01
      vertex 2.800000e+00 4.849742e+00 1.000000e+01
      vertex 3.000000e+00 5.196152e+00 1.600000e+01
    endloop
  endfacet
  facet normal 6.074360e-01 7.916260e-01 -6.595242e-02
    outer loop
      vertex 3.959798e+00 3.959798e+00 1.000000e+01
      vertex 3.000000e+00 5.196152e+00 1.600000e+01
      vertex 4.242641e+00 4.242641e+00 1.600000e+01
    endloop
  endfacet
  facet normal 3.818502e-01 9.218680e-01 -6.595242e-02
    outer loop
      vertex 2.800000e+00 4.849742e+00 1.000000e+01
      vertex 1.449387e+00 5.409185e+00 1.000000e+01
      vertex 1.552914e+00 5.795555e+00 1.600000e+01
    endloop
  endfacet
  facet normal 3.818502e-01 9.218680e-01 -6.595242e-02
    outer loop
      vertex 2.800000e+00 4.849742e+00 1.000000e+01
      vertex 1.552914e+00 5.795555e+00 1.600000e+01
      vertex 3.000000e+00 5.196152e+00 1.600000e+01
    endloop
  endfacet
  facet normal 1.302420e-01 9.892863e-01 -6.595242e-02
    outer loop
      vertex 1.449387e+00 5.409185e+00 1.000000e+01
      vertex 3.429011e-16 5.600000e+00 1.000000e+01
      vertex 3.673940e-16 6.000000e+00 1.600000e+01
    endloop
  endfacet
  facet normal 1.302420e-01 9.892863e-01 -6.595242e-02
    outer loop
      vertex 1.449387e+00 5.409185e+00 1.000000e+01
      vertex 3.673940e-16 6.000000e+00 1.600000e+01
      vertex 1.552914e+00 5.795555e+00 1.600000e+01
    endloop
  endfacet
  facet normal -1.302420e-01 9.892863e-01 -6.595242e-02
    outer loop
      vertex 3.429011e-16 5.600000e+00 1.000000e+01
      vertex -1.449387e+00 5.409185e+00 1.000000e+01
      vertex -1.552914e+00 5.795555e+00 1.600000e+01
    endloop
  endfacet
  facet normal -1.302420e-01 9.892863e-01 -6.595242e-02
    outer loop
      vertex 3.429011e-16 5.600000e+00 1.000000e+01
      vertex -1.552914e+00 5.795555e+00 1.600000e+01
      vertex 3.673940e-16 6.000000e+00 1.600000e+01
    endloop
  endfacet
  facet normal -3.818502e-01 9.218680e-01 -6.595242e-02
    outer loop
      vertex -1.449387e+00 5.409185e+00 1.000000e+01
      vertex -2.800000e+00 4.849742e+00 1.000000e+01
      vertex -3.000000e+00 5.196152e+00 1.600000e+01
    endloop
  endfacet
  facet normal -3.818502e-01 9.218680e-01 -6.595242e-02
    outer loop
      vertex -1.449387e+00 5.409185e+00 1.000000e+01
      vertex -3.000000e+00 5.196152e+00 1.600000e+01
      vertex -1.552914e+00 5.795555e+00 1.600000e+01
    endloop
  endfacet
  facet normal -6.074360e-01 7.916260e-01 -6.595242e-02
    outer loop
      vertex -2.800000e+00 4.849742e+00 1.000000e+01
      vertex -3.959798e+00 3.959798e+00 1.000000e+01
      vertex -4.242641e+00 4.242641e+00 1.600000e+01
    endloop
  endfacet
  facet normal -6.074360e-01 7.916260e-01 -6.595242e-02
    outer loop
      vertex -2.800000e+00 4.849742e+00 1.000000e+01
      vertex -4.242641e+00 4.242641e+00 1.600000e+01
      vertex -3.000000e+00 5.196152e+00 1.600000e+01
    endloop
  endfacet
  facet normal -7.916260e-01 6.074360e-01 -6.595242e-02
    outer loop
      vertex -3.959798e+00 3.959798e+00 1.000000e+01
      vertex -4.849742e+00 2.800000e+00 1.000000e+01
      vertex -5.196152e+00 3.000000e+00 1.600000e+01
    endloop
  endfacet
  facet normal -7.916260e-01 6.074360e-01 -6.595242e-02
    outer loop
      vertex -3.959798e+00 3.959798e+00 1.000000e+01
      vertex -5.196152e+00 3.000000e+00 1.600000e+01
      vertex -4.242641e+00 4.242641e+00 1.600000e+01
    endloop
  endfacet
  facet normal -9.218680e-01 3.818502e-01 -6.595242e-02
    outer loop
      vertex -4.849742e+00 2.800000e+00 1.000000e+01
      vertex -5.409185e+00 1.449387e+00 1.000000e+01
      vertex -5.795555e+00 1.552914e+00 1.600000e+01
    endloop
  endfacet
  facet normal -9.218680e-01 3.818502e-01 -6.595242e-02
    outer loop
      vertex -4.849742e+00 2.800000e+00 1.000000e+01
      vertex -5.795555e+00 1.552914e+00 1.600000e+01
      vertex -5.196152e+00 3.000000e+00 1.600000e+01
    endloop
  endfacet
  facet normal -9.892863e-01 1.302420e-01 -6.595242e-02
    outer loop
      vertex -5.409185e+00 1.449387e+00 1.000000e+01
      vertex -5.600000e+00 6.858022e-16 1.000000e+01
      vertex -6.000000e+00 7.347881e-16 1.600000e+01
    endloop
  endfacet
  facet normal -9.892863e-01 1.302420e-01 -6.595242e-02
    outer loop
      vertex -5.409185e+00 1.449387e+00 1.000000e+01
      vertex -6.000000e+00 7.347881e-16 1.600000e+01
      vertex -5.795555e+00 1.552914e+00 1.600000e+01
    endloop
  endfacet
  facet normal -9.892863e-01 -1.302420e-01 -6.595242e-02
    outer loop
      vertex -5.600000e+00 6.858022e-16 1.000000e+01
      vertex -5.409185e+00 -1.449387e+00 1.000000e+01
      vertex -5.795555e+00 -1.552914e+00 1.600000e+01
    endloop
  endfacet
  facet normal -9.892863e-01 -1.302420e-01 -6.595242e-02
    outer loop
      vertex -5.600000e+00 6.858022e-16 1.000000e+01
      vertex -5.795555e+00 -1.552914e+00 1.600000e+01
      vertex -6.000000e+00 7.347881e-16 1.600000e+01
    endloop
  endfacet
  facet normal -9.218680e-01 -3.818502e-01 -6.595242e-02
    outer loop
      vertex -5.409185e+00 -1.449387e+00 1.000000e+01
      vertex -4.849742e+00 -2.800000e+00 1.000000e+01
      vertex -5.196152e+00 -3.000000e+00 1.600000e+01
    endloop
  endfacet
  facet normal -9.218680e-01 -3.818502e-01 -6.595242e-02
    outer loop
      vertex -5.409185e+00 -1.449387e+00 1.000000e+01
      vertex -5.196152e+00 -3.000000e+00 1.600000e+01
      vertex -5.795555e+00 -1.552914e+00 1.600000e+01
    endloop
  endfacet
  facet normal -7.916260e-01 -6.074360e-01 -6.595242e-02
    outer loop
      vertex -4.849742e+00 -2.800000e+00 1.000000e+01
      vertex -3.959798e+00 -3.959798e+00 1.000000e+01
      vertex -4.242641e+00 -4.242641e+00 1.600000e+01
    endloop
  endfacet
  facet normal -7.916260e-01 -6.074360e-01 -6.595242e-02
    outer loop
      vertex -4.849742e+00 -2.800000e+00 1.000000e+01
      vertex -4.242641e+00 -4.242641e+00 1.600000e+01
      vertex -5.196152e+00 -3.000000e+00 1.600000e+01
    endloop
  endfacet
  facet normal -6.074360e-01 -7.916260e-01 -6.595242e-02
    outer loop
      vertex -3.959798e+00 -3.959798e+00 1.000000e+01
      vertex -2.800000e+00 -4.849742e+00 1.000000e+01
      vertex -3.000000e+00 -5.196152e+00 1.600000e+01
    endloop
  endfacet
  facet normal -6.074360e-01 -7.916260e-01 -6.595242e-02
    outer loop
      vertex -3.959798e+00 -3.959798e+00 1.000000e+01
      vertex -3.000000e+00 -5.196152e+00 1.600000e+01
      vertex -4.242641e+00 -4.242641e+00 1.600000e+01
    endloop
  endfacet
  facet normal -3.818502e-01 -9.218680e-01 -6.595242e-02
    outer loop
      vertex -2.800000e+00 -4.849742e+00 1.000000e+01
      vertex -1.449387e+00 -5.409185e+00 1.000000e+01
      vertex -1.552914e+00 -5.795555e+00 1.600000e+01
    endloop
  endfacet
  facet normal -3.818502e-01 -9.218680e-01 -6.595242e-02
    outer loop
      vertex -2.800000e+00 -4.849742e+00 1.000000e+01
      vertex -1.552914e+00 -5.795555e+00 1.600000e+01
      vertex -3.000000e+00 -5.196152e+00 1.600000e+01
    endloop
  endfacet
  facet normal -1.302420e-01 -9.892863e-01 -6.595242e-02
    outer loop
      vertex -1.449387e+00 -5.409185e+00 1.000000e+01
      vertex -1.028703e-15 -5.600000e+00 1.000000e+01
      vertex -1.102182e-15 -6.000000e+00 1.600000e+01
    endloop
  endfacet
  facet normal -1.302420e-01 -9.892863e-01 -6.595242e-02
    outer loop
      vertex -1.449387e+00 -5.409185e+00 1.000000e+01
      vertex -1.102182e-15 -6.000000e+00 1.600000e+01
      vertex -1.552914e+00 -5.795555e+00 1.600000e+01
    endloop
  endfacet
  facet normal 1.302420e-01 -9.892863e-01 -6.595242e-02
    outer loop
      vertex -1.028703e-15 -5.600000e+00 1.000000e+01
      vertex 1.449387e+00 -5.409185e+00 1.000000e+01
      vertex 1.552914e+00 -5.795555e+00 1.600000e+01
    endloop
  endfacet
  facet normal 1.302420e-01 -9.892863e-01 -6.595242e-02
    outer loop
      vertex -1.028703e-15 -5.600000e+00 1.000000e+01
      vertex 1.552914e+00 -5.795555e+00 1.600000e+01
      vertex -1.102182e-15 -6.000000e+00 1.600000e+01
    endloop
  endfacet
  facet normal 3.818502e-01 -9.218680e-01 -6.595242e-02
    outer loop
      vertex 1.449387e+00 -5.409185e+00 1.000000e+01
      vertex 2.800000e+00 -4.849742e+00 1.000000e+01
      vertex 3.000000e+00 -5.196152e+00 1.600000e+01
    endloop
  endfacet
  facet normal 3.818502e-01 -9.218680e-01 -6.595242e-02
    outer loop
      vertex 1.449387e+00 -5.409185e+00 1.000000e+01
      vertex 3.000000e+00 -5.196152e+00 1.600000e+01
      vertex 1.552914e+00 -5.795555e+00 1.600000e+01
    endloop
  endfacet
  facet normal 6.074360e-01 -7.916260e-01 -6.595242e-02
    outer loop
      vertex 2.800000e+00 -4.849742e+00 1.000000e+01
      vertex 3.959798e+00 -3.959798e+00 1.000000e+01
      vertex 4.242641e+00 -4.242641e+00 1.600000e+01
    endloop
  endfacet
  facet normal 6.074360e-01 -7.916260e-01 -6.595242e-02
    outer loop
      vertex 2.800000e+00 -4.849742e+00 1.000000e+01
      vertex 4.242641e+00 -4.242641e+00 1.600000e+01
      vertex 3.000000e+00 -5.196152e+00 1.600000e+01
    endloop
  endfacet
  facet normal 7.916260e-01 -6.074360e-01 -6.595242e-02
    outer loop
      vertex 3.959798e+00 -3.959798e+00 1.000000e+01
      vertex 4.849742e+00 -2.800000e+00 1.000000e+01
      vertex 5.196152e+00 -3.000000e+00 1.600000e+01
    endloop
  endfacet
  facet normal 7.916260e-01 -6.074360e-01 -6.595242e-02
    outer loop
      vertex 3.959798e+00 -3.959798e+00 1.000000e+01
      vertex 5.196152e+00 -3.000000e+00 1.600000e+01
      vertex 4.242641e+00 -4.242641e+00 1.600000e+01
    endloop
  endfacet
  facet normal 9.218680e-01 -3.818502e-01 -6.595242e-02
    outer loop
      vertex 4.849742e+00 -2.800000e+00 1.000000e+01
      vertex 5.409185e+00 -1.449387e+00 1.000000e+01
      vertex 5.795555e+00 -1.552914e+00 1.600000e+01
    endloop
  endfacet
  facet normal 9.218680e-01 -3.818502e-01 -6.595242e-02
    outer loop
      vertex 4.849742e+00 -2.800000e+00 1.000000e+01
      vertex 5.795555e+00 -1.552914e+00 1.600000e+01
      vertex 5.196152e+00 -3.000000e+00 1.600000e+01
    endloop
  endfacet
  facet normal 9.892863e-01 -1.302420e-01 -6.595242e-02
    outer loop
      vertex 5.409185e+00 -1.449387e+00 1.000000e+01
      vertex 5.600000e+00 0.000000e+00 1.000000e+01
      vertex 6.000000e+00 0.000000e+00 1.600000e+01
    endloop
  endfacet
  facet normal 9.892863e-01 -1.302420e-01 -6.595242e-02
    outer loop
      vertex 5.409185e+00 -1.449387e+00 1.000000e+01
      vertex 6.000000e+00 0.000000e+00 1.600000e+01
      vertex 5.795555e+00 -1.552914e+00 1.600000e+01
    endloop
  endfacet
  facet normal 9.909039e-01 1.304550e-01 3.303013e-02
    outer loop
      vertex 6.000000e+00 0.000000e+00 1.600000e+01
      vertex 5.795555e+00 1.552914e+00 1.600000e+01
      vertex 5.602370e+00 1.501150e+00 2.200000e+01
    endloop
  endfacet
  facet normal 9.909039e-01 1.304550e-01 3.303013e-02
    outer loop
      vertex 6.000000e+00 0.000000e+00 1.600000e+01
      vertex 5.602370e+00 1.501150e+00 2.200000e+01
      vertex 5.800000e+00 0.000000e+00 2.200000e+01
    endloop
  endfacet
  facet normal 9.233754e-01 3.824746e-01 3.303013e-02
    outer loop
      vertex 5.795555e+00 1.552914e+00 1.600000e+01
      vertex 5.196152e+00 3.000000e+00 1.600000e+01
      vertex 5.022947e+00 2.900000e+00 2.200000e+01
    endloop
  endfacet
  facet normal 9.233754e-01 3.824746e-01 3.303013e-02
    outer loop
      vertex 5.795555e+00 1.552914e+00 1.600000e+01
      vertex 5.022947e+00 2.900000e+00 2.200000e+01
      vertex 5.602370e+00 1.501150e+00 2.200000e+01
    endloop
  endfacet
  facet normal 7.929205e-01 6.084293e-01 3.303013e-02
    outer loop
      vertex 5.196152e+00 3.000000e+00 1.600000e+01
      vertex 4.242641e+00 4.242641e+00 1.600000e+01
      vertex 4.101219e+00 4.101219e+00 2.200000e+01
    endloop
  endfacet
  facet normal 7.929205e-01 6.084293e-01 3.303013e-02
    outer loop
      vertex 5.196152e+00 3.000000e+00 1.600000e+01
      vertex 4.101219e+00 4.101219e+00 2.200000e+01
      vertex 5.022947e+00 2.900000e+00 2.200000e+01
    endloop
  endfacet
  facet normal 6.084293e-01 7.929205e-01 3.303013e-02
    outer loop
      vertex 4.242641e+00 4.242641e+00 1.600000e+01
      vertex 3.000000e+00 5.196152e+00 1.600000e+01
      vertex 2.900000e+00 5.022947e+00 2.200000e+01
    endloop
  endfacet
  facet normal 6.084293e-01 7.929205e-01 3.303013e-02
    outer loop
      vertex 4.242641e+00 4.242641e+00 1.600000e+01
      vertex 2.900000e+00 5.022947e+00 2.200000e+01
      vertex 4.101219e+00 4.101219e+00 2.200000e+01
    endloop
  endfacet
  facet normal 3.824746e-01 9.233754e-01 3.303013e-02
    outer loop
      vertex 3.000000e+00 5.196152e+00 1.600000e+01
      vertex 1.552914e+00 5.795555e+00 1.600000e+01
      vertex 1.501150e+00 5.602370e+00 2.200000e+01
    endloop
  endfacet
  facet normal 3.824746e-01 9.233754e-01 3.303013e-02
    outer loop
      vertex 3.000000e+00 5.196152e+00 1.600000e+01
      vertex 1.501150e+00 5.602370e+00 2.200000e+01
      vertex 2.900000e+00 5.022947e+00 2.200000e+01
    endloop
  endfacet
  facet normal 1.304550e-01 9.909039e-01 3.303013e-02
    outer loop
      vertex 1.552914e+00 5.795555e+00 1.600000e+01
      vertex 3.673940e-16 6.000000e+00 1.600000e+01
      vertex 3.551476e-16 5.800000e+00 2.200000e+01
    endloop
  endfacet
  facet normal 1.304550e-01 9.909039e-01 3.303013e-02
    outer loop
      vertex 1.552914e+00 5.795555e+00 1.600000e+01
      vertex 3.551476e-16 5.800000e+00 2.200000e+01
      vertex 1.501150e+00 5.602370e+00 2.200000e+01
    endloop
  endfacet
  facet normal -1.304550e-01 9.909039e-01 3.303013e-02
    outer loop
      vertex 3.673940e-16 6.000000e+00 1.600000e+01
      vertex -1.552914e+00 5.795555e+00 1.600000e+01
      vertex -1.501150e+00 5.602370e+00 2.200000e+01
    endloop
  endfacet
  facet normal -1.304550e-01 9.909039e-01 3.303013e-02
    outer loop
      vertex 3.673940e-16 6.000000e+00 1.600000e+01
      vertex -1.501150e+00 5.602370e+00 2.200000e+01
      vertex 3.551476e-16 5.800000e+00 2.200000e+01
    endloop
  endfacet
  facet normal -3.824746e-01 9.233754e-01 3.303013e-02
    outer loop
      vertex -1.552914e+00 5.795555e+00 1.600000e+01
      vertex -3.000000e+00 5.196152e+00 1.600000e+01
      vertex -2.900000e+00 5.022947e+00 2.200000e+01
    endloop
  endfacet
  facet normal -3.824746e-01 9.233754e-01 3.303013e-02
    outer loop
      vertex -1.552914e+00 5.795555e+00 1.600000e+01
      vertex -2.900000e+00 5.022947e+00 2.200000e+01
      vertex -1.501150e+00 5.602370e+00 2.200000e+01
    endloop
  endfacet
  facet normal -6.084293e-01 7.929205e-01 3.303013e-02
    outer loop
      vertex -3.000000e+00 5.196152e+00 1.600000e+01
      vertex -4.242641e+00 4.242641e+00 1.600000e+01
      vertex -4.101219e+00 4.101219e+00 2.200000e+01
    endloop
  endfacet
  facet normal -6.084293e-01 7.929205e-01 3.303013e-02
    outer loop
      vertex -3.000000e+00 5.196152e+00 1.600000e+01
      vertex -4.101219e+00 4.101219e+00 2.200000e+01
      vertex -2.900000e+00 5.022947e+00 2.200000e+01
    endloop
  endfacet
  facet normal -7.929205e-01 6.084293e-01 3.303013e-02
    outer loop
      vertex -4.242641e+00 4.242641e+00 1.600000e+01
      vertex -5.196152e+00 3.000000e+00 1.600000e+01
      vertex -5.022947e+00 2.900000e+00 2.200000e+01
    endloop
  endfacet
  facet normal -7.929205e-01 6.084293e-01 3.303013e-02
    outer loop
      vertex -4.242641e+00 4.242641e+00 1.600000e+01
      vertex -5.022947e+00 2.900000e+00 2.200000e+01
      vertex -4.101219e+00 4.101219e+00 2.200000e+01
    endloop
  endfacet
  facet normal -9.233754e-01 3.824746e-01 3.303013e-02
    outer loop
      vertex -5.196152e+00 3.000000e+00 1.600000e+01
      vertex -5.795555e+00 1.552914e+00 1.600000e+01
      vertex -5.602370e+00 1.501150e+00 2.200000e+01
    endloop
  endfacet
  facet normal -9.233754e-01 3.824746e-01 3.303013e-02
    outer loop
      vertex -5.196152e+00 3.000000e+00 1.600000e+01
      vertex -5.602370e+00 1.501150e+00 2.200000e+01
      vertex -5.022947e+00 2.900000e+00 2.200000e+01
    endloop
  endfacet
  facet normal -9.909039e-01 1.304550e-01 3.303013e-02
    outer loop
      vertex -5.795555e+00 1.552914e+00 1.600000e+01
      vertex -6.000000e+00 7.347881e-16 1.600000e+01
      vertex -5.800000e+00 7.102951e-16 2.200000e+01
    endloop
  endfacet
  facet normal -9.909039e-01 1.304550e-01 3.303013e-02
    outer loop
      vertex -5.795555e+00 1.552914e+00 1.600000e+01
      vertex -5.800000e+00 7.102951e-16 2.200000e+01
      vertex -5.602370e+00 1.501150e+00 2.200000e+01
    endloop
  endfacet
  facet normal -9.909039e-01 -1.304550e-01 3.303013e-02
    outer loop
      vertex -6.000000e+00 7.347881e-16 1.600000e+01
      vertex -5.795555e+00 -1.552914e+00 1.600000e+01
      vertex -5.602370e+00 -1.501150e+00 2.200000e+01
    endloop
  endfacet
  facet normal -9.909039e-01 -1.304550e-01 3.303013e-02
    outer loop
      vertex -6.000000e+00 7.347881e-16 1.600000e+01
      vertex -5.602370e+00 -1.501150e+00 2.200000e+01
      vertex -5.800000e+00 7.102951e-16 2.200000e+01
    endloop
  endfacet
  facet normal -9.233754e-01 -3.824746e-01 3.303013e-02
    outer loop
      vertex -5.795555e+00 -1.552914e+00 1.600000e+01
      vertex -5.196152e+00 -3.000000e+00 1.600000e+01
      vertex -5.022947e+00 -2.900000e+00 2.200000e+01
    endloop
  endfacet
  facet normal -9.233754e-01 -3.824746e-01 3.303013e-02
    outer loop
      vertex -5.795555e+00 -1.552914e+00 1.600000e+01
      vertex -5.022947e+00 -2.900000e+00 2.200000e+01
      vertex -5.602370e+00 -1.501150e+00 2.200000e+01
    endloop
  endfacet
  facet normal -7.929205e-01 -6.084293e-01 3.303013e-02
    outer loop
      vertex -5.196152e+00 -3.000000e+00 1.600000e+01
      vertex -4.242641e+00 -4.242641e+00 1.600000e+01
      vertex -4.101219e+00 -4.101219e+00 2.200000e+01
    endloop
  endfacet
  facet normal -7.929205e-01 -6.084293e-01 3.303013e-02
    outer loop
      vertex -5.196152e+00 -3.000000e+00 1.600000e+01
      vertex -4.101219e+00 -4.101219e+00 2.200000e+01
      vertex -5.022947e+00 -2.900000e+00 2.200000e+01
    endloop
  endfacet
  facet normal -6.084293e-01 -7.929205e-01 3.303013e-02
    outer loop
      vertex -4.242641e+00 -4.242641e+00 1.600000e+01
      vertex -3.000000e+00 -5.196152e+00 1.600000e+01
      vertex -2.900000e+00 -5.022947e+00 2.200000e+01
    endloop
  endfacet
  facet normal -6.084293e-01 -7.929205e-01 3.303013e-02
    outer loop
      vertex -4.242641e+00 -4.242641e+00 1.600000e+01
      vertex -2.900000e+00 -5.022947e+00 2.200000e+01
      vertex -4.101219e+00 -4.101219e+00 2.200000e+01
    endloop
  endfacet
  facet normal -3.824746e-01 -9.233754e-01 3.303013e-02
    outer loop
      vertex -3.000000e+00 -5.196152e+00 1.600000e+01
      vertex -1.552914e+00 -5.795555e+00 1.600000e+01
      vertex -1.501150e+00 -5.602370e+00 2.200000e+01
    endloop
  endfacet
  facet normal -3.824746e-01 -9.233754e-01 3.303013e-02
    outer loop
      vertex -3.000000e+00 -5.196152e+00 1.600000e+01
      vertex -1.501150e+00 -5.602370e+00 2.200000e+01
      vertex -2.900000e+00 -5.022947e+00 2.200000e+01
    endloop
  endfacet
  facet normal -1.304550e-01 -9.909039e-01 3.303013e-02
    outer loop
      vertex -1.552914e+00 -5.795555e+00 1.600000e+01
      vertex -1.102182e-15 -6.000000e+00 1.600000e+01
      vertex -1.065443e-15 -5.800000e+00 2.200000e+01
    endloop
  endfacet
  facet normal -1.304550e-01 -9.909039e-01 3.303013e-02
    outer loop
      vertex -1.552914e+00 -5.795555e+00 1.600000e+01
      vertex -1.065443e-15 -5.800000e+00 2.200000e+01
      vertex -1.501150e+00 -5.602370e+00 2.200000e+01
    endloop
  endfacet
  facet normal 1.304550e-01 -9.909039e-01 3.303013e-02
    outer loop
      vertex -1.102182e-15 -6.000000e+00 1.600000e+01
      vertex 1.552914e+00 -5.795555e+00 1.600000e+01
      vertex 1.501150e+00 -5.602370e+00 2.200000e+01
    endloop
  endfacet
  facet normal 1.304550e-01 -9.909039e-01 3.303013e-02
    outer loop
      vertex -1.102182e-15 -6.000000e+00 1.600000e+01
      vertex 1.501150e+00 -5.602370e+00 2.200000e+01
      vertex -1.065443e-15 -5.800000e+00 2.200000e+01
    endloop
  endfacet
  facet normal 3.824746e-01 -9.233754e-01 3.303013e-02
    outer loop
      vertex 1.552914e+00 -5.795555e+00 1.600000e+01
      vertex 3.000000e+00 -5.196152e+00 1.600000e+01
      vertex 2.900000e+00 -5.022947e+00 2.200000e+01
    endloop
  endfacet
  facet normal 3.824746e-01 -9.233754e-01 3.303013e-02
    outer loop
      vertex 1.552914e+00 -5.795555e+00 1.600000e+01
      vertex 2.900000e+00 -5.022947e+00 2.200000e+01
      vertex 1.501150e+00 -5.602370e+00 2.200000e+01
    endloop
  endfacet
  facet normal 6.084293e-01 -7.929205e-01 3.303013e-02
    outer loop
      vertex 3.000000e+00 -5.196152e+00 1.600000e+01
      vertex 4.242641e+00 -4.242641e+00 1.600000e+01
      vertex 4.101219e+00 -4.101219e+00 2.200000e+01
    endloop
  endfacet
  facet normal 6.084293e-01 -7.929205e-01 3.303013e-02
    outer loop
      vertex 3.000000e+00 -5.196152e+00 1.600000e+01
      vertex 4.101219e+00 -4.101219e+00 2.200000e+01
      vertex 2.900000e+00 -5.022947e+00 2.200000e+01
    endloop
  endfacet
  facet normal 7.929205e-01 -6.084293e-01 3.303013e-02
    outer loop
      vertex 4.242641e+00 -4.242641e+00 1.600000e+01
      vertex 5.196152e+00 -3.000000e+00 1.600000e+01
      vertex 5.022947e+00 -2.900000e+00 2.200000e+01
    endloop
  endfacet
  facet normal 7.929205e-01 -6.084293e-01 3.303013e-02
    outer loop
      vertex 4.242641e+00 -4.242641e+00 1.600000e+01
      vertex 5.022947e+00 -2.900000e+00 2.200000e+01
      vertex 4.101219e+00 -4.101219e+00 2.200000e+01
    endloop
  endfacet
  facet normal 9.233754e-01 -3.824746e-01 3.303013e-02
    outer loop
      vertex 5.196152e+00 -3.000000e+00 1.600000e+01
      vertex 5.795555e+00 -1.552914e+00 1.600000e+01
      vertex 5.602370e+00 -1.501150e+00 2.200000e+01
    endloop
  endfacet
  facet normal 9.233754e-01 -3.824746e-01 3.303013e-02
    outer loop
      vertex 5.196152e+00 -3.000000e+00 1.600000e+01
      vertex 5.602370e+00 -1.501150e+00 2.200000e+01
      vertex 5.022947e+00 -2.900000e+00 2.200000e+01
    endloop
  endfacet
  facet normal 9.909039e-01 -1.304550e-01 3.303013e-02
    outer loop
      vertex 5.795555e+00 -1.552914e+00 1.600000e+01
      vertex 6.000000e+00 0.000000e+00 1.600000e+01
      vertex 5.800000e+00 0.000000e+00 2.200000e+01
    endloop
  endfacet
  facet normal 9.909039e-01 -1.304550e-01 3.303013e-02
    outer loop
      vertex 5.795555e+00 -1.552914e+00 1.600000e+01
      vertex 5.800000e+00 0.000000e+00 2.200000e+01
      vertex 5.602370e+00 -1.501150e+00 2.200000e+01
    endloop
  endfacet
  facet normal 9.866077e-01 1.298894e-01 9.866077e-02
    outer loop
      vertex 5.800000e+00 0.000000e+00 2.200000e+01
      vertex 5.602370e+00 1.501150e+00 2.200000e+01
      vertex 5.022814e+00 1.345859e+00 2.800000e+01
    endloop
  endfacet
  facet normal 9.866077e-01 1.298894e-01 9.866077e-02
    outer loop
      vertex 5.800000e+00 0.000000e+00 2.200000e+01
      vertex 5.022814e+00 1.345859e+00 2.800000e+01
      vertex 5.200000e+00 0.000000e+00 2.800000e+01
    endloop
  endfacet
  facet normal 9.193720e-01 3.808164e-01 9.866077e-02
    outer loop
      vertex 5.602370e+00 1.501150e+00 2.200000e+01
      vertex 5.022947e+00 2.900000e+00 2.200000e+01
      vertex 4.503332e+00 2.600000e+00 2.800000e+01
    endloop
  endfacet
  facet normal 9.193720e-01 3.808164e-01 9.866077e-02
    outer loop
      vertex 5.602370e+00 1.501150e+00 2.200000e+01
      vertex 4.503332e+00 2.600000e+00 2.800000e+01
      vertex 5.022814e+00 1.345859e+00 2.800000e+01
    endloop
  endfacet
  facet normal 7.894827e-01 6.057914e-01 9.866077e-02
    outer loop
      vertex 5.022947e+00 2.900000e+00 2.200000e+01
      vertex 4.101219e+00 4.101219e+00 2.200000e+01
      vertex 3.676955e+00 3.676955e+00 2.800000e+01
    endloop
  endfacet
  facet normal 7.894827e-01 6.057914e-01 9.866077e-02
    outer loop
      vertex 5.022947e+00 2.900000e+00 2.200000e+01
      vertex 3.676955e+00 3.676955e+00 2.800000e+01
      vertex 4.503332e+00 2.600000e+00 2.800000e+01
    endloop
  endfacet
  facet normal 6.057914e-01 7.894827e-01 9.866077e-02
    outer loop
      vertex 4.101219e+00 4.101219e+00 2.200000e+01
      vertex 2.900000e+00 5.022947e+00 2.200000e+01
      vertex 2.600000e+00 4.503332e+00 2.800000e+01
    endloop
  endfacet
  facet normal 6.057914e-01 7.894827e-01 9.866077e-02
    outer loop
      vertex 4.101219e+00 4.101219e+00 2.200000e+01
      vertex 2.600000e+00 4.503332e+00 2.800000e+01
      vertex 3.676955e+00 3.676955e+00 2.800000e+01
    endloop
  endfacet
  facet normal 3.808164e-01 9.193720e-01 9.866077e-02
    outer loop
      vertex 2.900000e+00 5.022947e+00 2.200000e+01
      vertex 1.501150e+00 5.602370e+00 2.200000e+01
      vertex 1.345859e+00 5.022814e+00 2.800000e+01
    endloop
  endfacet
  facet normal 3.808164e-01 9.193720e-01 9.866077e-02
    outer loop
      vertex 2.900000e+00 5.022947e+00 2.200000e+01
      vertex 1.345859e+00 5.022814e+00 2.800000e+01
      vertex 2.600000e+00 4.503332e+00 2.800000e+01
    endloop
  endfacet
  facet normal 1.298894e-01 9.866077e-01 9.866077e-02
    outer loop
      vertex 1.501150e+00 5.602370e+00 2.200000e+01
      vertex 3.551476e-16 5.800000e+00 2.200000e+01
      vertex 3.184082e-16 5.200000e+00 2.800000e+01
    endloop
  endfacet
  facet normal 1.298894e-01 9.866077e-01 9.866077e-02
    outer loop
      vertex 1.501150e+00 5.602370e+00 2.200000e+01
      vertex 3.184082e-16 5.200000e+00 2.800000e+01
      vertex 1.345859e+00 5.022814e+00 2.800000e+01
    endloop
  endfacet
  facet normal -1.298894e-01 9.866077e-01 9.866077e-02
    outer loop
      vertex 3.551476e-16 5.800000e+00 2.200000e+01
      vertex -1.501150e+00 5.602370e+00 2.200000e+01
      vertex -1.345859e+00 5.022814e+00 2.800000e+01
    endloop
  endfacet
  facet normal -1.298894e-01 9.866077e-01 9.866077e-02
    outer loop
      vertex 3.551476e-16 5.800000e+00 2.200000e+01
      vertex -1.345859e+00 5.022814e+00 2.800000e+01
      vertex 3.184082e-16 5.200000e+00 2.800000e+01
    endloop
  endfacet
  facet normal -3.808164e-01 9.193720e-01 9.866077e-02
    outer loop
      vertex -1.501150e+00 5.602370e+00 2.200000e+01
      vertex -2.900000e+00 5.022947e+00 2.200000e+01
      vertex -2.600000e+00 4.503332e+00 2.800000e+01
    endloop
  endfacet
  facet normal -3.808164e-01 9.193720e-01 9.866077e-02
    outer loop
      vertex -1.501150e+00 5.602370e+00 2.200000e+01
      vertex -2.600000e+00 4.503332e+00 2.800000e+01
      vertex -1.345859e+00 5.022814e+00 2.800000e+01
    endloop
  endfacet
  facet normal -6.057914e-01 7.894827e-01 9.866077e-02
    outer loop
      vertex -2.900000e+00 5.022947e+00 2.200000e+01
      vertex -4.101219e+00 4.101219e+00 2.200000e+01
      vertex -3.676955e+00 3.676955e+00 2.800000e+01
    endloop
  endfacet
  facet normal -6.057914e-01 7.894827e-01 9.866077e-02
    outer loop
      vertex -2.900000e+00 5.022947e+00 2.200000e+01
      vertex -3.676955e+00 3.676955e+00 2.800000e+01
      vertex -2.600000e+00 4.503332e+00 2.800000e+01
    endloop
  endfacet
  facet normal -7.894827e-01 6.057914e-01 9.866077e-02
    outer loop
      vertex -4.101219e+00 4.101219e+00 2.200000e+01
      vertex -5.022947e+00 2.900000e+00 2.200000e+01
      vertex -4.503332e+00 2.600000e+00 2.800000e+01
    endloop
  endfacet
  facet normal -7.894827e-01 6.057914e-01 9.866077e-02
    outer loop
      vertex -4.101219e+00 4.101219e+00 2.200000e+01
      vertex -4.503332e+00 2.600000e+00 2.800000e+01
      vertex -3.676955e+00 3.676955e+00 2.800000e+01
    endloop
  endfacet
  facet normal -9.193720e-01 3.808164e-01 9.866077e-02
    outer loop
      vertex -5.022947e+00 2.900000e+00 2.200000e+01
      vertex -5.602370e+00 1.501150e+00 2.200000e+01
      vertex -5.022814e+00 1.345859e+00 2.800000e+01
    endloop
  endfacet
  facet normal -9.193720e-01 3.808164e-01 9.866077e-02
    outer loop
      vertex -5.022947e+00 2.900000e+00 2.200000e+01
      vertex -5.022814e+00 1.345859e+00 2.800000e+01
      vertex -4.503332e+00 2.600000e+00 2.800000e+01
    endloop
  endfacet
  facet normal -9.866077e-01 1.298894e-01 9.866077e-02
    outer loop
      vertex -5.602370e+00 1.501150e+00 2.200000e+01
      vertex -5.800000e+00 7.102951e-16 2.200000e+01
      vertex -5.200000e+00 6.368163e-16 2.800000e+01
    endloop
  endfacet
  facet normal -9.866077e-01 1.298894e-01 9.866077e-02
    outer loop
      vertex -5.602370e+00 1.501150e+00 2.200000e+01
      vertex -5.200000e+00 6.368163e-16 2.800000e+01
      vertex -5.022814e+00 1.345859e+00 2.800000e+01
    endloop
  endfacet
  facet normal -9.866077e-01 -1.298894e-01 9.866077e-02
    outer loop
      vertex -5.800000e+00 7.102951e-16 2.200000e+01
      vertex -5.602370e+00 -1.501150e+00 2.200000e+01
      vertex -5.022814e+00 -1.345859e+00 2.800000e+01
    endloop
  endfacet
  facet normal -9.866077e-01 -1.298894e-01 9.866077e-02
    outer loop
      vertex -5.800000e+00 7.102951e-16 2.200000e+01
      vertex -5.022814e+00 -1.345859e+00 2.800000e+01
      vertex -5.200000e+00 6.368163e-16 2.800000e+01
    endloop
  endfacet
  facet normal -9.193720e-01 -3.808164e-01 9.866077e-02
    outer loop
      vertex -5.602370e+00 -1.501150e+00 2.200000e+01
      vertex -5.022947e+00 -2.900000e+00 2.200000e+01
      vertex -4.503332e+00 -2.600000e+00 2.800000e+01
    endloop
  endfacet
  facet normal -9.193720e-01 -3.808164e-01 9.866077e-02
    outer loop
      vertex -5.602370e+00 -1.501150e+00 2.200000e+01
      vertex -4.503332e+00 -2.600000e+00 2.800000e+01
      vertex -5.022814e+00 -1.345859e+00 2.800000e+01
    endloop
  endfacet
  facet normal -7.894827e-01 -6.057914e-01 9.866077e-02
    outer loop
      vertex -5.022947e+00 -2.900000e+00 2.200000e+01
      vertex -4.101219e+00 -4.101219e+00 2.200000e+01
      vertex -3.676955e+00 -3.676955e+00 2.800000e+01
    endloop
  endfacet
  facet normal -7.894827e-01 -6.057914e-01 9.866077e-02
    outer loop
      vertex -5.022947e+00 -2.900000e+00 2.200000e+01
      vertex -3.676955e+00 -3.676955e+00 2.800000e+01
      vertex -4.503332e+00 -2.600000e+00 2.800000e+01
    endloop
  endfacet
  facet normal -6.057914e-01 -7.894827e-01 9.866077e-02
    outer loop
      vertex -4.101219e+00 -4.101219e+00 2.200000e+01
      vertex -2.900000e+00 -5.022947e+00 2.200000e+01
      vertex -2.600000e+00 -4.503332e+00 2.800000e+01
    endloop
  endfacet
  facet normal -6.057914e-01 -7.894827e-01 9.866077e-02
    outer loop
      vertex -4.101219e+00 -4.101219e+00 2.200000e+01
      vertex -2.600000e+00 -4.503332e+00 2.800000e+01
      vertex -3.676955e+00 -3.676955e+00 2.800000e+01
    endloop
  endfacet
  facet normal -3.808164e-01 -9.193720e-01 9.866077e-02
    outer loop
      vertex -2.900000e+00 -5.022947e+00 2.200000e+01
      vertex -1.501150e+00 -5.602370e+00 2.200000e+01
      vertex -1.345859e+00 -5.022814e+00 2.800000e+01
    endloop
  endfacet
  facet normal -3.808164e-01 -9.193720e-01 9.866077e-02
    outer loop
      vertex -2.900000e+00 -5.022947e+00 2.200000e+01
      vertex -1.345859e+00 -5.022814e+00 2.800000e+01
      vertex -2.600000e+00 -4.503332e+00 2.800000e+01
    endloop
  endfacet
  facet normal -1.298894e-01 -9.866077e-01 9.866077e-02
    outer loop
      vertex -1.501150e+00 -5.602370e+00 2.200000e+01
      vertex -1.065443e-15 -5.800000e+00 2.200000e+01
      vertex -9.552245e-16 -5.200000e+00 2.800000e+01
    endloop
  endfacet
  facet normal -1.298894e-01 -9.866077e-01 9.866077e-02
    outer loop
      vertex -1.501150e+00 -5.602370e+00 2.200000e+01
      vertex -9.552245e-16 -5.200000e+00 2.800000e+01
      vertex -1.345859e+00 -5.022814e+00 2.800000e+01
    endloop
  endfacet
  facet normal 1.298894e-01 -9.866077e-01 9.866077e-02
    outer loop
      vertex -1.065443e-15 -5.800000e+00 2.200000e+01
      vertex 1.501150e+00 -5.602370e+00 2.200000e+01
      vertex 1.345859e+00 -5.022814e+00 2.800000e+01
    endloop
  endfacet
  facet normal 1.298894e-01 -9.866077e-01 9.866077e-02
    outer loop
      vertex -1.065443e-15 -5.800000e+00 2.200000e+01
      vertex 1.345859e+00 -5.022814e+00 2.800000e+01
      vertex -9.552245e-16 -5.200000e+00 2.800000e+01
    endloop
  endfacet
  facet normal 3.808164e-01 -9.193720e-01 9.866077e-02
    outer loop
      vertex 1.501150e+00 -5.602370e+00 2.200000e+01
      vertex 2.900000e+00 -5.022947e+00 2.200000e+01
      vertex 2.600000e+00 -4.503332e+00 2.800000e+01
    endloop
  endfacet
  facet normal 3.808164e-01 -9.193720e-01 9.866077e-02
    outer loop
      vertex 1.501150e+00 -5.602370e+00 2.200000e+01
      vertex 2.600000e+00 -4.503332e+00 2.800000e+01
      vertex 1.345859e+00 -5.022814e+00 2.800000e+01
    endloop
  endfacet
  facet normal 6.057914e-01 -7.894827e-01 9.866077e-02
    outer loop
      vertex 2.900000e+00 -5.022947e+00 2.200000e+01
      vertex 4.101219e+00 -4.101219e+00 2.200000e+01
      vertex 3.676955e+00 -3.676955e+00 2.800000e+01
    endloop
  endfacet
  facet normal 6.057914e-01 -7.894827e-01 9.866077e-02
    outer loop
      vertex 2.900000e+00 -5.022947e+00 2.200000e+01
      vertex 3.676955e+00 -3.676955e+00 2.800000e+01
      vertex 2.600000e+00 -4.503332e+00 2.800000e+01
    endloop
  endfacet
  facet normal 7.894827e-01 -6.057914e-01 9.866077e-02
    outer loop
      vertex 4.101219e+00 -4.101219e+00 2.200000e+01
      vertex 5.022947e+00 -2.900000e+00 2.200000e+01
      vertex 4.503332e+00 -2.600000e+00 2.800000e+01
    endloop
  endfacet
  facet normal 7.894827e-01 -6.057914e-01 9.866077e-02
    outer loop
      vertex 4.101219e+00 -4.101219e+00 2.200000e+01
      vertex 4.503332e+00 -2.600000e+00 2.800000e+01
      vertex 3.676955e+00 -3.676955e+00 2.800000e+01
    endloop
  endfacet
  facet normal 9.193720e-01 -3.808164e-01 9.866077e-02
    outer loop
      vertex 5.022947e+00 -2.900000e+00 2.200000e+01
      vertex 5.602370e+00 -1.501150e+00 2.200000e+01
      vertex 5.022814e+00 -1.345859e+00 2.800000e+01
    endloop
  endfacet
  facet normal 9.193720e-01 -3.808164e-01 9.866077e-02
    outer loop
      vertex 5.022947e+00 -2.900000e+00 2.200000e+01
      vertex 5.022814e+00 -1.345859e+00 2.800000e+01
      vertex 4.503332e+00 -2.600000e+00 2.800000e+01
    endloop
  endfacet
  facet normal 9.866077e-01 -1.298894e-01 9.866077e-02
    outer loop
      vertex 5.602370e+00 -1.501150e+00 2.200000e+01
      vertex 5.800000e+00 0.000000e+00 2.200000e+01
      vertex 5.200000e+00 0.000000e+00 2.800000e+01
    endloop
  endfacet
  facet normal 9.866077e-01 -1.298894e-01 9.866077e-02
    outer loop
      vertex 5.602370e+00 -1.501150e+00 2.200000e+01
      vertex 5.200000e+00 0.000000e+00 2.800000e+01
      vertex 5.022814e+00 -1.345859e+00 2.800000e+01
    endloop
  endfacet
  facet normal 9.828941e-01 1.294005e-01 1.310525e-01
    outer loop
      vertex 5.200000e+00 0.000000e+00 2.800000e+01
      vertex 5.022814e+00 1.345859e+00 2.800000e+01
      vertex 4.250074e+00 1.138804e+00 3.400000e+01
    endloop
  endfacet
  facet normal 9.828941e-01 1.294005e-01 1.310525e-01
    outer loop
      vertex 5.200000e+00 0.000000e+00 2.800000e+01
      vertex 4.250074e+00 1.138804e+00 3.400000e+01
      vertex 4.400000e+00 0.000000e+00 3.400000e+01
    endloop
  endfacet
  facet normal 9.159115e-01 3.793829e-01 1.310525e-01
    outer loop
      vertex 5.022814e+00 1.345859e+00 2.800000e+01
      vertex 4.503332e+00 2.600000e+00 2.800000e+01
      vertex 3.810512e+00 2.200000e+00 3.400000e+01
    endloop
  endfacet
  facet normal 9.159115e-01 3.793829e-01 1.310525e-01
    outer loop
      vertex 5.022814e+00 1.345859e+00 2.800000e+01
      vertex 3.810512e+00 2.200000e+00 3.400000e+01
      vertex 4.250074e+00 1.138804e+00 3.400000e+01
    endloop
  endfacet
  facet normal 7.865110e-01 6.035111e-01 1.310525e-01
    outer loop
      vertex 4.503332e+00 2.600000e+00 2.800000e+01
      vertex 3.676955e+00 3.676955e+00 2.800000e+01
      vertex 3.111270e+00 3.111270e+00 3.400000e+01
    endloop
  endfacet
  facet normal 7.865110e-01 6.035111e-01 1.310525e-01
    outer loop
      vertex 4.503332e+00 2.600000e+00 2.800000e+01
      vertex 3.111270e+00 3.111270e+00 3.400000e+01
      vertex 3.810512e+00 2.200000e+00 3.400000e+01
    endloop
  endfacet
  facet normal 6.035111e-01 7.865110e-01 1.310525e-01
    outer loop
      vertex 3.676955e+00 3.676955e+00 2.800000e+01
      vertex 2.600000e+00 4.503332e+00 2.800000e+01
      vertex 2.200000e+00 3.810512e+00 3.400000e+01
    endloop
  endfacet
  facet normal 6.035111e-01 7.865110e-01 1.310525e-01
    outer loop
      vertex 3.676955e+00 3.676955e+00 2.800000e+01
      vertex 2.200000e+00 3.810512e+00 3.400000e+01
      vertex 3.111270e+00 3.111270e+00 3.400000e+01
    endloop
  endfacet
  facet normal 3.793829e-01 9.159115e-01 1.310525e-01
    outer loop
      vertex 2.600000e+00 4.503332e+00 2.800000e+01
      vertex 1.345859e+00 5.022814e+00 2.800000e+01
      vertex 1.138804e+00 4.250074e+00 3.400000e+01
    endloop
  endfacet
  facet normal 3.793829e-01 9.159115e-01 1.310525e-01
    outer loop
      vertex 2.600000e+00 4.503332e+00 2.800000e+01
      vertex 1.138804e+00 4.250074e+00 3.400000e+01
      vertex 2.200000e+00 3.810512e+00 3.400000e+01
    endloop
  endfacet
  facet normal 1.294005e-01 9.828941e-01 1.310525e-01
    outer loop
      vertex 1.345859e+00 5.022814e+00 2.800000e+01
      vertex 3.184082e-16 5.200000e+00 2.800000e+01
      vertex 2.694223e-16 4.400000e+00 3.400000e+01
    endloop
  endfacet
  facet normal 1.294005e-01 9.828941e-01 1.310525e-01
    outer loop
      vertex 1.345859e+00 5.022814e+00 2.800000e+01
      vertex 2.694223e-16 4.400000e+00 3.400000e+01
      vertex 1.138804e+00 4.250074e+00 3.400000e+01
    endloop
  endfacet
  facet normal -1.294005e-01 9.828941e-01 1.310525e-01
    outer loop
      vertex 3.184082e-16 5.200000e+00 2.800000e+01
      vertex -1.345859e+00 5.022814e+00 2.800000e+01
      vertex -1.138804e+00 4.250074e+00 3.400000e+01
    endloop
  endfacet
  facet normal -1.294005e-01 9.828941e-01 1.310525e-01
    outer loop
      vertex 3.184082e-16 5.200000e+00 2.800000e+01
      vertex -1.138804e+00 4.250074e+00 3.400000e+01
      vertex 2.694223e-16 4.400000e+00 3.400000e+01
    endloop
  endfacet
  facet normal -3.793829e-01 9.159115e-01 1.310525e-01
    outer loop
      vertex -1.345859e+00 5.022814e+00 2.800000e+01
      vertex -2.600000e+00 4.503332e+00 2.800000e+01
      vertex -2.200000e+00 3.810512e+00 3.400000e+01
    endloop
  endfacet
  facet normal -3.793829e-01 9.159115e-01 1.310525e-01
    outer loop
      vertex -1.345859e+00 5.022814e+00 2.800000e+01
      vertex -2.200000e+00 3.810512e+00 3.400000e+01
      vertex -1.138804e+00 4.250074e+00 3.400000e+01
    endloop
  endfacet
  facet normal -6.035111e-01 7.865110e-01 1.310525e-01
    outer loop
      vertex -2.600000e+00 4.503332e+00 2.800000e+01
      vertex -3.676955e+00 3.676955e+00 2.800000e+01
      vertex -3.111270e+00 3.111270e+00 3.400000e+01
    endloop
  endfacet
  facet normal -6.035111e-01 7.865110e-01 1.310525e-01
    outer loop
      vertex -2.600000e+00 4.503332e+00 2.800000e+01
      vertex -3.111270e+00 3.111270e+00 3.400000e+01
      vertex -2.200000e+00 3.810512e+00 3.400000e+01
    endloop
  endfacet
  facet normal -7.865110e-01 6.035111e-01 1.310525e-01
    outer loop
      vertex -3.676955e+00 3.676955e+00 2.800000e+01
      vertex -4.503332e+00 2.600000e+00 2.800000e+01
      vertex -3.810512e+00 2.200000e+00 3.400000e+01
    endloop
  endfacet
  facet normal -7.865110e-01 6.035111e-01 1.310525e-01
    outer loop
      vertex -3.676955e+00 3.676955e+00 2.800000e+01
      vertex -3.810512e+00 2.200000e+00 3.400000e+01
      vertex -3.111270e+00 3.111270e+00 3.400000e+01
    endloop
  endfacet
  facet normal -9.159115e-01 3.793829e-01 1.310525e-01
    outer loop
      vertex -4.503332e+00 2.600000e+00 2.800000e+01
      vertex -5.022814e+00 1.345859e+00 2.800000e+01
      vertex -4.250074e+00 1.138804e+00 3.400000e+01
    endloop
  endfacet
  facet normal -9.159115e-01 3.793829e-01 1.310525e-01
    outer loop
      vertex -4.503332e+00 2.600000e+00 2.800000e+01
      vertex -4.250074e+00 1.138804e+00 3.400000e+01
      vertex -3.810512e+00 2.200000e+00 3.400000e+01
    endloop
  endfacet
  facet normal -9.828941e-01 1.294005e-01 1.310525e-01
    outer loop
      vertex -5.022814e+00 1.345859e+00 2.800000e+01
      vertex -5.200000e+00 6.368163e-16 2.800000e+01
      vertex -4.400000e+00 5.388446e-16 3.400000e+01
    endloop
  endfacet
  facet normal -9.828941e-01 1.294005e-01 1.310525e-01
    outer loop
      vertex -5.022814e+00 1.345859e+00 2.800000e+01
      vertex -4.400000e+00 5.388446e-16 3.400000e+01
      vertex -4.250074e+00 1.138804e+00 3.400000e+01
    endloop
  endfacet
  facet normal -9.828941e-01 -1.294005e-01 1.310525e-01
    outer loop
      vertex -5.200000e+00 6.368163e-16 2.800000e+01
      vertex -5.022814e+00 -1.345859e+00 2.800000e+01
      vertex -4.250074e+00 -1.138804e+00 3.400000e+01
    endloop
  endfacet
  facet normal -9.828941e-01 -1.294005e-01 1.310525e-01
    outer loop
      vertex -5.200000e+00 6.368163e-16 2.800000e+01
      vertex -4.250074e+00 -1.138804e+00 3.400000e+01
      vertex -4.400000e+00 5.388446e-16 3.400000e+01
    endloop
  endfacet
  facet normal -9.159115e-01 -3.793829e-01 1.310525e-01
    outer loop
      vertex -5.022814e+00 -1.345859e+00 2.800000e+01
      vertex -4.503332e+00 -2.600000e+00 2.800000e+01
      vertex -3.810512e+00 -2.200000e+00 3.400000e+01
    endloop
  endfacet
  facet normal -9.159115e-01 -3.793829e-01 1.310525e-01
    outer loop
      vertex -5.022814e+00 -1.345859e+00 2.800000e+01
      vertex -3.810512e+00 -2.200000e+00 3.400000e+01
      vertex -4.250074e+00 -1.138804e+00 3.400000e+01
    endloop
  endfacet
  facet normal -7.865110e-01 -6.035111e-01 1.310525e-01
    outer loop
      vertex -4.503332e+00 -2.600000e+00 2.800000e+01
      vertex -3.676955e+00 -3.676955e+00 2.800000e+01
      vertex -3.111270e+00 -3.111270e+00 3.400000e+01
    endloop
  endfacet
  facet normal -7.865110e-01 -6.035111e-01 1.310525e-01
    outer loop
      vertex -4.503332e+00 -2.600000e+00 2.800000e+01
      vertex -3.111270e+00 -3.111270e+00 3.400000e+01
      vertex -3.810512e+00 -2.200000e+00 3.400000e+01
    endloop
  endfacet
  facet normal -6.035111e-01 -7.865110e-01 1.310525e-01
    outer loop
      vertex -3.676955e+00 -3.676955e+00 2.800000e+01
      vertex -2.600000e+00 -4.503332e+00 2.800000e+01
      vertex -2.200000e+00 -3.810512e+00 3.400000e+01
    endloop
  endfacet
  facet normal -6.035111e-01 -7.865110e-01 1.310525e-01
    outer loop
      vertex -3.676955e+00 -3.676955e+00 2.800000e+01
      vertex -2.200000e+00 -3.810512e+00 3.400000e+01
      vertex -3.111270e+00 -3.111270e+00 3.400000e+01
    endloop
  endfacet
  facet normal -3.793829e-01 -9.159115e-01 1.310525e-01
    outer loop
      vertex -2.600000e+00 -4.503332e+00 2.800000e+01
      vertex -1.345859e+00 -5.022814e+00 2.800000e+01
      vertex -1.138804e+00 -4.250074e+00 3.400000e+01
    endloop
  endfacet
  facet normal -3.793829e-01 -9.159115e-01 1.310525e-01
    outer loop
      vertex -2.600000e+00 -4.503332e+00 2.800000e+01
      vertex -1.138804e+00 -4.250074e+00 3.400000e+01
      vertex -2.200000e+00 -3.810512e+00 3.400000e+01
    endloop
  endfacet
  facet normal -1.294005e-01 -9.828941e-01 1.310525e-01
    outer loop
      vertex -1.345859e+00 -5.022814e+00 2.800000e+01
      vertex -9.552245e-16 -5.200000e+00 2.800000e+01
      vertex -8.082669e-16 -4.400000e+00 3.400000e+01
    endloop
  endfacet
  facet normal -1.294005e-01 -9.828941e-01 1.310525e-01
    outer loop
      vertex -1.345859e+00 -5.022814e+00 2.800000e+01
      vertex -8.082669e-16 -4.400000e+00 3.400000e+01
      vertex -1.138804e+00 -4.250074e+00 3.400000e+01
    endloop
  endfacet
  facet normal 1.294005e-01 -9.828941e-01 1.310525e-01
    outer loop
      vertex -9.552245e-16 -5.200000e+00 2.800000e+01
      vertex 1.345859e+00 -5.022814e+00 2.800000e+01
      vertex 1.138804e+00 -4.250074e+00 3.400000e+01
    endloop
  endfacet
  facet normal 1.294005e-01 -9.828941e-01 1.310525e-01
    outer loop
      vertex -9.552245e-16 -5.200000e+00 2.800000e+01
      vertex 1.138804e+00 -4.250074e+00 3.400000e+01
      vertex -8.082669e-16 -4.400000e+00 3.400000e+01
    endloop
  endfacet
  facet normal 3.793829e-01 -9.159115e-01 1.310525e-01
    outer loop
      vertex 1.345859e+00 -5.022814e+00 2.800000e+01
      vertex 2.600000e+00 -4.503332e+00 2.800000e+01
      vertex 2.200000e+00 -3.810512e+00 3.400000e+01
    endloop
  endfacet
  facet normal 3.793829e-01 -9.159115e-01 1.310525e-01
    outer loop
      vertex 1.345859e+00 -5.022814e+00 2.800000e+01
      vertex 2.200000e+00 -3.810512e+00 3.400000e+01
      vertex 1.138804e+00 -4.250074e+00 3.400000e+01
    endloop
  endfacet
  facet normal 6.035111e-01 -7.865110e-01 1.310525e-01
    outer loop
      vertex 2.600000e+00 -4.503332e+00 2.800000e+01
      vertex 3.676955e+00 -3.676955e+00 2.800000e+01
      vertex 3.111270e+00 -3.111270e+00 3.400000e+01
    endloop
  endfacet
  facet normal 6.035111e-01 -7.865110e-01 1.310525e-01
    outer loop
      vertex 2.600000e+00 -4.503332e+00 2.800000e+01
      vertex 3.111270e+00 -3.111270e+00 3.400000e+01
      vertex 2.200000e+00 -3.810512e+00 3.400000e+01
    endloop
  endfacet
  facet normal 7.865110e-01 -6.035111e-01 1.310525e-01
    outer loop
      vertex 3.676955e+00 -3.676955e+00 2.800000e+01
      vertex 4.503332e+00 -2.600000e+00 2.800000e+01
      vertex 3.810512e+00 -2.200000e+00 3.400000e+01
    endloop
  endfacet
  facet normal 7.865110e-01 -6.035111e-01 1.310525e-01
    outer loop
      vertex 3.676955e+00 -3.676955e+00 2.800000e+01
      vertex 3.810512e+00 -2.200000e+00 3.400000e+01
      vertex 3.111270e+00 -3.111270e+00 3.400000e+01
    endloop
  endfacet
  facet normal 9.159115e-01 -3.793829e-01 1.310525e-01
    outer loop
      vertex 4.503332e+00 -2.600000e+00 2.800000e+01
      vertex 5.022814e+00 -1.345859e+00 2.800000e+01
      vertex 4.250074e+00 -1.138804e+00 3.400000e+01
    endloop
  endfacet
  facet normal 9.159115e-01 -3.793829e-01 1.310525e-01
    outer loop
      vertex 4.503332e+00 -2.600000e+00 2.800000e+01
      vertex 4.250074e+00 -1.138804e+00 3.400000e+01
      vertex 3.810512e+00 -2.200000e+00 3.400000e+01
    endloop
  endfacet
  facet normal 9.828941e-01 -1.294005e-01 1.310525e-01
    outer loop
      vertex 5.022814e+00 -1.345859e+00 2.800000e+01
      vertex 5.200000e+00 0.000000e+00 2.800000e+01
      vertex 4.400000e+00 0.000000e+00 3.400000e+01
    endloop
  endfacet
  facet normal 9.828941e-01 -1.294005e-01 1.310525e-01
    outer loop
      vertex 5.022814e+00 -1.345859e+00 2.800000e+01
      vertex 4.400000e+00 0.000000e+00 3.400000e+01
      vertex 4.250074e+00 -1.138804e+00 3.400000e+01
    endloop
  endfacet
  facet normal 9.828941e-01 1.294005e-01 1.310525e-01
    outer loop
      vertex 4.400000e+00 0.000000e+00 3.400000e+01
      vertex 4.250074e+00 1.138804e+00 3.400000e+01
      vertex 3.477333e+00 9.317486e-01 4.000000e+01
    endloop
  endfacet
  facet normal 9.828941e-01 1.294005e-01 1.310525e-01
    outer loop
      vertex 4.400000e+00 0.000000e+00 3.400000e+01
      vertex 3.477333e+00 9.317486e-01 4.000000e+01
      vertex 3.600000e+00 0.000000e+00 4.000000e+01
    endloop
  endfacet
  facet normal 9.159115e-01 3.793829e-01 1.310525e-01
    outer loop
      vertex 4.250074e+00 1.138804e+00 3.400000e+01
      vertex 3.810512e+00 2.200000e+00 3.400000e+01
      vertex 3.117691e+00 1.800000e+00 4.000000e+01
    endloop
  endfacet
  facet normal 9.159115e-01 3.793829e-01 1.310525e-01
    outer loop
      vertex 4.250074e+00 1.138804e+00 3.400000e+01
      vertex 3.117691e+00 1.800000e+00 4.000000e+01
      vertex 3.477333e+00 9.317486e-01 4.000000e+01
    endloop
  endfacet
  facet normal 7.865110e-01 6.035111e-01 1.310525e-01
    outer loop
      vertex 3.810512e+00 2.200000e+00 3.400000e+01
      vertex 3.111270e+00 3.111270e+00 3.400000e+01
      vertex 2.545584e+00 2.545584e+00 4.000000e+01
    endloop
  endfacet
  facet normal 7.865110e-01 6.035111e-01 1.310525e-01
    outer loop
      vertex 3.810512e+00 2.200000e+00 3.400000e+01
      vertex 2.545584e+00 2.545584e+00 4.000000e+01
      vertex 3.117691e+00 1.800000e+00 4.000000e+01
    endloop
  endfacet
  facet normal 6.035111e-01 7.865110e-01 1.310525e-01
    outer loop
      vertex 3.111270e+00 3.111270e+00 3.400000e+01
      vertex 2.200000e+00 3.810512e+00 3.400000e+01
      vertex 1.800000e+00 3.117691e+00 4.000000e+01
    endloop
  endfacet
  facet normal 6.035111e-01 7.865110e-01 1.310525e-01
    outer loop
      vertex 3.111270e+00 3.111270e+00 3.400000e+01
      vertex 1.800000e+00 3.117691e+00 4.000000e+01
      vertex 2.545584e+00 2.545584e+00 4.000000e+01
    endloop
  endfacet
  facet normal 3.793829e-01 9.159115e-01 1.310525e-01
    outer loop
      vertex 2.200000e+00 3.810512e+00 3.400000e+01
      vertex 1.138804e+00 4.250074e+00 3.400000e+01
      vertex 9.317486e-01 3.477333e+00 4.000000e+01
    endloop
  endfacet
  facet normal 3.793829e-01 9.159115e-01 1.310525e-01
    outer loop
      vertex 2.200000e+00 3.810512e+00 3.400000e+01
      vertex 9.317486e-01 3.477333e+00 4.000000e+01
      vertex 1.800000e+00 3.117691e+00 4.000000e+01
    endloop
  endfacet
  facet normal 1.294005e-01 9.828941e-01 1.310525e-01
    outer loop
      vertex 1.138804e+00 4.250074e+00 3.400000e+01
      vertex 2.694223e-16 4.400000e+00 3.400000e+01
      vertex 2.204364e-16 3.600000e+00 4.000000e+01
    endloop
  endfacet
  facet normal 1.294005e-01 9.828941e-01 1.310525e-01
    outer loop
      vertex 1.138804e+00 4.250074e+00 3.400000e+01
      vertex 2.204364e-16 3.600000e+00 4.000000e+01
      vertex 9.317486e-01 3.477333e+00 4.000000e+01
    endloop
  endfacet
  facet normal -1.294005e-01 9.828941e-01 1.310525e-01
    outer loop
      vertex 2.694223e-16 4.400000e+00 3.400000e+01
      vertex -1.138804e+00 4.250074e+00 3.400000e+01
      vertex -9.317486e-01 3.477333e+00 4.000000e+01
    endloop
  endfacet
  facet normal -1.294005e-01 9.828941e-01 1.310525e-01
    outer loop
      vertex 2.694223e-16 4.400000e+00 3.400000e+01
      vertex -9.317486e-01 3.477333e+00 4.000000e+01
      vertex 2.204364e-16 3.600000e+00 4.000000e+01
    endloop
  endfacet
  facet normal -3.793829e-01 9.159115e-01 1.310525e-01
    outer loop
      vertex -1.138804e+00 4.250074e+00 3.400000e+01
      vertex -2.200000e+00 3.810512e+00 3.400000e+01
      vertex -1.800000e+00 3.117691e+00 4.000000e+01
    endloop
  endfacet
  facet normal -3.793829e-01 9.159115e-01 1.310525e-01
    outer loop
      vertex -1.138804e+00 4.250074e+00 3.400000e+01
      vertex -1.800000e+00 3.117691e+00 4.000000e+01
      vertex -9.317486e-01 3.477333e+00 4.000000e+01
    endloop
  endfacet
  facet normal -6.035111e-01 7.865110e-01 1.310525e-01
    outer loop
      vertex -2.200000e+00 3.810512e+00 3.400000e+01
      vertex -3.111270e+00 3.111270e+00 3.400000e+01
      vertex -2.545584e+00 2.545584e+00 4.000000e+01
    endloop
  endfacet
  facet normal -6.035111e-01 7.865110e-01 1.310525e-01
    outer loop
      vertex -2.200000e+00 3.810512e+00 3.400000e+01
      vertex -2.545584e+00 2.545584e+00 4.000000e+01
      vertex -1.800000e+00 3.117691e+00 4.000000e+01
    endloop
  endfacet
  facet normal -7.865110e-01 6.035111e-01 1.310525e-01
    outer loop
      vertex -3.111270e+00 3.111270e+00 3.400000e+01
      vertex -3.810512e+00 2.200000e+00 3.400000e+01
      vertex -3.117691e+00 1.800000e+00 4.000000e+01
    endloop
  endfacet
  facet normal -7.865110e-01 6.035111e-01 1.310525e-01
    outer loop
      vertex -3.111270e+00 3.111270e+00 3.400000e+01
      vertex -3.117691e+00 1.800000e+00 4.000000e+01
      vertex -2.545584e+00 2.545584e+00 4.000000e+01
    endloop
  endfacet
  facet normal -9.159115e-01 3.793829e-01 1.310525e-01
    outer loop
      vertex -3.810512e+00 2.200000e+00 3.400000e+01
      vertex -4.250074e+00 1.138804e+00 3.400000e+01
      vertex -3.477333e+00 9.317486e-01 4.000000e+01
    endloop
  endfacet
  facet normal -9.159115e-01 3.793829e-01 1.310525e-01
    outer loop
      vertex -3.810512e+00 2.200000e+00 3.400000e+01
      vertex -3.477333e+00 9.317486e-01 4.000000e+01
      vertex -3.117691e+00 1.800000e+00 4.000000e+01
    endloop
  endfacet
  facet normal -9.828941e-01 1.294005e-01 1.310525e-01
    outer loop
      vertex -4.250074e+00 1.138804e+00 3.400000e+01
      vertex -4.400000e+00 5.388446e-16 3.400000e+01
      vertex -3.600000e+00 4.408728e-16 4.000000e+01
    endloop
  endfacet
  facet normal -9.828941e-01 1.294005e-01 1.310525e-01
    outer loop
      vertex -4.250074e+00 1.138804e+00 3.400000e+01
      vertex -3.600000e+00 4.408728e-16 4.000000e+01
      vertex -3.477333e+00 9.317486e-01 4.000000e+01
    endloop
  endfacet
  facet normal -9.828941e-01 -1.294005e-01 1.310525e-01
    outer loop
      vertex -4.400000e+00 5.388446e-16 3.400000e+01
      vertex -4.250074e+00 -1.138804e+00 3.400000e+01
      vertex -3.477333e+00 -9.317486e-01 4.000000e+01
    endloop
  endfacet
  facet normal -9.828941e-01 -1.294005e-01 1.310525e-01
    outer loop
      vertex -4.400000e+00 5.388446e-16 3.400000e+01
      vertex -3.477333e+00 -9.317486e-01 4.000000e+01
      vertex -3.600000e+00 4.408728e-16 4.000000e+01
    endloop
  endfacet
  facet normal -9.159115e-01 -3.793829e-01 1.310525e-01
    outer loop
      vertex -4.250074e+00 -1.138804e+00 3.400000e+01
      vertex -3.810512e+00 -2.200000e+00 3.400000e+01
      vertex -3.117691e+00 -1.800000e+00 4.000000e+01
    endloop
  endfacet
  facet normal -9.159115e-01 -3.793829e-01 1.310525e-01
    outer loop
      vertex -4.250074e+00 -1.138804e+00 3.400000e+01
      vertex -3.117691e+00 -1.800000e+00 4.000000e+01
      vertex -3.477333e+00 -9.317486e-01 4.000000e+01
    endloop
  endfacet
  facet normal -7.865110e-01 -6.035111e-01 1.310525e-01
    outer loop
      vertex -3.810512e+00 -2.200000e+00 3.400000e+01
      vertex -3.111270e+00 -3.111270e+00 3.400000e+01
      vertex -2.545584e+00 -2.545584e+00 4.000000e+01
    endloop
  endfacet
  facet normal -7.865110e-01 -6.035111e-01 1.310525e-01
    outer loop
      vertex -3.810512e+00 -2.200000e+00 3.400000e+01
      vertex -2.545584e+00 -2.545584e+00 4.000000e+01
      vertex -3.117691e+00 -1.800000e+00 4.000000e+01
    endloop
  endfacet
  facet normal -6.035111e-01 -7.865110e-01 1.310525e-01
    outer loop
      vertex -3.111270e+00 -3.111270e+00 3.400000e+01
      vertex -2.200000e+00 -3.810512e+00 3.400000e+01
      vertex -1.800000e+00 -3.117691e+00 4.000000e+01
    endloop
  endfacet
  facet normal -6.035111e-01 -7.865110e-01 1.310525e-01
    outer loop
      vertex -3.111270e+00 -3.111270e+00 3.400000e+01
      vertex -1.800000e+00 -3.117691e+00 4.000000e+01
      vertex -2.545584e+00 -2.545584e+00 4.000000e+01
    endloop
  endfacet
  facet normal -3.793829e-01 -9.159115e-01 1.310525e-01
    outer loop
      vertex -2.200000e+00 -3.810512e+00 3.400000e+01
      vertex -1.138804e+00 -4.250074e+00 3.400000e+01
      vertex -9.317486e-01 -3.477333e+00 4.000000e+01
    endloop
  endfacet
  facet normal -3.793829e-01 -9.159115e-01 1.310525e-01
    outer loop
      vertex -2.200000e+00 -3.810512e+00 3.400000e+01
      vertex -9.317486e-01 -3.477333e+00 4.000000e+01
      vertex -1.800000e+00 -3.117691e+00 4.000000e+01
    endloop
  endfacet
  facet normal -1.294005e-01 -9.828941e-01 1.310525e-01
    outer loop
      vertex -1.138804e+00 -4.250074e+00 3.400000e+01
      vertex -8.082669e-16 -4.400000e+00 3.400000e+01
      vertex -6.613093e-16 -3.600000e+00 4.000000e+01
    endloop
  endfacet
  facet normal -1.294005e-01 -9.828941e-01 1.310525e-01
    outer loop
      vertex -1.138804e+00 -4.250074e+00 3.400000e+01
      vertex -6.613093e-16 -3.600000e+00 4.000000e+01
      vertex -9.317486e-01 -3.477333e+00 4.000000e+01
    endloop
  endfacet
  facet normal 1.294005e-01 -9.828941e-01 1.310525e-01
    outer loop
      vertex -8.082669e-16 -4.400000e+00 3.400000e+01
      vertex 1.138804e+00 -4.250074e+00 3.400000e+01
      vertex 9.317486e-01 -3.477333e+00 4.000000e+01
    endloop
  endfacet
  facet normal 1.294005e-01 -9.828941e-01 1.310525e-01
    outer loop
      vertex -8.082669e-16 -4.400000e+00 3.400000e+01
      vertex 9.317486e-01 -3.477333e+00 4.000000e+01
      vertex -6.613093e-16 -3.600000e+00 4.000000e+01
    endloop
  endfacet
  facet normal 3.793829e-01 -9.159115e-01 1.310525e-01
    outer loop
      vertex 1.138804e+00 -4.250074e+00 3.400000e+01
      vertex 2.200000e+00 -3.810512e+00 3.400000e+01
      vertex 1.800000e+00 -3.117691e+00 4.000000e+01
    endloop
  endfacet
  facet normal 3.793829e-01 -9.159115e-01 1.310525e-01
    outer loop
      vertex 1.138804e+00 -4.250074e+00 3.400000e+01
      vertex 1.800000e+00 -3.117691e+00 4.000000e+01
      vertex 9.317486e-01 -3.477333e+00 4.000000e+01
    endloop
  endfacet
  facet normal 6.035111e-01 -7.865110e-01 1.310525e-01
    outer loop
      vertex 2.200000e+00 -3.810512e+00 3.400000e+01
      vertex 3.111270e+00 -3.111270e+00 3.400000e+01
      vertex 2.545584e+00 -2.545584e+00 4.000000e+01
    endloop
  endfacet
  facet normal 6.035111e-01 -7.865110e-01 1.310525e-01
    outer loop
      vertex 2.200000e+00 -3.810512e+00 3.400000e+01
      vertex 2.545584e+00 -2.545584e+00 4.000000e+01
      vertex 1.800000e+00 -3.117691e+00 4.000000e+01
    endloop
  endfacet
  facet normal 7.865110e-01 -6.035111e-01 1.310525e-01
    outer loop
      vertex 3.111270e+00 -3.111270e+00 3.400000e+01
      vertex 3.810512e+00 -2.200000e+00 3.400000e+01
      vertex 3.117691e+00 -1.800000e+00 4.000000e+01
    endloop
  endfacet
  facet normal 7.865110e-01 -6.035111e-01 1.310525e-01
    outer loop
      vertex 3.111270e+00 -3.111270e+00 3.400000e+01
      vertex 3.117691e+00 -1.800000e+00 4.000000e+01
      vertex 2.545584e+00 -2.545584e+00 4.000000e+01
    endloop
  endfacet
  facet normal 9.159115e-01 -3.793829e-01 1.310525e-01
    outer loop
      vertex 3.810512e+00 -2.200000e+00 3.400000e+01
      vertex 4.250074e+00 -1.138804e+00 3.400000e+01
      vertex 3.477333e+00 -9.317486e-01 4.000000e+01
    endloop
  endfacet
  facet normal 9.159115e-01 -3.793829e-01 1.310525e-01
    outer loop
      vertex 3.810512e+00 -2.200000e+00 3.400000e+01
      vertex 3.477333e+00 -9.317486e-01 4.000000e+01
      vertex 3.117691e+00 -1.800000e+00 4.000000e+01
    endloop
  endfacet
  facet normal 9.828941e-01 -1.294005e-01 1.310525e-01
    outer loop
      vertex 4.250074e+00 -1.138804e+00 3.400000e+01
      vertex 4.400000e+00 0.000000e+00 3.400000e+01
      vertex 3.600000e+00 0.000000e+00 4.000000e+01
    endloop
  endfacet
  facet normal 9.828941e-01 -1.294005e-01 1.310525e-01
    outer loop
      vertex 4.250074e+00 -1.138804e+00 3.400000e+01
      vertex 3.600000e+00 0.000000e+00 4.000000e+01
      vertex 3.477333e+00 -9.317486e-01 4.000000e+01
    endloop
  endfacet
  facet normal 9.725104e-01 1.280334e-01 1.945021e-01
    outer loop
      vertex 3.600000e+00 0.000000e+00 4.000000e+01
      vertex 3.477333e+00 9.317486e-01 4.000000e+01
      vertex 2.704592e+00 7.246933e-01 4.400000e+01
    endloop
  endfacet
  facet normal 9.725104e-01 1.280334e-01 1.945021e-01
    outer loop
      vertex 3.600000e+00 0.000000e+00 4.000000e+01
      vertex 2.704592e+00 7.246933e-01 4.400000e+01
      vertex 2.800000e+00 0.000000e+00 4.400000e+01
    endloop
  endfacet
  facet normal 9.062354e-01 3.753750e-01 1.945021e-01
    outer loop
      vertex 3.477333e+00 9.317486e-01 4.000000e+01
      vertex 3.117691e+00 1.800000e+00 4.000000e+01
      vertex 2.424871e+00 1.400000e+00 4.400000e+01
    endloop
  endfacet
  facet normal 9.062354e-01 3.753750e-01 1.945021e-01
    outer loop
      vertex 3.477333e+00 9.317486e-01 4.000000e+01
      vertex 2.424871e+00 1.400000e+00 4.400000e+01
      vertex 2.704592e+00 7.246933e-01 4.400000e+01
    endloop
  endfacet
  facet normal 7.782020e-01 5.971354e-01 1.945021e-01
    outer loop
      vertex 3.117691e+00 1.800000e+00 4.000000e+01
      vertex 2.545584e+00 2.545584e+00 4.000000e+01
      vertex 1.979899e+00 1.979899e+00 4.400000e+01
    endloop
  endfacet
  facet normal 7.782020e-01 5.971354e-01 1.945021e-01
    outer loop
      vertex 3.117691e+00 1.800000e+00 4.000000e+01
      vertex 1.979899e+00 1.979899e+00 4.400000e+01
      vertex 2.424871e+00 1.400000e+00 4.400000e+01
    endloop
  endfacet
  facet normal 5.971354e-01 7.782020e-01 1.945021e-01
    outer loop
      vertex 2.545584e+00 2.545584e+00 4.000000e+01
      vertex 1.800000e+00 3.117691e+00 4.000000e+01
      vertex 1.400000e+00 2.424871e+00 4.400000e+01
    endloop
  endfacet
  facet normal 5.971354e-01 7.782020e-01 1.945021e-01
    outer loop
      vertex 2.545584e+00 2.545584e+00 4.000000e+01
      vertex 1.400000e+00 2.424871e+00 4.400000e+01
      vertex 1.979899e+00 1.979899e+00 4.400000e+01
    endloop
  endfacet
  facet normal 3.753750e-01 9.062354e-01 1.945021e-01
    outer loop
      vertex 1.800000e+00 3.117691e+00 4.000000e+01
      vertex 9.317486e-01 3.477333e+00 4.000000e+01
      vertex 7.246933e-01 2.704592e+00 4.400000e+01
    endloop
  endfacet
  facet normal 3.753750e-01 9.062354e-01 1.945021e-01
    outer loop
      vertex 1.800000e+00 3.117691e+00 4.000000e+01
      vertex 7.246933e-01 2.704592e+00 4.400000e+01
      vertex 1.400000e+00 2.424871e+00 4.400000e+01
    endloop
  endfacet
  facet normal 1.280334e-01 9.725104e-01 1.945021e-01
    outer loop
      vertex 9.317486e-01 3.477333e+00 4.000000e+01
      vertex 2.204364e-16 3.600000e+00 4.000000e+01
      vertex 1.714506e-16 2.800000e+00 4.400000e+01
    endloop
  endfacet
  facet normal 1.280334e-01 9.725104e-01 1.945021e-01
    outer loop
      vertex 9.317486e-01 3.477333e+00 4.000000e+01
      vertex 1.714506e-16 2.800000e+00 4.400000e+01
      vertex 7.246933e-01 2.704592e+00 4.400000e+01
    endloop
  endfacet
  facet normal -1.280334e-01 9.725104e-01 1.945021e-01
    outer loop
      vertex 2.204364e-16 3.600000e+00 4.000000e+01
      vertex -9.317486e-01 3.477333e+00 4.000000e+01
      vertex -7.246933e-01 2.704592e+00 4.400000e+01
    endloop
  endfacet
  facet normal -1.280334e-01 9.725104e-01 1.945021e-01
    outer loop
      vertex 2.204364e-16 3.600000e+00 4.000000e+01
      vertex -7.246933e-01 2.704592e+00 4.400000e+01
      vertex 1.714506e-16 2.800000e+00 4.400000e+01
    endloop
  endfacet
  facet normal -3.753750e-01 9.062354e-01 1.945021e-01
    outer loop
      vertex -9.317486e-01 3.477333e+00 4.000000e+01
      vertex -1.800000e+00 3.117691e+00 4.000000e+01
      vertex -1.400000e+00 2.424871e+00 4.400000e+01
    endloop
  endfacet
  facet normal -3.753750e-01 9.062354e-01 1.945021e-01
    outer loop
      vertex -9.317486e-01 3.477333e+00 4.000000e+01
      vertex -1.400000e+00 2.424871e+00 4.400000e+01
      vertex -7.246933e-01 2.704592e+00 4.400000e+01
    endloop
  endfacet
  facet normal -5.971354e-01 7.782020e-01 1.945021e-01
    outer loop
      vertex -1.800000e+00 3.117691e+00 4.000000e+01
      vertex -2.545584e+00 2.545584e+00 4.000000e+01
      vertex -1.979899e+00 1.979899e+00 4.400000e+01
    endloop
  endfacet
  facet normal -5.971354e-01 7.782020e-01 1.945021e-01
    outer loop
      vertex -1.800000e+00 3.117691e+00 4.000000e+01
      vertex -1.979899e+00 1.979899e+00 4.400000e+01
      vertex -1.400000e+00 2.424871e+00 4.400000e+01
    endloop
  endfacet
  facet normal -7.782020e-01 5.971354e-01 1.945021e-01
    outer loop
      vertex -2.545584e+00 2.545584e+00 4.000000e+01
      vertex -3.117691e+00 1.800000e+00 4.000000e+01
      vertex -2.424871e+00 1.400000e+00 4.400000e+01
    endloop
  endfacet
  facet normal -7.782020e-01 5.971354e-01 1.945021e-01
    outer loop
      vertex -2.545584e+00 2.545584e+00 4.000000e+01
      vertex -2.424871e+00 1.400000e+00 4.400000e+01
      vertex -1.979899e+00 1.979899e+00 4.400000e+01
    endloop
  endfacet
  facet normal -9.062354e-01 3.753750e-01 1.945021e-01
    outer loop
      vertex -3.117691e+00 1.800000e+00 4.000000e+01
      vertex -3.477333e+00 9.317486e-01 4.000000e+01
      vertex -2.704592e+00 7.246933e-01 4.400000e+01
    endloop
  endfacet
  facet normal -9.062354e-01 3.753750e-01 1.945021e-01
    outer loop
      vertex -3.117691e+00 1.800000e+00 4.000000e+01
      vertex -2.704592e+00 7.246933e-01 4.400000e+01
      vertex -2.424871e+00 1.400000e+00 4.400000e+01
    endloop
  endfacet
  facet normal -9.725104e-01 1.280334e-01 1.945021e-01
    outer loop
      vertex -3.477333e+00 9.317486e-01 4.000000e+01
      vertex -3.600000e+00 4.408728e-16 4.000000e+01
      vertex -2.800000e+00 3.429011e-16 4.400000e+01
    endloop
  endfacet
  facet normal -9.725104e-01 1.280334e-01 1.945021e-01
    outer loop
      vertex -3.477333e+00 9.317486e-01 4.000000e+01
      vertex -2.800000e+00 3.429011e-16 4.400000e+01
      vertex -2.704592e+00 7.246933e-01 4.400000e+01
    endloop
  endfacet
  facet normal -9.725104e-01 -1.280334e-01 1.945021e-01
    outer loop
      vertex -3.600000e+00 4.408728e-16 4.000000e+01
      vertex -3.477333e+00 -9.317486e-01 4.000000e+01
      vertex -2.704592e+00 -7.246933e-01 4.400000e+01
    endloop
  endfacet
  facet normal -9.725104e-01 -1.280334e-01 1.945021e-01
    outer loop
      vertex -3.600000e+00 4.408728e-16 4.000000e+01
      vertex -2.704592e+00 -7.246933e-01 4.400000e+01
      vertex -2.800000e+00 3.429011e-16 4.400000e+01
    endloop
  endfacet
  facet normal -9.062354e-01 -3.753750e-01 1.945021e-01
    outer loop
      vertex -3.477333e+00 -9.317486e-01 4.000000e+01
      vertex -3.117691e+00 -1.800000e+00 4.000000e+01
      vertex -2.424871e+00 -1.400000e+00 4.400000e+01
    endloop
  endfacet
  facet normal -9.062354e-01 -3.753750e-01 1.945021e-01
    outer loop
      vertex -3.477333e+00 -9.317486e-01 4.000000e+01
      vertex -2.424871e+00 -1.400000e+00 4.400000e+01
      vertex -2.704592e+00 -7.246933e-01 4.400000e+01
    endloop
  endfacet
  facet normal -7.782020e-01 -5.971354e-01 1.945021e-01
    outer loop
      vertex -3.117691e+00 -1.800000e+00 4.000000e+01
      vertex -2.545584e+00 -2.545584e+00 4.000000e+01
      vertex -1.979899e+00 -1.979899e+00 4.400000e+01
    endloop
  endfacet
  facet normal -7.782020e-01 -5.971354e-01 1.945021e-01
    outer loop
      vertex -3.117691e+00 -1.800000e+00 4.000000e+01
      vertex -1.979899e+00 -1.979899e+00 4.400000e+01
      vertex -2.424871e+00 -1.400000e+00 4.400000e+01
    endloop
  endfacet
  facet normal -5.971354e-01 -7.782020e-01 1.945021e-01
    outer loop
      vertex -2.545584e+00 -2.545584e+00 4.000000e+01
      vertex -1.800000e+00 -3.117691e+00 4.000000e+01
      vertex -1.400000e+00 -2.424871e+00 4.400000e+01
    endloop
  endfacet
  facet normal -5.971354e-01 -7.782020e-01 1.945021e-01
    outer loop
      vertex -2.545584e+00 -2.545584e+00 4.000000e+01
      vertex -1.400000e+00 -2.424871e+00 4.400000e+01
      vertex -1.979899e+00 -1.979899e+00 4.400000e+01
    endloop
  endfacet
  facet normal -3.753750e-01 -9.062354e-01 1.945021e-01
    outer loop
      vertex -1.800000e+00 -3.117691e+00 4.000000e+01
      vertex -9.317486e-01 -3.477333e+00 4.000000e+01
      vertex -7.246933e-01 -2.704592e+00 4.400000e+01
    endloop
  endfacet
  facet normal -3.753750e-01 -9.062354e-01 1.945021e-01
    outer loop
      vertex -1.800000e+00 -3.117691e+00 4.000000e+01
      vertex -7.246933e-01 -2.704592e+00 4.400000e+01
      vertex -1.400000e+00 -2.424871e+00 4.400000e+01
    endloop
  endfacet
  facet normal -1.280334e-01 -9.725104e-01 1.945021e-01
    outer loop
      vertex -9.317486e-01 -3.477333e+00 4.000000e+01
      vertex -6.613093e-16 -3.600000e+00 4.000000e+01
      vertex -5.143517e-16 -2.800000e+00 4.400000e+01
    endloop
  endfacet
  facet normal -1.280334e-01 -9.725104e-01 1.945021e-01
    outer loop
      vertex -9.317486e-01 -3.477333e+00 4.000000e+01
      vertex -5.143517e-16 -2.800000e+00 4.400000e+01
      vertex -7.246933e-01 -2.704592e+00 4.400000e+01
    endloop
  endfacet
  facet normal 1.280334e-01 -9.725104e-01 1.945021e-01
    outer loop
      vertex -6.613093e-16 -3.600000e+00 4.000000e+01
      vertex 9.317486e-01 -3.477333e+00 4.000000e+01
      vertex 7.246933e-01 -2.704592e+00 4.400000e+01
    endloop
  endfacet
  facet normal 1.280334e-01 -9.725104e-01 1.945021e-01
    outer loop
      vertex -6.613093e-16 -3.600000e+00 4.000000e+01
      vertex 7.246933e-01 -2.704592e+00 4.400000e+01
      vertex -5.143517e-16 -2.800000e+00 4.400000e+01
    endloop
  endfacet
  facet normal 3.753750e-01 -9.062354e-01 1.945021e-01
    outer loop
      vertex 9.317486e-01 -3.477333e+00 4.000000e+01
      vertex 1.800000e+00 -3.117691e+00 4.000000e+01
      vertex 1.400000e+00 -2.424871e+00 4.400000e+01
    endloop
  endfacet
  facet normal 3.753750e-01 -9.062354e-01 1.945021e-01
    outer loop
      vertex 9.317486e-01 -3.477333e+00 4.000000e+01
      vertex 1.400000e+00 -2.424871e+00 4.400000e+01
      vertex 7.246933e-01 -2.704592e+00 4.400000e+01
    endloop
  endfacet
  facet normal 5.971354e-01 -7.782020e-01 1.945021e-01
    outer loop
      vertex 1.800000e+00 -3.117691e+00 4.000000e+01
      vertex 2.545584e+00 -2.545584e+00 4.000000e+01
      vertex 1.979899e+00 -1.979899e+00 4.400000e+01
    endloop
  endfacet
  facet normal 5.971354e-01 -7.782020e-01 1.945021e-01
    outer loop
      vertex 1.800000e+00 -3.117691e+00 4.000000e+01
      vertex 1.979899e+00 -1.979899e+00 4.400000e+01
      vertex 1.400000e+00 -2.424871e+00 4.400000e+01
    endloop
  endfacet
  facet normal 7.782020e-01 -5.971354e-01 1.945021e-01
    outer loop
      vertex 2.545584e+00 -2.545584e+00 4.000000e+01
      vertex 3.117691e+00 -1.800000e+00 4.000000e+01
      vertex 2.424871e+00 -1.400000e+00 4.400000e+01
    endloop
  endfacet
  facet normal 7.782020e-01 -5.971354e-01 1.945021e-01
    outer loop
      vertex 2.545584e+00 -2.545584e+00 4.000000e+01
      vertex 2.424871e+00 -1.400000e+00 4.400000e+01
      vertex 1.979899e+00 -1.979899e+00 4.400000e+01
    endloop
  endfacet
  facet normal 9.062354e-01 -3.753750e-01 1.945021e-01
    outer loop
      vertex 3.117691e+00 -1.800000e+00 4.000000e+01
      vertex 3.477333e+00 -9.317486e-01 4.000000e+01
      vertex 2.704592e+00 -7.246933e-01 4.400000e+01
    endloop
  endfacet
  facet normal 9.062354e-01 -3.753750e-01 1.945021e-01
    outer loop
      vertex 3.117691e+00 -1.800000e+00 4.000000e+01
      vertex 2.704592e+00 -7.246933e-01 4.400000e+01
      vertex 2.424871e+00 -1.400000e+00 4.400000e+01
    endloop
  endfacet
  facet normal 9.725104e-01 -1.280334e-01 1.945021e-01
    outer loop
      vertex 3.477333e+00 -9.317486e-01 4.000000e+01
      vertex 3.600000e+00 0.000000e+00 4.000000e+01
      vertex 2.800000e+00 0.000000e+00 4.400000e+01
    endloop
  endfacet
  facet normal 9.725104e-01 -1.280334e-01 1.945021e-01
    outer loop
      vertex 3.477333e+00 -9.317486e-01 4.000000e+01
      vertex 2.800000e+00 0.000000e+00 4.400000e+01
      vertex 2.704592e+00 -7.246933e-01 4.400000e+01
    endloop
  endfacet
  facet normal 0.000000e+00 0.000000e+00 -1.000000e+00
    outer loop
      vertex 0.000000e+00 0.000000e+00 0.000000e+00
      vertex 7.727407e+00 2.070552e+00 0.000000e+00
      vertex 8.000000e+00 0.000000e+00 0.000000e+00
    endloop
  endfacet
  facet normal 0.000000e+00 0.000000e+00 -1.000000e+00
    outer loop
      vertex 0.000000e+00 0.000000e+00 0.000000e+00
      vertex 6.928203e+00 4.000000e+00 0.000000e+00
      vertex 7.727407e+00 2.070552e+00 0.000000e+00
    endloop
  endfacet
  facet normal 0.000000e+00 0.000000e+00 -1.000000e+00
    outer loop
      vertex 0.000000e+00 0.000000e+00 0.000000e+00
      vertex 5.656854e+00 5.656854e+00 0.000000e+00
      vertex 6.928203e+00 4.000000e+00 0.000000e+00
    endloop
  endfacet
  facet normal 0.000000e+00 0.000000e+00 -1.000000e+00
    outer loop
      vertex 0.000000e+00 0.000000e+00 0.000000e+00
      vertex 4.000000e+00 6.928203e+00 0.000000e+00
      vertex 5.656854e+00 5.656854e+00 0.000000e+00
    endloop
  endfacet
  facet normal 0.000000e+00 0.000000e+00 -1.000000e+00
    outer loop
      vertex 0.000000e+00 0.000000e+00 0.000000e+00
      vertex 2.070552e+00 7.727407e+00 0.000000e+00
      vertex 4.000000e+00 6.928203e+00 0.000000e+00
    endloop
  endfacet
  facet normal 0.000000e+00 0.000000e+00 -1.000000e+00
    outer loop
      vertex 0.000000e+00 0.000000e+00 0.000000e+00
      vertex 4.898587e-16 8.000000e+00 0.000000e+00
      vertex 2.070552e+00 7.727407e+00 0.000000e+00
    endloop
  endfacet
  facet normal 0.000000e+00 0.000000e+00 -1.000000e+00
    outer loop
      vertex 0.000000e+00 0.000000e+00 0.000000e+00
      vertex -2.070552e+00 7.727407e+00 0.000000e+00
      vertex 4.898587e-16 8.000000e+00 0.000000e+00
    endloop
  endfacet
  facet normal 0.000000e+00 0.000000e+00 -1.000000e+00
    outer loop
      vertex 0.000000e+00 0.000000e+00 0.000000e+00
      vertex -4.000000e+00 6.928203e+00 0.000000e+00
      vertex -2.070552e+00 7.727407e+00 0.000000e+00
    endloop
  endfacet
  facet normal 0.000000e+00 0.000000e+00 -1.000000e+00
    outer loop
      vertex 0.000000e+00 0.000000e+00 0.000000e+00
      vertex -5.656854e+00 5.656854e+00 0.000000e+00
      vertex -4.000000e+00 6.928203e+00 0.000000e+00
    endloop
  endfacet
  facet normal 0.000000e+00 0.000000e+00 -1.000000e+00
    outer loop
      vertex 0.000000e+00 0.000000e+00 0.000000e+00
      vertex -6.928203e+00 4.000000e+00 0.000000e+00
      vertex -5.656854e+00 5.656854e+00 0.000000e+00
    endloop
  endfacet
  facet normal 0.000000e+00 0.000000e+00 -1.000000e+00
    outer loop
      vertex 0.000000e+00 0.000000e+00 0.000000e+00
      vertex -7.727407e+00 2.070552e+00 0.000000e+00
      vertex -6.928203e+00 4.000000e+00 0.000000e+00
    endloop
  endfacet
  facet normal 0.000000e+00 0.000000e+00 -1.000000e+00
    outer loop
      vertex 0.000000e+00 0.000000e+00 0.000000e+00
      vertex -8.000000e+00 9.797174e-16 0.000000e+00
      vertex -7.727407e+00 2.070552e+00 0.000000e+00
    endloop
  endfacet
  facet normal -0.000000e+00 0.000000e+00 -1.000000e+00
    outer loop
      vertex 0.000000e+00 0.000000e+00 0.000000e+00
      vertex -7.727407e+00 -2.070552e+00 0.000000e+00
      vertex -8.000000e+00 9.797174e-16 0.000000e+00
    endloop
  endfacet
  facet normal 0.000000e+00 0.000000e+00 -1.000000e+00
    outer loop
      vertex 0.000000e+00 0.000000e+00 0.000000e+00
      vertex -6.928203e+00 -4.000000e+00 0.000000e+00
      vertex -7.727407e+00 -2.070552e+00 0.000000e+00
    endloop
  endfacet
  facet normal 0.000000e+00 0.000000e+00 -1.000000e+00
    outer loop
      vertex 0.000000e+00 0.000000e+00 0.000000e+00
      vertex -5.656854e+00 -5.656854e+00 0.000000e+00
      vertex -6.928203e+00 -4.000000e+00 0.000000e+00
    endloop
  endfacet
  facet normal 0.000000e+00 0.000000e+00 -1.000000e+00
    outer loop
      vertex 0.000000e+00 0.000000e+00 0.000000e+00
      vertex -4.000000e+00 -6.928203e+00 0.000000e+00
      vertex -5.656854e+00 -5.656854e+00 0.000000e+00
    endloop
  endfacet
  facet normal 0.000000e+00 0.000000e+00 -1.000000e+00
    outer loop
      vertex 0.000000e+00 0.000000e+00 0.000000e+00
      vertex -2.070552e+00 -7.727407e+00 0.000000e+00
      vertex -4.000000e+00 -6.928203e+00 0.000000e+00
    endloop
  endfacet
  facet normal 0.000000e+00 0.000000e+00 -1.000000e+00
    outer loop
      vertex 0.000000e+00 0.000000e+00 0.000000e+00
      vertex -1.469576e-15 -8.000000e+00 0.000000e+00
      vertex -2.070552e+00 -7.727407e+00 0.000000e+00
    endloop
  endfacet
  facet normal 0.000000e+00 -0.000000e+00 -1.000000e+00
    outer loop
      vertex 0.000000e+00 0.000000e+00 0.000000e+00
      vertex 2.070552e+00 -7.727407e+00 0.000000e+00
      vertex -1.469576e-15 -8.000000e+00 0.000000e+00
    endloop
  endfacet
  facet normal 0.000000e+00 0.000000e+00 -1.000000e+00
    outer loop
      vertex 0.000000e+00 0.000000e+00 0.000000e+00
      vertex 4.000000e+00 -6.928203e+00 0.000000e+00
      vertex 2.070552e+00 -7.727407e+00 0.000000e+00
    endloop
  endfacet
  facet normal 0.000000e+00 0.000000e+00 -1.000000e+00
    outer loop
      vertex 0.000000e+00 0.000000e+00 0.000000e+00
      vertex 5.656854e+00 -5.656854e+00 0.000000e+00
      vertex 4.000000e+00 -6.928203e+00 0.000000e+00
    endloop
  endfacet
  facet normal 0.000000e+00 0.000000e+00 -1.000000e+00
    outer loop
      vertex 0.000000e+00 0.000000e+00 0.000000e+00
      vertex 6.928203e+00 -4.000000e+00 0.000000e+00
      vertex 5.656854e+00 -5.656854e+00 0.000000e+00
    endloop
  endfacet
  facet normal 0.000000e+00 0.000000e+00 -1.000000e+00
    outer loop
      vertex 0.000000e+00 0.000000e+00 0.000000e+00
      vertex 7.727407e+00 -2.070552e+00 0.000000e+00
      vertex 6.928203e+00 -4.000000e+00 0.000000e+00
    endloop
  endfacet
  facet normal 0.000000e+00 0.000000e+00 -1.000000e+00
    outer loop
      vertex 0.000000e+00 0.000000e+00 0.000000e+00
      vertex 8.000000e+00 0.000000e+00 0.000000e+00
      vertex 7.727407e+00 -2.070552e+00 0.000000e+00
    endloop
  endfacet
  facet normal 0.000000e+00 0.000000e+00 1.000000e+00
    outer loop
      vertex 0.000000e+00 0.000000e+00 4.400000e+01
      vertex 2.800000e+00 0.000000e+00 4.400000e+01
      vertex 2.704592e+00 7.246933e-01 4.400000e+01
    endloop
  endfacet
  facet normal 0.000000e+00 0.000000e+00 1.000000e+00
    outer loop
      vertex 0.000000e+00 0.000000e+00 4.400000e+01
      vertex 2.704592e+00 7.246933e-01 4.400000e+01
      vertex 2.424871e+00 1.400000e+00 4.400000e+01
    endloop
  endfacet
  facet normal 0.000000e+00 0.000000e+00 1.000000e+00
    outer loop
      vertex 0.000000e+00 0.000000e+00 4.400000e+01
      vertex 2.424871e+00 1.400000e+00 4.400000e+01
      vertex 1.979899e+00 1.979899e+00 4.400000e+01
    endloop
  endfacet
  facet normal 0.000000e+00 0.000000e+00 1.000000e+00
    outer loop
      vertex 0.000000e+00 0.000000e+00 4.400000e+01
      vertex 1.979899e+00 1.979899e+00 4.400000e+01
      vertex 1.400000e+00 2.424871e+00 4.400000e+01
    endloop
  endfacet
  facet normal 0.000000e+00 0.000000e+00 1.000000e+00
    outer loop
      vertex 0.000000e+00 0.000000e+00 4.400000e+01
      vertex 1.400000e+00 2.424871e+00 4.400000e+01
      vertex 7.246933e-01 2.704592e+00 4.400000e+01
    endloop
  endfacet
  facet normal 0.000000e+00 0.000000e+00 1.000000e+00
    outer loop
      vertex 0.000000e+00 0.000000e+00 4.400000e+01
      vertex 7.246933e-01 2.704592e+00 4.400000e+01
      vertex 1.714506e-16 2.800000e+00 4.400000e+01
    endloop
  endfacet
  facet normal 0.000000e+00 -0.000000e+00 1.000000e+00
    outer loop
      vertex 0.000000e+00 0.000000e+00 4.400000e+01
      vertex 1.714506e-16 2.800000e+00 4.400000e+01
      vertex -7.246933e-01 2.704592e+00 4.400000e+01
    endloop
  endfacet
  facet normal 0.000000e+00 0.000000e+00 1.000000e+00
    outer loop
      vertex 0.000000e+00 0.000000e+00 4.400000e+01
      vertex -7.246933e-01 2.704592e+00 4.400000e+01
      vertex -1.400000e+00 2.424871e+00 4.400000e+01
    endloop
  endfacet
  facet normal 0.000000e+00 0.000000e+00 1.000000e+00
    outer loop
      vertex 0.000000e+00 0.000000e+00 4.400000e+01
      vertex -1.400000e+00 2.424871e+00 4.400000e+01
      vertex -1.979899e+00 1.979899e+00 4.400000e+01
    endloop
  endfacet
  facet normal 0.000000e+00 0.000000e+00 1.000000e+00
    outer loop
      vertex 0.000000e+00 0.000000e+00 4.400000e+01
      vertex -1.979899e+00 1.979899e+00 4.400000e+01
      vertex -2.424871e+00 1.400000e+00 4.400000e+01
    endloop
  endfacet
  facet normal 0.000000e+00 0.000000e+00 1.000000e+00
    outer loop
      vertex 0.000000e+00 0.000000e+00 4.400000e+01
      vertex -2.424871e+00 1.400000e+00 4.400000e+01
      vertex -2.704592e+00 7.246933e-01 4.400000e+01
    endloop
  endfacet
  facet normal 0.000000e+00 0.000000e+00 1.000000e+00
    outer loop
      vertex 0.000000e+00 0.000000e+00 4.400000e+01
      vertex -2.704592e+00 7.246933e-01 4.400000e+01
      vertex -2.800000e+00 3.429011e-16 4.400000e+01
    endloop
  endfacet
  facet normal 0.000000e+00 0.000000e+00 1.000000e+00
    outer loop
      vertex 0.000000e+00 0.000000e+00 4.400000e+01
      vertex -2.800000e+00 3.429011e-16 4.400000e+01
      vertex -2.704592e+00 -7.246933e-01 4.400000e+01
    endloop
  endfacet
  facet normal 0.000000e+00 0.000000e+00 1.000000e+00
    outer loop
      vertex 0.000000e+00 0.000000e+00 4.400000e+01
      vertex -2.704592e+00 -7.246933e-01 4.400000e+01
      vertex -2.424871e+00 -1.400000e+00 4.400000e+01
    endloop
  endfacet
  facet normal 0.000000e+00 0.000000e+00 1.000000e+00
    outer loop
      vertex 0.000000e+00 0.000000e+00 4.400000e+01
      vertex -2.424871e+00 -1.400000e+00 4.400000e+01
      vertex -1.979899e+00 -1.979899e+00 4.400000e+01
    endloop
  endfacet
  facet normal 0.000000e+00 0.000000e+00 1.000000e+00
    outer loop
      vertex 0.000000e+00 0.000000e+00 4.400000e+01
      vertex -1.979899e+00 -1.979899e+00 4.400000e+01
      vertex -1.400000e+00 -2.424871e+00 4.400000e+01
    endloop
  endfacet
  facet normal 0.000000e+00 0.000000e+00 1.000000e+00
    outer loop
      vertex 0.000000e+00 0.000000e+00 4.400000e+01
      vertex -1.400000e+00 -2.424871e+00 4.400000e+01
      vertex -7.246933e-01 -2.704592e+00 4.400000e+01
    endloop
  endfacet
  facet normal 0.000000e+00 0.000000e+00 1.000000e+00
    outer loop
      vertex 0.000000e+00 0.000000e+00 4.400000e+01
      vertex -7.246933e-01 -2.704592e+00 4.400000e+01
      vertex -5.143517e-16 -2.800000e+00 4.400000e+01
    endloop
  endfacet
  facet normal 0.000000e+00 0.000000e+00 1.000000e+00
    outer loop
      vertex 0.000000e+00 0.000000e+00 4.400000e+01
      vertex -5.143517e-16 -2.800000e+00 4.400000e+01
      vertex 7.246933e-01 -2.704592e+00 4.400000e+01
    endloop
  endfacet
  facet normal 0.000000e+00 0.000000e+00 1.000000e+00
    outer loop
      vertex 0.000000e+00 0.000000e+00 4.400000e+01
      vertex 7.246933e-01 -2.704592e+00 4.400000e+01
      vertex 1.400000e+00 -2.424871e+00 4.400000e+01
    endloop
  endfacet
  facet normal 0.000000e+00 0.000000e+00 1.000000e+00
    outer loop
      vertex 0.000000e+00 0.000000e+00 4.400000e+01
      vertex 1.400000e+00 -2.424871e+00 4.400000e+01
      vertex 1.979899e+00 -1.979899e+00 4.400000e+01
    endloop
  endfacet
  facet normal 0.000000e+00 0.000000e+00 1.000000e+00
    outer loop
      vertex 0.000000e+00 0.000000e+00 4.400000e+01
      vertex 1.979899e+00 -1.979899e+00 4.400000e+01
      vertex 2.424871e+00 -1.400000e+00 4.400000e+01
    endloop
  endfacet
  facet normal 0.000000e+00 0.000000e+00 1.000000e+00
    outer loop
      vertex 0.000000e+00 0.000000e+00 4.400000e+01
      vertex 2.424871e+00 -1.400000e+00 4.400000e+01
      vertex 2.704592e+00 -7.246933e-01 4.400000e+01
    endloop
  endfacet
  facet normal -0.000000e+00 0.000000e+00 1.000000e+00
    outer loop
      vertex 0.000000e+00 0.000000e+00 4.400000e+01
      vertex 2.704592e+00 -7.246933e-01 4.400000e+01
      vertex 2.800000e+00 0.000000e+00 4.400000e+01
    endloop
  endfacet
  facet normal 0.000000e+00 0.000000e+00 -1.000000e+00
    outer loop
      vertex -3.200000e+00 -3.000000e+00 3.600000e+01
      vertex -3.200000e+00 3.000000e+00 3.600000e+01
      vertex 6.500000e+00 3.000000e+00 3.600000e+01
    endloop
  endfacet
  facet normal 0.000000e+00 0.000000e+00 -1.000000e+00
    outer loop
      vertex -3.200000e+00 -3.000000e+00 3.600000e+01
      vertex 6.500000e+00 3.000000e+00 3.600000e+01
      vertex 6.500000e+00 -3.000000e+00 3.600000e+01
    endloop
  endfacet
  facet normal 0.000000e+00 0.000000e+00 1.000000e+00
    outer loop
      vertex -3.200000e+00 -3.000000e+00 4.600000e+01
      vertex 6.500000e+00 -3.000000e+00 4.600000e+01
      vertex 6.500000e+00 3.000000e+00 4.600000e+01
    endloop
  endfacet
  facet normal 0.000000e+00 0.000000e+00 1.000000e+00
    outer loop
      vertex -3.200000e+00 -3.000000e+00 4.600000e+01
      vertex 6.500000e+00 3.000000e+00 4.600000e+01
      vertex -3.200000e+00 3.000000e+00 4.600000e+01
    endloop
  endfacet
  facet normal 0.000000e+00 -1.000000e+00 0.000000e+00
    outer loop
      vertex -3.200000e+00 -3.000000e+00 3.600000e+01
      vertex 6.500000e+00 -3.000000e+00 3.600000e+01
      vertex 6.500000e+00 -3.000000e+00 4.600000e+01
    endloop
  endfacet
  facet normal 0.000000e+00 -1.000000e+00 0.000000e+00
    outer loop
      vertex -3.200000e+00 -3.000000e+00 3.600000e+01
      vertex 6.500000e+00 -3.000000e+00 4.600000e+01
      vertex -3.200000e+00 -3.000000e+00 4.600000e+01
    endloop
  endfacet
  facet normal 1.000000e+00 0.000000e+00 0.000000e+00
    outer loop
      vertex 6.500000e+00 -3.000000e+00 3.600000e+01
      vertex 6.500000e+00 3.000000e+00 3.600000e+01
      vertex 6.500000e+00 3.000000e+00 4.600000e+01
    endloop
  endfacet
  facet normal 1.000000e+00 0.000000e+00 0.000000e+00
    outer loop
      vertex 6.500000e+00 -3.000000e+00 3.600000e+01
      vertex 6.500000e+00 3.000000e+00 4.600000e+01
      vertex 6.500000e+00 -3.000000e+00 4.600000e+01
    endloop
  endfacet
  facet normal 0.000000e+00 1.000000e+00 0.000000e+00
    outer loop
      vertex 6.500000e+00 3.000000e+00 3.600000e+01
      vertex -3.200000e+00 3.000000e+00 3.600000e+01
      vertex -3.200000e+00 3.000000e+00 4.600000e+01
    endloop
  endfacet
  facet normal 0.000000e+00 1.000000e+00 -0.000000e+00
    outer loop
      vertex 6.500000e+00 3.000000e+00 3.600000e+01
      vertex -3.200000e+00 3.000000e+00 4.600000e+01
      vertex 6.500000e+00 3.000000e+00 4.600000e+01
    endloop
  endfacet
  facet normal -1.000000e+00 0.000000e+00 0.000000e+00
    outer loop
      vertex -3.200000e+00 3.000000e+00 3.600000e+01
      vertex -3.200000e+00 -3.000000e+00 3.600000e+01
      vertex -3.200000e+00 -3.000000e+00 4.600000e+01
    endloop
  endfacet
  facet normal -1.000000e+00 0.000000e+00 0.000000e+00
    outer loop
      vertex -3.200000e+00 3.000000e+00 3.600000e+01
      vertex -3.200000e+00 -3.000000e+00 4.600000e+01
      vertex -3.200000e+00 3.000000e+00 4.600000e+01
    endloop
  endfacet
  facet normal 0.000000e+00 0.000000e+00 -1.000000e+00
    outer loop
      vertex 2.000000e+00 -2.600000e+00 4.000000e+01
      vertex 2.000000e+00 2.600000e+00 4.000000e+01
      vertex 9.500000e+00 2.600000e+00 4.000000e+01
    endloop
  endfacet
  facet normal 0.000000e+00 0.000000e+00 -1.000000e+00
    outer loop
      vertex 2.000000e+00 -2.600000e+00 4.000000e+01
      vertex 9.500000e+00 2.600000e+00 4.000000e+01
      vertex 9.500000e+00 -2.600000e+00 4.000000e+01
    endloop
  endfacet
  facet normal 0.000000e+00 0.000000e+00 1.000000e+00
    outer loop
      vertex 2.000000e+00 -2.600000e+00 4.720000e+01
      vertex 9.500000e+00 -2.600000e+00 4.720000e+01
      vertex 9.500000e+00 2.600000e+00 4.720000e+01
    endloop
  endfacet
  facet normal 0.000000e+00 0.000000e+00 1.000000e+00
    outer loop
      vertex 2.000000e+00 -2.600000e+00 4.720000e+01
      vertex 9.500000e+00 2.600000e+00 4.720000e+01
      vertex 2.000000e+00 2.600000e+00 4.720000e+01
    endloop
  endfacet
  facet normal 0.000000e+00 -1.000000e+00 0.000000e+00
    outer loop
      vertex 2.000000e+00 -2.600000e+00 4.000000e+01
      vertex 9.500000e+00 -2.600000e+00 4.000000e+01
      vertex 9.500000e+00 -2.600000e+00 4.720000e+01
    endloop
  endfacet
  facet normal 0.000000e+00 -1.000000e+00 0.000000e+00
    outer loop
      vertex 2.000000e+00 -2.600000e+00 4.000000e+01
      vertex 9.500000e+00 -2.600000e+00 4.720000e+01
      vertex 2.000000e+00 -2.600000e+00 4.720000e+01
    endloop
  endfacet
  facet normal 1.000000e+00 0.000000e+00 0.000000e+00
    outer loop
      vertex 9.500000e+00 -2.600000e+00 4.000000e+01
      vertex 9.500000e+00 2.600000e+00 4.000000e+01
      vertex 9.500000e+00 2.600000e+00 4.720000e+01
    endloop
  endfacet
  facet normal 1.000000e+00 0.000000e+00 0.000000e+00
    outer loop
      vertex 9.500000e+00 -2.600000e+00 4.000000e+01
      vertex 9.500000e+00 2.600000e+00 4.720000e+01
      vertex 9.500000e+00 -2.600000e+00 4.720000e+01
    endloop
  endfacet
  facet normal 0.000000e+00 1.000000e+00 0.000000e+00
    outer loop
      vertex 9.500000e+00 2.600000e+00 4.000000e+01
      vertex 2.000000e+00 2.600000e+00 4.000000e+01
      vertex 2.000000e+00 2.600000e+00 4.720000e+01
    endloop
  endfacet
  facet normal 0.000000e+00 1.000000e+00 -0.000000e+00
    outer loop
      vertex 9.500000e+00 2.600000e+00 4.000000e+01
      vertex 2.000000e+00 2.600000e+00 4.720000e+01
      vertex 9.500000e+00 2.600000e+00 4.720000e+01
    endloop
  endfacet
  facet normal -1.000000e+00 0.000000e+00 0.000000e+00
    outer loop
      vertex 2.000000e+00 2.600000e+00 4.000000e+01
      vertex 2.000000e+00 -2.600000e+00 4.000000e+01
      vertex 2.000000e+00 -2.600000e+00 4.720000e+01
    endloop
  endfacet
  facet normal -1.000000e+00 0.000000e+00 0.000000e+00
    outer loop
      vertex 2.000000e+00 2.600000e+00 4.000000e+01
      vertex 2.000000e+00 -2.600000e+00 4.720000e+01
      vertex 2.000000e+00 2.600000e+00 4.720000e+01
    endloop
  endfacet
  facet normal 0.000000e+00 0.000000e+00 -1.000000e+00
    outer loop
      vertex 6.000000e+00 -2.000000e+00 3.850000e+01
      vertex 6.000000e+00 2.000000e+00 3.850000e+01
      vertex 1.020000e+01 2.000000e+00 3.850000e+01
    endloop
  endfacet
  facet normal 0.000000e+00 0.000000e+00 -1.000000e+00
    outer loop
      vertex 6.000000e+00 -2.000000e+00 3.850000e+01
      vertex 1.020000e+01 2.000000e+00 3.850000e+01
      vertex 1.020000e+01 -2.000000e+00 3.850000e+01
    endloop
  endfacet
  facet normal 0.000000e+00 0.000000e+00 1.000000e+00
    outer loop
      vertex 6.000000e+00 -2.000000e+00 4.250000e+01
      vertex 1.020000e+01 -2.000000e+00 4.250000e+01
      vertex 1.020000e+01 2.000000e+00 4.250000e+01
    endloop
  endfacet
  facet normal 0.000000e+00 0.000000e+00 1.000000e+00
    outer loop
      vertex 6.000000e+00 -2.000000e+00 4.250000e+01
      vertex 1.020000e+01 2.000000e+00 4.250000e+01
      vertex 6.000000e+00 2.000000e+00 4.250000e+01
    endloop
  endfacet
  facet normal 0.000000e+00 -1.000000e+00 0.000000e+00
    outer loop
      vertex 6.000000e+00 -2.000000e+00 3.850000e+01
      vertex 1.020000e+01 -2.000000e+00 3.850000e+01
      vertex 1.020000e+01 -2.000000e+00 4.250000e+01
    endloop
  endfacet
  facet normal 0.000000e+00 -1.000000e+00 0.000000e+00
    outer loop
      vertex 6.000000e+00 -2.000000e+00 3.850000e+01
      vertex 1.020000e+01 -2.000000e+00 4.250000e+01
      vertex 6.000000e+00 -2.000000e+00 4.250000e+01
    endloop
  endfacet
  facet normal 1.000000e+00 0.000000e+00 0.000000e+00
    outer loop
      vertex 1.020000e+01 -2.000000e+00 3.850000e+01
      vertex 1.020000e+01 2.000000e+00 3.850000e+01
      vertex 1.020000e+01 2.000000e+00 4.250000e+01
    endloop
  endfacet
  facet normal 1.000000e+00 0.000000e+00 0.000000e+00
    outer loop
      vertex 1.020000e+01 -2.000000e+00 3.850000e+01
      vertex 1.020000e+01 2.000000e+00 4.250000e+01
      vertex 1.020000e+01 -2.000000e+00 4.250000e+01
    endloop
  endfacet
  facet normal 0.000000e+00 1.000000e+00 0.000000e+00
    outer loop
      vertex 1.020000e+01 2.000000e+00 3.850000e+01
      vertex 6.000000e+00 2.000000e+00 3.850000e+01
      vertex 6.000000e+00 2.000000e+00 4.250000e+01
    endloop
  endfacet
  facet normal 0.000000e+00 1.000000e+00 -0.000000e+00
    outer loop
      vertex 1.020000e+01 2.000000e+00 3.850000e+01
      vertex 6.000000e+00 2.000000e+00 4.250000e+01
      vertex 1.020000e+01 2.000000e+00 4.250000e+01
    endloop
  endfacet
  facet normal -1.000000e+00 0.000000e+00 0.000000e+00
    outer loop
      vertex 6.000000e+00 2.000000e+00 3.850000e+01
      vertex 6.000000e+00 -2.000000e+00 3.850000e+01
      vertex 6.000000e+00 -2.000000e+00 4.250000e+01
    endloop
  endfacet
  facet normal -1.000000e+00 0.000000e+00 0.000000e+00
    outer loop
      vertex 6.000000e+00 2.000000e+00 3.850000e+01
      vertex 6.000000e+00 -2.000000e+00 4.250000e+01
      vertex 6.000000e+00 2.000000e+00 4.250000e+01
    endloop
  endfacet
  facet normal 7.111559e-04 9.807850e-01 1.950903e-01
    outer loop
      vertex 8.500000e+00 1.950000e+00 4.600000e+01
      vertex 8.500000e+00 1.801565e+00 4.674623e+01
      vertex 9.700000e+00 1.653744e+00 4.748500e+01
    endloop
  endfacet
  facet normal 7.111559e-04 9.807850e-01 1.950903e-01
    outer loop
      vertex 8.500000e+00 1.950000e+00 4.600000e+01
      vertex 9.700000e+00 1.653744e+00 4.748500e+01
      vertex 9.700000e+00 1.790000e+00 4.680000e+01
    endloop
  endfacet
  facet normal -2.330132e-01 8.085822e-01 5.402774e-01
    outer loop
      vertex 8.500000e+00 1.801565e+00 4.674623e+01
      vertex 8.500000e+00 1.378858e+00 4.737886e+01
      vertex 9.700000e+00 1.265721e+00 4.806572e+01
    endloop
  endfacet
  facet normal -2.330132e-01 8.085822e-01 5.402774e-01
    outer loop
      vertex 8.500000e+00 1.801565e+00 4.674623e+01
      vertex 9.700000e+00 1.265721e+00 4.806572e+01
      vertex 9.700000e+00 1.653744e+00 4.748500e+01
    endloop
  endfacet
  facet normal -3.900030e-01 5.115766e-01 7.656285e-01
    outer loop
      vertex 8.500000e+00 1.378858e+00 4.737886e+01
      vertex 8.500000e+00 7.462327e-01 4.780157e+01
      vertex 9.700000e+00 6.850033e-01 4.845374e+01
    endloop
  endfacet
  facet normal -3.900030e-01 5.115766e-01 7.656285e-01
    outer loop
      vertex 8.500000e+00 1.378858e+00 4.737886e+01
      vertex 9.700000e+00 6.850033e-01 4.845374e+01
      vertex 9.700000e+00 1.265721e+00 4.806572e+01
    endloop
  endfacet
  facet normal -4.635035e-01 1.728686e-01 8.690690e-01
    outer loop
      vertex 8.500000e+00 7.462327e-01 4.780157e+01
      vertex 8.500000e+00 1.194031e-16 4.795000e+01
      vertex 9.700000e+00 1.096059e-16 4.859000e+01
    endloop
  endfacet
  facet normal -4.635035e-01 1.728686e-01 8.690690e-01
    outer loop
      vertex 8.500000e+00 7.462327e-01 4.780157e+01
      vertex 9.700000e+00 1.096059e-16 4.859000e+01
      vertex 9.700000e+00 6.850033e-01 4.845374e+01
    endloop
  endfacet
  facet normal -4.635035e-01 -1.728686e-01 8.690690e-01
    outer loop
      vertex 8.500000e+00 1.194031e-16 4.795000e+01
      vertex 8.500000e+00 -7.462327e-01 4.780157e+01
      vertex 9.700000e+00 -6.850033e-01 4.845374e+01
    endloop
  endfacet
  facet normal -4.635035e-01 -1.728686e-01 8.690690e-01
    outer loop
      vertex 8.500000e+00 1.194031e-16 4.795000e+01
      vertex 9.700000e+00 -6.850033e-01 4.845374e+01
      vertex 9.700000e+00 1.096059e-16 4.859000e+01
    endloop
  endfacet
  facet normal -3.900030e-01 -5.115766e-01 7.656285e-01
    outer loop
      vertex 8.500000e+00 -7.462327e-01 4.780157e+01
      vertex 8.500000e+00 -1.378858e+00 4.737886e+01
      vertex 9.700000e+00 -1.265721e+00 4.806572e+01
    endloop
  endfacet
  facet normal -3.900030e-01 -5.115766e-01 7.656285e-01
    outer loop
      vertex 8.500000e+00 -7.462327e-01 4.780157e+01
      vertex 9.700000e+00 -1.265721e+00 4.806572e+01
      vertex 9.700000e+00 -6.850033e-01 4.845374e+01
    endloop
  endfacet
  facet normal -2.330132e-01 -8.085822e-01 5.402774e-01
    outer loop
      vertex 8.500000e+00 -1.378858e+00 4.737886e+01
      vertex 8.500000e+00 -1.801565e+00 4.674623e+01
      vertex 9.700000e+00 -1.653744e+00 4.748500e+01
    endloop
  endfacet
  facet normal -2.330132e-01 -8.085822e-01 5.402774e-01
    outer loop
      vertex 8.500000e+00 -1.378858e+00 4.737886e+01
      vertex 9.700000e+00 -1.653744e+00 4.748500e+01
      vertex 9.700000e+00 -1.265721e+00 4.806572e+01
    endloop
  endfacet
  facet normal 7.111559e-04 -9.807850e-01 1.950903e-01
    outer loop
      vertex 8.500000e+00 -1.801565e+00 4.674623e+01
      vertex 8.500000e+00 -1.950000e+00 4.600000e+01
      vertex 9.700000e+00 -1.790000e+00 4.680000e+01
    endloop
  endfacet
  facet normal 7.111559e-04 -9.807850e-01 1.950903e-01
    outer loop
      vertex 8.500000e+00 -1.801565e+00 4.674623e+01
      vertex 9.700000e+00 -1.790000e+00 4.680000e+01
      vertex 9.700000e+00 -1.653744e+00 4.748500e+01
    endloop
  endfacet
  facet normal 2.523875e-01 -9.490336e-01 -1.887745e-01
    outer loop
      vertex 8.500000e+00 -1.950000e+00 4.600000e+01
      vertex 8.500000e+00 -1.801565e+00 4.525377e+01
      vertex 9.700000e+00 -1.653744e+00 4.611500e+01
    endloop
  endfacet
  facet normal 2.523875e-01 -9.490336e-01 -1.887745e-01
    outer loop
      vertex 8.500000e+00 -1.950000e+00 4.600000e+01
      vertex 9.700000e+00 -1.653744e+00 4.611500e+01
      vertex 9.700000e+00 -1.790000e+00 4.680000e+01
    endloop
  endfacet
  facet normal 4.480370e-01 -7.433463e-01 -4.966881e-01
    outer loop
      vertex 8.500000e+00 -1.801565e+00 4.525377e+01
      vertex 8.500000e+00 -1.378858e+00 4.462114e+01
      vertex 9.700000e+00 -1.265721e+00 4.553428e+01
    endloop
  endfacet
  facet normal 4.480370e-01 -7.433463e-01 -4.966881e-01
    outer loop
      vertex 8.500000e+00 -1.801565e+00 4.525377e+01
      vertex 9.700000e+00 -1.265721e+00 4.553428e+01
      vertex 9.700000e+00 -1.653744e+00 4.611500e+01
    endloop
  endfacet
  facet normal 5.651749e-01 -4.583294e-01 -6.859384e-01
    outer loop
      vertex 8.500000e+00 -1.378858e+00 4.462114e+01
      vertex 8.500000e+00 -7.462327e-01 4.419843e+01
      vertex 9.700000e+00 -6.850033e-01 4.514626e+01
    endloop
  endfacet
  facet normal 5.651749e-01 -4.583294e-01 -6.859384e-01
    outer loop
      vertex 8.500000e+00 -1.378858e+00 4.462114e+01
      vertex 9.700000e+00 -6.850033e-01 4.514626e+01
      vertex 9.700000e+00 -1.265721e+00 4.553428e+01
    endloop
  endfacet
  facet normal 6.172931e-01 -1.534840e-01 -7.716164e-01
    outer loop
      vertex 8.500000e+00 -7.462327e-01 4.419843e+01
      vertex 8.500000e+00 -3.582092e-16 4.405000e+01
      vertex 9.700000e+00 -3.288177e-16 4.501000e+01
    endloop
  endfacet
  facet normal 6.172931e-01 -1.534840e-01 -7.716164e-01
    outer loop
      vertex 8.500000e+00 -7.462327e-01 4.419843e+01
      vertex 9.700000e+00 -3.288177e-16 4.501000e+01
      vertex 9.700000e+00 -6.850033e-01 4.514626e+01
    endloop
  endfacet
  facet normal 6.172931e-01 1.534840e-01 -7.716164e-01
    outer loop
      vertex 8.500000e+00 -3.582092e-16 4.405000e+01
      vertex 8.500000e+00 7.462327e-01 4.419843e+01
      vertex 9.700000e+00 6.850033e-01 4.514626e+01
    endloop
  endfacet
  facet normal 6.172931e-01 1.534840e-01 -7.716164e-01
    outer loop
      vertex 8.500000e+00 -3.582092e-16 4.405000e+01
      vertex 9.700000e+00 6.850033e-01 4.514626e+01
      vertex 9.700000e+00 -3.288177e-16 4.501000e+01
    endloop
  endfacet
  facet normal 5.651749e-01 4.583294e-01 -6.859384e-01
    outer loop
      vertex 8.500000e+00 7.462327e-01 4.419843e+01
      vertex 8.500000e+00 1.378858e+00 4.462114e+01
      vertex 9.700000e+00 1.265721e+00 4.553428e+01
    endloop
  endfacet
  facet normal 5.651749e-01 4.583294e-01 -6.859384e-01
    outer loop
      vertex 8.500000e+00 7.462327e-01 4.419843e+01
      vertex 9.700000e+00 1.265721e+00 4.553428e+01
      vertex 9.700000e+00 6.850033e-01 4.514626e+01
    endloop
  endfacet
  facet normal 4.480370e-01 7.433463e-01 -4.966881e-01
    outer loop
      vertex 8.500000e+00 1.378858e+00 4.462114e+01
      vertex 8.500000e+00 1.801565e+00 4.525377e+01
      vertex 9.700000e+00 1.653744e+00 4.611500e+01
    endloop
  endfacet
  facet normal 4.480370e-01 7.433463e-01 -4.966881e-01
    outer loop
      vertex 8.500000e+00 1.378858e+00 4.462114e+01
      vertex 9.700000e+00 1.653744e+00 4.611500e+01
      vertex 9.700000e+00 1.265721e+00 4.553428e+01
    endloop
  endfacet
  facet normal 2.523875e-01 9.490336e-01 -1.887745e-01
    outer loop
      vertex 8.500000e+00 1.801565e+00 4.525377e+01
      vertex 8.500000e+00 1.950000e+00 4.600000e+01
      vertex 9.700000e+00 1.790000e+00 4.680000e+01
    endloop
  endfacet
  facet normal 2.523875e-01 9.490336e-01 -1.887745e-01
    outer loop
      vertex 8.500000e+00 1.801565e+00 4.525377e+01
      vertex 9.700000e+00 1.790000e+00 4.680000e+01
      vertex 9.700000e+00 1.653744e+00 4.611500e+01
    endloop
  endfacet
  facet normal 7.111559e-04 9.807850e-01 1.950903e-01
    outer loop
      vertex 9.700000e+00 1.790000e+00 4.680000e+01
      vertex 9.700000e+00 1.653744e+00 4.748500e+01
      vertex 1.090000e+01 1.505924e+00 4.822377e+01
    endloop
  endfacet
  facet normal 7.111559e-04 9.807850e-01 1.950903e-01
    outer loop
      vertex 9.700000e+00 1.790000e+00 4.680000e+01
      vertex 1.090000e+01 1.505924e+00 4.822377e+01
      vertex 1.090000e+01 1.630000e+00 4.760000e+01
    endloop
  endfacet
  facet normal -2.330132e-01 8.085822e-01 5.402774e-01
    outer loop
      vertex 9.700000e+00 1.653744e+00 4.748500e+01
      vertex 9.700000e+00 1.265721e+00 4.806572e+01
      vertex 1.090000e+01 1.152584e+00 4.875258e+01
    endloop
  endfacet
  facet normal -2.330132e-01 8.085822e-01 5.402774e-01
    outer loop
      vertex 9.700000e+00 1.653744e+00 4.748500e+01
      vertex 1.090000e+01 1.152584e+00 4.875258e+01
      vertex 1.090000e+01 1.505924e+00 4.822377e+01
    endloop
  endfacet
  facet normal -3.900030e-01 5.115766e-01 7.656285e-01
    outer loop
      vertex 9.700000e+00 1.265721e+00 4.806572e+01
      vertex 9.700000e+00 6.850033e-01 4.845374e+01
      vertex 1.090000e+01 6.237740e-01 4.910592e+01
    endloop
  endfacet
  facet normal -3.900030e-01 5.115766e-01 7.656285e-01
    outer loop
      vertex 9.700000e+00 1.265721e+00 4.806572e+01
      vertex 1.090000e+01 6.237740e-01 4.910592e+01
      vertex 1.090000e+01 1.152584e+00 4.875258e+01
    endloop
  endfacet
  facet normal -4.635035e-01 1.728686e-01 8.690690e-01
    outer loop
      vertex 9.700000e+00 6.850033e-01 4.845374e+01
      vertex 9.700000e+00 1.096059e-16 4.859000e+01
      vertex 1.090000e+01 9.980871e-17 4.923000e+01
    endloop
  endfacet
  facet normal -4.635035e-01 1.728686e-01 8.690690e-01
    outer loop
      vertex 9.700000e+00 6.850033e-01 4.845374e+01
      vertex 1.090000e+01 9.980871e-17 4.923000e+01
      vertex 1.090000e+01 6.237740e-01 4.910592e+01
    endloop
  endfacet
  facet normal -4.635035e-01 -1.728686e-01 8.690690e-01
    outer loop
      vertex 9.700000e+00 1.096059e-16 4.859000e+01
      vertex 9.700000e+00 -6.850033e-01 4.845374e+01
      vertex 1.090000e+01 -6.237740e-01 4.910592e+01
    endloop
  endfacet
  facet normal -4.635035e-01 -1.728686e-01 8.690690e-01
    outer loop
      vertex 9.700000e+00 1.096059e-16 4.859000e+01
      vertex 1.090000e+01 -6.237740e-01 4.910592e+01
      vertex 1.090000e+01 9.980871e-17 4.923000e+01
    endloop
  endfacet
  facet normal -3.900030e-01 -5.115766e-01 7.656285e-01
    outer loop
      vertex 9.700000e+00 -6.850033e-01 4.845374e+01
      vertex 9.700000e+00 -1.265721e+00 4.806572e+01
      vertex 1.090000e+01 -1.152584e+00 4.875258e+01
    endloop
  endfacet
  facet normal -3.900030e-01 -5.115766e-01 7.656285e-01
    outer loop
      vertex 9.700000e+00 -6.850033e-01 4.845374e+01
      vertex 1.090000e+01 -1.152584e+00 4.875258e+01
      vertex 1.090000e+01 -6.237740e-01 4.910592e+01
    endloop
  endfacet
  facet normal -2.330132e-01 -8.085822e-01 5.402774e-01
    outer loop
      vertex 9.700000e+00 -1.265721e+00 4.806572e+01
      vertex 9.700000e+00 -1.653744e+00 4.748500e+01
      vertex 1.090000e+01 -1.505924e+00 4.822377e+01
    endloop
  endfacet
  facet normal -2.330132e-01 -8.085822e-01 5.402774e-01
    outer loop
      vertex 9.700000e+00 -1.265721e+00 4.806572e+01
      vertex 1.090000e+01 -1.505924e+00 4.822377e+01
      vertex 1.090000e+01 -1.152584e+00 4.875258e+01
    endloop
  endfacet
  facet normal 7.111559e-04 -9.807850e-01 1.950903e-01
    outer loop
      vertex 9.700000e+00 -1.653744e+00 4.748500e+01
      vertex 9.700000e+00 -1.790000e+00 4.680000e+01
      vertex 1.090000e+01 -1.630000e+00 4.760000e+01
    endloop
  endfacet
  facet normal 7.111559e-04 -9.807850e-01 1.950903e-01
    outer loop
      vertex 9.700000e+00 -1.653744e+00 4.748500e+01
      vertex 1.090000e+01 -1.630000e+00 4.760000e+01
      vertex 1.090000e+01 -1.505924e+00 4.822377e+01
    endloop
  endfacet
  facet normal 2.523875e-01 -9.490336e-01 -1.887745e-01
    outer loop
      vertex 9.700000e+00 -1.790000e+00 4.680000e+01
      vertex 9.700000e+00 -1.653744e+00 4.611500e+01
      vertex 1.090000e+01 -1.505924e+00 4.697623e+01
    endloop
  endfacet
  facet normal 2.523875e-01 -9.490336e-01 -1.887745e-01
    outer loop
      vertex 9.700000e+00 -1.790000e+00 4.680000e+01
      vertex 1.090000e+01 -1.505924e+00 4.697623e+01
      vertex 1.090000e+01 -1.630000e+00 4.760000e+01
    endloop
  endfacet
  facet normal 4.480370e-01 -7.433463e-01 -4.966881e-01
    outer loop
      vertex 9.700000e+00 -1.653744e+00 4.611500e+01
      vertex 9.700000e+00 -1.265721e+00 4.553428e+01
      vertex 1.090000e+01 -1.152584e+00 4.644742e+01
    endloop
  endfacet
  facet normal 4.480370e-01 -7.433463e-01 -4.966881e-01
    outer loop
      vertex 9.700000e+00 -1.653744e+00 4.611500e+01
      vertex 1.090000e+01 -1.152584e+00 4.644742e+01
      vertex 1.090000e+01 -1.505924e+00 4.697623e+01
    endloop
  endfacet
  facet normal 5.651749e-01 -4.583294e-01 -6.859384e-01
    outer loop
      vertex 9.700000e+00 -1.265721e+00 4.553428e+01
      vertex 9.700000e+00 -6.850033e-01 4.514626e+01
      vertex 1.090000e+01 -6.237740e-01 4.609408e+01
    endloop
  endfacet
  facet normal 5.651749e-01 -4.583294e-01 -6.859384e-01
    outer loop
      vertex 9.700000e+00 -1.265721e+00 4.553428e+01
      vertex 1.090000e+01 -6.237740e-01 4.609408e+01
      vertex 1.090000e+01 -1.152584e+00 4.644742e+01
    endloop
  endfacet
  facet normal 6.172931e-01 -1.534840e-01 -7.716164e-01
    outer loop
      vertex 9.700000e+00 -6.850033e-01 4.514626e+01
      vertex 9.700000e+00 -3.288177e-16 4.501000e+01
      vertex 1.090000e+01 -2.994261e-16 4.597000e+01
    endloop
  endfacet
  facet normal 6.172931e-01 -1.534840e-01 -7.716164e-01
    outer loop
      vertex 9.700000e+00 -6.850033e-01 4.514626e+01
      vertex 1.090000e+01 -2.994261e-16 4.597000e+01
      vertex 1.090000e+01 -6.237740e-01 4.609408e+01
    endloop
  endfacet
  facet normal 6.172931e-01 1.534840e-01 -7.716164e-01
    outer loop
      vertex 9.700000e+00 -3.288177e-16 4.501000e+01
      vertex 9.700000e+00 6.850033e-01 4.514626e+01
      vertex 1.090000e+01 6.237740e-01 4.609408e+01
    endloop
  endfacet
  facet normal 6.172931e-01 1.534840e-01 -7.716164e-01
    outer loop
      vertex 9.700000e+00 -3.288177e-16 4.501000e+01
      vertex 1.090000e+01 6.237740e-01 4.609408e+01
      vertex 1.090000e+01 -2.994261e-16 4.597000e+01
    endloop
  endfacet
  facet normal 5.651749e-01 4.583294e-01 -6.859384e-01
    outer loop
      vertex 9.700000e+00 6.850033e-01 4.514626e+01
      vertex 9.700000e+00 1.265721e+00 4.553428e+01
      vertex 1.090000e+01 1.152584e+00 4.644742e+01
    endloop
  endfacet
  facet normal 5.651749e-01 4.583294e-01 -6.859384e-01
    outer loop
      vertex 9.700000e+00 6.850033e-01 4.514626e+01
      vertex 1.090000e+01 1.152584e+00 4.644742e+01
      vertex 1.090000e+01 6.237740e-01 4.609408e+01
    endloop
  endfacet
  facet normal 4.480370e-01 7.433463e-01 -4.966881e-01
    outer loop
      vertex 9.700000e+00 1.265721e+00 4.553428e+01
      vertex 9.700000e+00 1.653744e+00 4.611500e+01
      vertex 1.090000e+01 1.505924e+00 4.697623e+01
    endloop
  endfacet
  facet normal 4.480370e-01 7.433463e-01 -4.966881e-01
    outer loop
      vertex 9.700000e+00 1.265721e+00 4.553428e+01
      vertex 1.090000e+01 1.505924e+00 4.697623e+01
      vertex 1.090000e+01 1.152584e+00 4.644742e+01
    endloop
  endfacet
  facet normal 2.523875e-01 9.490336e-01 -1.887745e-01
    outer loop
      vertex 9.700000e+00 1.653744e+00 4.611500e+01
      vertex 9.700000e+00 1.790000e+00 4.680000e+01
      vertex 1.090000e+01 1.630000e+00 4.760000e+01
    endloop
  endfacet
  facet normal 2.523875e-01 9.490336e-01 -1.887745e-01
    outer loop
      vertex 9.700000e+00 1.653744e+00 4.611500e+01
      vertex 1.090000e+01 1.630000e+00 4.760000e+01
      vertex 1.090000e+01 1.505924e+00 4.697623e+01
    endloop
  endfacet
  facet normal 7.111559e-04 9.807850e-01 1.950903e-01
    outer loop
      vertex 1.090000e+01 1.630000e+00 4.760000e+01
      vertex 1.090000e+01 1.505924e+00 4.822377e+01
      vertex 1.210000e+01 1.358103e+00 4.896254e+01
    endloop
  endfacet
  facet normal 7.111559e-04 9.807850e-01 1.950903e-01
    outer loop
      vertex 1.090000e+01 1.630000e+00 4.760000e+01
      vertex 1.210000e+01 1.358103e+00 4.896254e+01
      vertex 1.210000e+01 1.470000e+00 4.840000e+01
    endloop
  endfacet
  facet normal -2.330132e-01 8.085822e-01 5.402774e-01
    outer loop
      vertex 1.090000e+01 1.505924e+00 4.822377e+01
      vertex 1.090000e+01 1.152584e+00 4.875258e+01
      vertex 1.210000e+01 1.039447e+00 4.943945e+01
    endloop
  endfacet
  facet normal -2.330132e-01 8.085822e-01 5.402774e-01
    outer loop
      vertex 1.090000e+01 1.505924e+00 4.822377e+01
      vertex 1.210000e+01 1.039447e+00 4.943945e+01
      vertex 1.210000e+01 1.358103e+00 4.896254e+01
    endloop
  endfacet
  facet normal -3.900030e-01 5.115766e-01 7.656285e-01
    outer loop
      vertex 1.090000e+01 1.152584e+00 4.875258e+01
      vertex 1.090000e+01 6.237740e-01 4.910592e+01
      vertex 1.210000e+01 5.625446e-01 4.975810e+01
    endloop
  endfacet
  facet normal -3.900030e-01 5.115766e-01 7.656285e-01
    outer loop
      vertex 1.090000e+01 1.152584e+00 4.875258e+01
      vertex 1.210000e+01 5.625446e-01 4.975810e+01
      vertex 1.210000e+01 1.039447e+00 4.943945e+01
    endloop
  endfacet
  facet normal -4.635035e-01 1.728686e-01 8.690690e-01
    outer loop
      vertex 1.090000e+01 6.237740e-01 4.910592e+01
      vertex 1.090000e+01 9.980871e-17 4.923000e+01
      vertex 1.210000e+01 9.001154e-17 4.987000e+01
    endloop
  endfacet
  facet normal -4.635035e-01 1.728686e-01 8.690690e-01
    outer loop
      vertex 1.090000e+01 6.237740e-01 4.910592e+01
      vertex 1.210000e+01 9.001154e-17 4.987000e+01
      vertex 1.210000e+01 5.625446e-01 4.975810e+01
    endloop
  endfacet
  facet normal -4.635035e-01 -1.728686e-01 8.690690e-01
    outer loop
      vertex 1.090000e+01 9.980871e-17 4.923000e+01
      vertex 1.090000e+01 -6.237740e-01 4.910592e+01
      vertex 1.210000e+01 -5.625446e-01 4.975810e+01
    endloop
  endfacet
  facet normal -4.635035e-01 -1.728686e-01 8.690690e-01
    outer loop
      vertex 1.090000e+01 9.980871e-17 4.923000e+01
      vertex 1.210000e+01 -5.625446e-01 4.975810e+01
      vertex 1.210000e+01 9.001154e-17 4.987000e+01
    endloop
  endfacet
  facet normal -3.900030e-01 -5.115766e-01 7.656285e-01
    outer loop
      vertex 1.090000e+01 -6.237740e-01 4.910592e+01
      vertex 1.090000e+01 -1.152584e+00 4.875258e+01
      vertex 1.210000e+01 -1.039447e+00 4.943945e+01
    endloop
  endfacet
  facet normal -3.900030e-01 -5.115766e-01 7.656285e-01
    outer loop
      vertex 1.090000e+01 -6.237740e-01 4.910592e+01
      vertex 1.210000e+01 -1.039447e+00 4.943945e+01
      vertex 1.210000e+01 -5.625446e-01 4.975810e+01
    endloop
  endfacet
  facet normal -2.330132e-01 -8.085822e-01 5.402774e-01
    outer loop
      vertex 1.090000e+01 -1.152584e+00 4.875258e+01
      vertex 1.090000e+01 -1.505924e+00 4.822377e+01
      vertex 1.210000e+01 -1.358103e+00 4.896254e+01
    endloop
  endfacet
  facet normal -2.330132e-01 -8.085822e-01 5.402774e-01
    outer loop
      vertex 1.090000e+01 -1.152584e+00 4.875258e+01
      vertex 1.210000e+01 -1.358103e+00 4.896254e+01
      vertex 1.210000e+01 -1.039447e+00 4.943945e+01
    endloop
  endfacet
  facet normal 7.111559e-04 -9.807850e-01 1.950903e-01
    outer loop
      vertex 1.090000e+01 -1.505924e+00 4.822377e+01
      vertex 1.090000e+01 -1.630000e+00 4.760000e+01
      vertex 1.210000e+01 -1.470000e+00 4.840000e+01
    endloop
  endfacet
  facet normal 7.111559e-04 -9.807850e-01 1.950903e-01
    outer loop
      vertex 1.090000e+01 -1.505924e+00 4.822377e+01
      vertex 1.210000e+01 -1.470000e+00 4.840000e+01
      vertex 1.210000e+01 -1.358103e+00 4.896254e+01
    endloop
  endfacet
  facet normal 2.523875e-01 -9.490336e-01 -1.887745e-01
    outer loop
      vertex 1.090000e+01 -1.630000e+00 4.760000e+01
      vertex 1.090000e+01 -1.505924e+00 4.697623e+01
      vertex 1.210000e+01 -1.358103e+00 4.783746e+01
    endloop
  endfacet
  facet normal 2.523875e-01 -9.490336e-01 -1.887745e-01
    outer loop
      vertex 1.090000e+01 -1.630000e+00 4.760000e+01
      vertex 1.210000e+01 -1.358103e+00 4.783746e+01
      vertex 1.210000e+01 -1.470000e+00 4.840000e+01
    endloop
  endfacet
  facet normal 4.480370e-01 -7.433463e-01 -4.966881e-01
    outer loop
      vertex 1.090000e+01 -1.505924e+00 4.697623e+01
      vertex 1.090000e+01 -1.152584e+00 4.644742e+01
      vertex 1.210000e+01 -1.039447e+00 4.736055e+01
    endloop
  endfacet
  facet normal 4.480370e-01 -7.433463e-01 -4.966881e-01
    outer loop
      vertex 1.090000e+01 -1.505924e+00 4.697623e+01
      vertex 1.210000e+01 -1.039447e+00 4.736055e+01
      vertex 1.210000e+01 -1.358103e+00 4.783746e+01
    endloop
  endfacet
  facet normal 5.651749e-01 -4.583294e-01 -6.859384e-01
    outer loop
      vertex 1.090000e+01 -1.152584e+00 4.644742e+01
      vertex 1.090000e+01 -6.237740e-01 4.609408e+01
      vertex 1.210000e+01 -5.625446e-01 4.704190e+01
    endloop
  endfacet
  facet normal 5.651749e-01 -4.583294e-01 -6.859384e-01
    outer loop
      vertex 1.090000e+01 -1.152584e+00 4.644742e+01
      vertex 1.210000e+01 -5.625446e-01 4.704190e+01
      vertex 1.210000e+01 -1.039447e+00 4.736055e+01
    endloop
  endfacet
  facet normal 6.172931e-01 -1.534840e-01 -7.716164e-01
    outer loop
      vertex 1.090000e+01 -6.237740e-01 4.609408e+01
      vertex 1.090000e+01 -2.994261e-16 4.597000e+01
      vertex 1.210000e+01 -2.700346e-16 4.693000e+01
    endloop
  endfacet
  facet normal 6.172931e-01 -1.534840e-01 -7.716164e-01
    outer loop
      vertex 1.090000e+01 -6.237740e-01 4.609408e+01
      vertex 1.210000e+01 -2.700346e-16 4.693000e+01
      vertex 1.210000e+01 -5.625446e-01 4.704190e+01
    endloop
  endfacet
  facet normal 6.172931e-01 1.534840e-01 -7.716164e-01
    outer loop
      vertex 1.090000e+01 -2.994261e-16 4.597000e+01
      vertex 1.090000e+01 6.237740e-01 4.609408e+01
      vertex 1.210000e+01 5.625446e-01 4.704190e+01
    endloop
  endfacet
  facet normal 6.172931e-01 1.534840e-01 -7.716164e-01
    outer loop
      vertex 1.090000e+01 -2.994261e-16 4.597000e+01
      vertex 1.210000e+01 5.625446e-01 4.704190e+01
      vertex 1.210000e+01 -2.700346e-16 4.693000e+01
    endloop
  endfacet
  facet normal 5.651749e-01 4.583294e-01 -6.859384e-01
    outer loop
      vertex 1.090000e+01 6.237740e-01 4.609408e+01
      vertex 1.090000e+01 1.152584e+00 4.644742e+01
      vertex 1.210000e+01 1.039447e+00 4.736055e+01
    endloop
  endfacet
  facet normal 5.651749e-01 4.583294e-01 -6.859384e-01
    outer loop
      vertex 1.090000e+01 6.237740e-01 4.609408e+01
      vertex 1.210000e+01 1.039447e+00 4.736055e+01
      vertex 1.210000e+01 5.625446e-01 4.704190e+01
    endloop
  endfacet
  facet normal 4.480370e-01 7.433463e-01 -4.966881e-01
    outer loop
      vertex 1.090000e+01 1.152584e+00 4.644742e+01
      vertex 1.090000e+01 1.505924e+00 4.697623e+01
      vertex 1.210000e+01 1.358103e+00 4.783746e+01
    endloop
  endfacet
  facet normal 4.480370e-01 7.433463e-01 -4.966881e-01
    outer loop
      vertex 1.090000e+01 1.152584e+00 4.644742e+01
      vertex 1.210000e+01 1.358103e+00 4.783746e+01
      vertex 1.210000e+01 1.039447e+00 4.736055e+01
    endloop
  endfacet
  facet normal 2.523875e-01 9.490336e-01 -1.887745e-01
    outer loop
      vertex 1.090000e+01 1.505924e+00 4.697623e+01
      vertex 1.090000e+01 1.630000e+00 4.760000e+01
      vertex 1.210000e+01 1.470000e+00 4.840000e+01
    endloop
  endfacet
  facet normal 2.523875e-01 9.490336e-01 -1.887745e-01
    outer loop
      vertex 1.090000e+01 1.505924e+00 4.697623e+01
      vertex 1.210000e+01 1.470000e+00 4.840000e+01
      vertex 1.210000e+01 1.358103e+00 4.783746e+01
    endloop
  endfacet
  facet normal 7.111559e-04 9.807850e-01 1.950903e-01
    outer loop
      vertex 1.210000e+01 1.470000e+00 4.840000e+01
      vertex 1.210000e+01 1.358103e+00 4.896254e+01
      vertex 1.330000e+01 1.210282e+00 4.970132e+01
    endloop
  endfacet
  facet normal 7.111559e-04 9.807850e-01 1.950903e-01
    outer loop
      vertex 1.210000e+01 1.470000e+00 4.840000e+01
      vertex 1.330000e+01 1.210282e+00 4.970132e+01
      vertex 1.330000e+01 1.310000e+00 4.920000e+01
    endloop
  endfacet
  facet normal -2.330132e-01 8.085822e-01 5.402774e-01
    outer loop
      vertex 1.210000e+01 1.358103e+00 4.896254e+01
      vertex 1.210000e+01 1.039447e+00 4.943945e+01
      vertex 1.330000e+01 9.263099e-01 5.012631e+01
    endloop
  endfacet
  facet normal -2.330132e-01 8.085822e-01 5.402774e-01
    outer loop
      vertex 1.210000e+01 1.358103e+00 4.896254e+01
      vertex 1.330000e+01 9.263099e-01 5.012631e+01
      vertex 1.330000e+01 1.210282e+00 4.970132e+01
    endloop
  endfacet
  facet normal -3.900030e-01 5.115766e-01 7.656285e-01
    outer loop
      vertex 1.210000e+01 1.039447e+00 4.943945e+01
      vertex 1.210000e+01 5.625446e-01 4.975810e+01
      vertex 1.330000e+01 5.013153e-01 5.041028e+01
    endloop
  endfacet
  facet normal -3.900030e-01 5.115766e-01 7.656285e-01
    outer loop
      vertex 1.210000e+01 1.039447e+00 4.943945e+01
      vertex 1.330000e+01 5.013153e-01 5.041028e+01
      vertex 1.330000e+01 9.263099e-01 5.012631e+01
    endloop
  endfacet
  facet normal -4.635035e-01 1.728686e-01 8.690690e-01
    outer loop
      vertex 1.210000e+01 5.625446e-01 4.975810e+01
      vertex 1.210000e+01 9.001154e-17 4.987000e+01
      vertex 1.330000e+01 8.021437e-17 5.051000e+01
    endloop
  endfacet
  facet normal -4.635035e-01 1.728686e-01 8.690690e-01
    outer loop
      vertex 1.210000e+01 5.625446e-01 4.975810e+01
      vertex 1.330000e+01 8.021437e-17 5.051000e+01
      vertex 1.330000e+01 5.013153e-01 5.041028e+01
    endloop
  endfacet
  facet normal -4.635035e-01 -1.728686e-01 8.690690e-01
    outer loop
      vertex 1.210000e+01 9.001154e-17 4.987000e+01
      vertex 1.210000e+01 -5.625446e-01 4.975810e+01
      vertex 1.330000e+01 -5.013153e-01 5.041028e+01
    endloop
  endfacet
  facet normal -4.635035e-01 -1.728686e-01 8.690690e-01
    outer loop
      vertex 1.210000e+01 9.001154e-17 4.987000e+01
      vertex 1.330000e+01 -5.013153e-01 5.041028e+01
      vertex 1.330000e+01 8.021437e-17 5.051000e+01
    endloop
  endfacet
  facet normal -3.900030e-01 -5.115766e-01 7.656285e-01
    outer loop
      vertex 1.210000e+01 -5.625446e-01 4.975810e+01
      vertex 1.210000e+01 -1.039447e+00 4.943945e+01
      vertex 1.330000e+01 -9.263099e-01 5.012631e+01
    endloop
  endfacet
  facet normal -3.900030e-01 -5.115766e-01 7.656285e-01
    outer loop
      vertex 1.210000e+01 -5.625446e-01 4.975810e+01
      vertex 1.330000e+01 -9.263099e-01 5.012631e+01
      vertex 1.330000e+01 -5.013153e-01 5.041028e+01
    endloop
  endfacet
  facet normal -2.330132e-01 -8.085822e-01 5.402774e-01
    outer loop
      vertex 1.210000e+01 -1.039447e+00 4.943945e+01
      vertex 1.210000e+01 -1.358103e+00 4.896254e+01
      vertex 1.330000e+01 -1.210282e+00 4.970132e+01
    endloop
  endfacet
  facet normal -2.330132e-01 -8.085822e-01 5.402774e-01
    outer loop
      vertex 1.210000e+01 -1.039447e+00 4.943945e+01
      vertex 1.330000e+01 -1.210282e+00 4.970132e+01
      vertex 1.330000e+01 -9.263099e-01 5.012631e+01
    endloop
  endfacet
  facet normal 7.111559e-04 -9.807850e-01 1.950903e-01
    outer loop
      vertex 1.210000e+01 -1.358103e+00 4.896254e+01
      vertex 1.210000e+01 -1.470000e+00 4.840000e+01
      vertex 1.330000e+01 -1.310000e+00 4.920000e+01
    endloop
  endfacet
  facet normal 7.111559e-04 -9.807850e-01 1.950903e-01
    outer loop
      vertex 1.210000e+01 -1.358103e+00 4.896254e+01
      vertex 1.330000e+01 -1.310000e+00 4.920000e+01
      vertex 1.330000e+01 -1.210282e+00 4.970132e+01
    endloop
  endfacet
  facet normal 2.523875e-01 -9.490336e-01 -1.887745e-01
    outer loop
      vertex 1.210000e+01 -1.470000e+00 4.840000e+01
      vertex 1.210000e+01 -1.358103e+00 4.783746e+01
      vertex 1.330000e+01 -1.210282e+00 4.869868e+01
    endloop
  endfacet
  facet normal 2.523875e-01 -9.490336e-01 -1.887745e-01
    outer loop
      vertex 1.210000e+01 -1.470000e+00 4.840000e+01
      vertex 1.330000e+01 -1.210282e+00 4.869868e+01
      vertex 1.330000e+01 -1.310000e+00 4.920000e+01
    endloop
  endfacet
  facet normal 4.480370e-01 -7.433463e-01 -4.966881e-01
    outer loop
      vertex 1.210000e+01 -1.358103e+00 4.783746e+01
      vertex 1.210000e+01 -1.039447e+00 4.736055e+01
      vertex 1.330000e+01 -9.263099e-01 4.827369e+01
    endloop
  endfacet
  facet normal 4.480370e-01 -7.433463e-01 -4.966881e-01
    outer loop
      vertex 1.210000e+01 -1.358103e+00 4.783746e+01
      vertex 1.330000e+01 -9.263099e-01 4.827369e+01
      vertex 1.330000e+01 -1.210282e+00 4.869868e+01
    endloop
  endfacet
  facet normal 5.651749e-01 -4.583294e-01 -6.859384e-01
    outer loop
      vertex 1.210000e+01 -1.039447e+00 4.736055e+01
      vertex 1.210000e+01 -5.625446e-01 4.704190e+01
      vertex 1.330000e+01 -5.013153e-01 4.798972e+01
    endloop
  endfacet
  facet normal 5.651749e-01 -4.583294e-01 -6.859384e-01
    outer loop
      vertex 1.210000e+01 -1.039447e+00 4.736055e+01
      vertex 1.330000e+01 -5.013153e-01 4.798972e+01
      vertex 1.330000e+01 -9.263099e-01 4.827369e+01
    endloop
  endfacet
  facet normal 6.172931e-01 -1.534840e-01 -7.716164e-01
    outer loop
      vertex 1.210000e+01 -5.625446e-01 4.704190e+01
      vertex 1.210000e+01 -2.700346e-16 4.693000e+01
      vertex 1.330000e+01 -2.406431e-16 4.789000e+01
    endloop
  endfacet
  facet normal 6.172931e-01 -1.534840e-01 -7.716164e-01
    outer loop
      vertex 1.210000e+01 -5.625446e-01 4.704190e+01
      vertex 1.330000e+01 -2.406431e-16 4.789000e+01
      vertex 1.330000e+01 -5.013153e-01 4.798972e+01
    endloop
  endfacet
  facet normal 6.172931e-01 1.534840e-01 -7.716164e-01
    outer loop
      vertex 1.210000e+01 -2.700346e-16 4.693000e+01
      vertex 1.210000e+01 5.625446e-01 4.704190e+01
      vertex 1.330000e+01 5.013153e-01 4.798972e+01
    endloop
  endfacet
  facet normal 6.172931e-01 1.534840e-01 -7.716164e-01
    outer loop
      vertex 1.210000e+01 -2.700346e-16 4.693000e+01
      vertex 1.330000e+01 5.013153e-01 4.798972e+01
      vertex 1.330000e+01 -2.406431e-16 4.789000e+01
    endloop
  endfacet
  facet normal 5.651749e-01 4.583294e-01 -6.859384e-01
    outer loop
      vertex 1.210000e+01 5.625446e-01 4.704190e+01
      vertex 1.210000e+01 1.039447e+00 4.736055e+01
      vertex 1.330000e+01 9.263099e-01 4.827369e+01
    endloop
  endfacet
  facet normal 5.651749e-01 4.583294e-01 -6.859384e-01
    outer loop
      vertex 1.210000e+01 5.625446e-01 4.704190e+01
      vertex 1.330000e+01 9.263099e-01 4.827369e+01
      vertex 1.330000e+01 5.013153e-01 4.798972e+01
    endloop
  endfacet
  facet normal 4.480370e-01 7.433463e-01 -4.966881e-01
    outer loop
      vertex 1.210000e+01 1.039447e+00 4.736055e+01
      vertex 1.210000e+01 1.358103e+00 4.783746e+01
      vertex 1.330000e+01 1.210282e+00 4.869868e+01
    endloop
  endfacet
  facet normal 4.480370e-01 7.433463e-01 -4.966881e-01
    outer loop
      vertex 1.210000e+01 1.039447e+00 4.736055e+01
      vertex 1.330000e+01 1.210282e+00 4.869868e+01
      vertex 1.330000e+01 9.263099e-01 4.827369e+01
    endloop
  endfacet
  facet normal 2.523875e-01 9.490336e-01 -1.887745e-01
    outer loop
      vertex 1.210000e+01 1.358103e+00 4.783746e+01
      vertex 1.210000e+01 1.470000e+00 4.840000e+01
      vertex 1.330000e+01 1.310000e+00 4.920000e+01
    endloop
  endfacet
  facet normal 2.523875e-01 9.490336e-01 -1.887745e-01
    outer loop
      vertex 1.210000e+01 1.358103e+00 4.783746e+01
      vertex 1.330000e+01 1.310000e+00 4.920000e+01
      vertex 1.330000e+01 1.210282e+00 4.869868e+01
    endloop
  endfacet
  facet normal 7.111559e-04 9.807850e-01 1.950903e-01
    outer loop
      vertex 1.330000e+01 1.310000e+00 4.920000e+01
      vertex 1.330000e+01 1.210282e+00 4.970132e+01
      vertex 1.450000e+01 1.062461e+00 5.044009e+01
    endloop
  endfacet
  facet normal 7.111559e-04 9.807850e-01 1.950903e-01
    outer loop
      vertex 1.330000e+01 1.310000e+00 4.920000e+01
      vertex 1.450000e+01 1.062461e+00 5.044009e+01
      vertex 1.450000e+01 1.150000e+00 5.000000e+01
    endloop
  endfacet
  facet normal -2.330132e-01 8.085822e-01 5.402774e-01
    outer loop
      vertex 1.330000e+01 1.210282e+00 4.970132e+01
      vertex 1.330000e+01 9.263099e-01 5.012631e+01
      vertex 1.450000e+01 8.131728e-01 5.081317e+01
    endloop
  endfacet
  facet normal -2.330132e-01 8.085822e-01 5.402774e-01
    outer loop
      vertex 1.330000e+01 1.210282e+00 4.970132e+01
      vertex 1.450000e+01 8.131728e-01 5.081317e+01
      vertex 1.450000e+01 1.062461e+00 5.044009e+01
    endloop
  endfacet
  facet normal -3.900030e-01 5.115766e-01 7.656285e-01
    outer loop
      vertex 1.330000e+01 9.263099e-01 5.012631e+01
      vertex 1.330000e+01 5.013153e-01 5.041028e+01
      vertex 1.450000e+01 4.400859e-01 5.106246e+01
    endloop
  endfacet
  facet normal -3.900030e-01 5.115766e-01 7.656285e-01
    outer loop
      vertex 1.330000e+01 9.263099e-01 5.012631e+01
      vertex 1.450000e+01 4.400859e-01 5.106246e+01
      vertex 1.450000e+01 8.131728e-01 5.081317e+01
    endloop
  endfacet
  facet normal -4.635035e-01 1.728686e-01 8.690690e-01
    outer loop
      vertex 1.330000e+01 5.013153e-01 5.041028e+01
      vertex 1.330000e+01 8.021437e-17 5.051000e+01
      vertex 1.450000e+01 7.041719e-17 5.115000e+01
    endloop
  endfacet
  facet normal -4.635035e-01 1.728686e-01 8.690690e-01
    outer loop
      vertex 1.330000e+01 5.013153e-01 5.041028e+01
      vertex 1.450000e+01 7.041719e-17 5.115000e+01
      vertex 1.450000e+01 4.400859e-01 5.106246e+01
    endloop
  endfacet
  facet normal -4.635035e-01 -1.728686e-01 8.690690e-01
    outer loop
      vertex 1.330000e+01 8.021437e-17 5.051000e+01
      vertex 1.330000e+01 -5.013153e-01 5.041028e+01
      vertex 1.450000e+01 -4.400859e-01 5.106246e+01
    endloop
  endfacet
  facet normal -4.635035e-01 -1.728686e-01 8.690690e-01
    outer loop
      vertex 1.330000e+01 8.021437e-17 5.051000e+01
      vertex 1.450000e+01 -4.400859e-01 5.106246e+01
      vertex 1.450000e+01 7.041719e-17 5.115000e+01
    endloop
  endfacet
  facet normal -3.900030e-01 -5.115766e-01 7.656285e-01
    outer loop
      vertex 1.330000e+01 -5.013153e-01 5.041028e+01
      vertex 1.330000e+01 -9.263099e-01 5.012631e+01
      vertex 1.450000e+01 -8.131728e-01 5.081317e+01
    endloop
  endfacet
  facet normal -3.900030e-01 -5.115766e-01 7.656285e-01
    outer loop
      vertex 1.330000e+01 -5.013153e-01 5.041028e+01
      vertex 1.450000e+01 -8.131728e-01 5.081317e+01
      vertex 1.450000e+01 -4.400859e-01 5.106246e+01
    endloop
  endfacet
  facet normal -2.330132e-01 -8.085822e-01 5.402774e-01
    outer loop
      vertex 1.330000e+01 -9.263099e-01 5.012631e+01
      vertex 1.330000e+01 -1.210282e+00 4.970132e+01
      vertex 1.450000e+01 -1.062461e+00 5.044009e+01
    endloop
  endfacet
  facet normal -2.330132e-01 -8.085822e-01 5.402774e-01
    outer loop
      vertex 1.330000e+01 -9.263099e-01 5.012631e+01
      vertex 1.450000e+01 -1.062461e+00 5.044009e+01
      vertex 1.450000e+01 -8.131728e-01 5.081317e+01
    endloop
  endfacet
  facet normal 7.111559e-04 -9.807850e-01 1.950903e-01
    outer loop
      vertex 1.330000e+01 -1.210282e+00 4.970132e+01
      vertex 1.330000e+01 -1.310000e+00 4.920000e+01
      vertex 1.450000e+01 -1.150000e+00 5.000000e+01
    endloop
  endfacet
  facet normal 7.111559e-04 -9.807850e-01 1.950903e-01
    outer loop
      vertex 1.330000e+01 -1.210282e+00 4.970132e+01
      vertex 1.450000e+01 -1.150000e+00 5.000000e+01
      vertex 1.450000e+01 -1.062461e+00 5.044009e+01
    endloop
  endfacet
  facet normal 2.523875e-01 -9.490336e-01 -1.887745e-01
    outer loop
      vertex 1.330000e+01 -1.310000e+00 4.920000e+01
      vertex 1.330000e+01 -1.210282e+00 4.869868e+01
      vertex 1.450000e+01 -1.062461e+00 4.955991e+01
    endloop
  endfacet
  facet normal 2.523875e-01 -9.490336e-01 -1.887745e-01
    outer loop
      vertex 1.330000e+01 -1.310000e+00 4.920000e+01
      vertex 1.450000e+01 -1.062461e+00 4.955991e+01
      vertex 1.450000e+01 -1.150000e+00 5.000000e+01
    endloop
  endfacet
  facet normal 4.480370e-01 -7.433463e-01 -4.966881e-01
    outer loop
      vertex 1.330000e+01 -1.210282e+00 4.869868e+01
      vertex 1.330000e+01 -9.263099e-01 4.827369e+01
      vertex 1.450000e+01 -8.131728e-01 4.918683e+01
    endloop
  endfacet
  facet normal 4.480370e-01 -7.433463e-01 -4.966881e-01
    outer loop
      vertex 1.330000e+01 -1.210282e+00 4.869868e+01
      vertex 1.450000e+01 -8.131728e-01 4.918683e+01
      vertex 1.450000e+01 -1.062461e+00 4.955991e+01
    endloop
  endfacet
  facet normal 5.651749e-01 -4.583294e-01 -6.859384e-01
    outer loop
      vertex 1.330000e+01 -9.263099e-01 4.827369e+01
      vertex 1.330000e+01 -5.013153e-01 4.798972e+01
      vertex 1.450000e+01 -4.400859e-01 4.893754e+01
    endloop
  endfacet
  facet normal 5.651749e-01 -4.583294e-01 -6.859384e-01
    outer loop
      vertex 1.330000e+01 -9.263099e-01 4.827369e+01
      vertex 1.450000e+01 -4.400859e-01 4.893754e+01
      vertex 1.450000e+01 -8.131728e-01 4.918683e+01
    endloop
  endfacet
  facet normal 6.172931e-01 -1.534840e-01 -7.716164e-01
    outer loop
      vertex 1.330000e+01 -5.013153e-01 4.798972e+01
      vertex 1.330000e+01 -2.406431e-16 4.789000e+01
      vertex 1.450000e+01 -2.112516e-16 4.885000e+01
    endloop
  endfacet
  facet normal 6.172931e-01 -1.534840e-01 -7.716164e-01
    outer loop
      vertex 1.330000e+01 -5.013153e-01 4.798972e+01
      vertex 1.450000e+01 -2.112516e-16 4.885000e+01
      vertex 1.450000e+01 -4.400859e-01 4.893754e+01
    endloop
  endfacet
  facet normal 6.172931e-01 1.534840e-01 -7.716164e-01
    outer loop
      vertex 1.330000e+01 -2.406431e-16 4.789000e+01
      vertex 1.330000e+01 5.013153e-01 4.798972e+01
      vertex 1.450000e+01 4.400859e-01 4.893754e+01
    endloop
  endfacet
  facet normal 6.172931e-01 1.534840e-01 -7.716164e-01
    outer loop
      vertex 1.330000e+01 -2.406431e-16 4.789000e+01
      vertex 1.450000e+01 4.400859e-01 4.893754e+01
      vertex 1.450000e+01 -2.112516e-16 4.885000e+01
    endloop
  endfacet
  facet normal 5.651749e-01 4.583294e-01 -6.859384e-01
    outer loop
      vertex 1.330000e+01 5.013153e-01 4.798972e+01
      vertex 1.330000e+01 9.263099e-01 4.827369e+01
      vertex 1.450000e+01 8.131728e-01 4.918683e+01
    endloop
  endfacet
  facet normal 5.651749e-01 4.583294e-01 -6.859384e-01
    outer loop
      vertex 1.330000e+01 5.013153e-01 4.798972e+01
      vertex 1.450000e+01 8.131728e-01 4.918683e+01
      vertex 1.450000e+01 4.400859e-01 4.893754e+01
    endloop
  endfacet
  facet normal 4.480370e-01 7.433463e-01 -4.966881e-01
    outer loop
      vertex 1.330000e+01 9.263099e-01 4.827369e+01
      vertex 1.330000e+01 1.210282e+00 4.869868e+01
      vertex 1.450000e+01 1.062461e+00 4.955991e+01
    endloop
  endfacet
  facet normal 4.480370e-01 7.433463e-01 -4.966881e-01
    outer loop
      vertex 1.330000e+01 9.263099e-01 4.827369e+01
      vertex 1.450000e+01 1.062461e+00 4.955991e+01
      vertex 1.450000e+01 8.131728e-01 4.918683e+01
    endloop
  endfacet
  facet normal 2.523875e-01 9.490336e-01 -1.887745e-01
    outer loop
      vertex 1.330000e+01 1.210282e+00 4.869868e+01
      vertex 1.330000e+01 1.310000e+00 4.920000e+01
      vertex 1.450000e+01 1.150000e+00 5.000000e+01
    endloop
  endfacet
  facet normal 2.523875e-01 9.490336e-01 -1.887745e-01
    outer loop
      vertex 1.330000e+01 1.210282e+00 4.869868e+01
      vertex 1.450000e+01 1.150000e+00 5.000000e+01
      vertex 1.450000e+01 1.062461e+00 4.955991e+01
    endloop
  endfacet
  facet normal 7.111559e-04 9.807850e-01 1.950903e-01
    outer loop
      vertex 1.450000e+01 1.150000e+00 5.000000e+01
      vertex 1.450000e+01 1.062461e+00 5.044009e+01
      vertex 1.570000e+01 9.146407e-01 5.117886e+01
    endloop
  endfacet
  facet normal 7.111559e-04 9.807850e-01 1.950903e-01
    outer loop
      vertex 1.450000e+01 1.150000e+00 5.000000e+01
      vertex 1.570000e+01 9.146407e-01 5.117886e+01
      vertex 1.570000e+01 9.900000e-01 5.080000e+01
    endloop
  endfacet
  facet normal -2.330132e-01 8.085822e-01 5.402774e-01
    outer loop
      vertex 1.450000e+01 1.062461e+00 5.044009e+01
      vertex 1.450000e+01 8.131728e-01 5.081317e+01
      vertex 1.570000e+01 7.000357e-01 5.150004e+01
    endloop
  endfacet
  facet normal -2.330132e-01 8.085822e-01 5.402774e-01
    outer loop
      vertex 1.450000e+01 1.062461e+00 5.044009e+01
      vertex 1.570000e+01 7.000357e-01 5.150004e+01
      vertex 1.570000e+01 9.146407e-01 5.117886e+01
    endloop
  endfacet
  facet normal -3.900030e-01 5.115766e-01 7.656285e-01
    outer loop
      vertex 1.450000e+01 8.131728e-01 5.081317e+01
      vertex 1.450000e+01 4.400859e-01 5.106246e+01
      vertex 1.570000e+01 3.788566e-01 5.171464e+01
    endloop
  endfacet
  facet normal -3.900030e-01 5.115766e-01 7.656285e-01
    outer loop
      vertex 1.450000e+01 8.131728e-01 5.081317e+01
      vertex 1.570000e+01 3.788566e-01 5.171464e+01
      vertex 1.570000e+01 7.000357e-01 5.150004e+01
    endloop
  endfacet
  facet normal -4.635035e-01 1.728686e-01 8.690690e-01
    outer loop
      vertex 1.450000e+01 4.400859e-01 5.106246e+01
      vertex 1.450000e+01 7.041719e-17 5.115000e+01
      vertex 1.570000e+01 6.062002e-17 5.179000e+01
    endloop
  endfacet
  facet normal -4.635035e-01 1.728686e-01 8.690690e-01
    outer loop
      vertex 1.450000e+01 4.400859e-01 5.106246e+01
      vertex 1.570000e+01 6.062002e-17 5.179000e+01
      vertex 1.570000e+01 3.788566e-01 5.171464e+01
    endloop
  endfacet
  facet normal -4.635035e-01 -1.728686e-01 8.690690e-01
    outer loop
      vertex 1.450000e+01 7.041719e-17 5.115000e+01
      vertex 1.450000e+01 -4.400859e-01 5.106246e+01
      vertex 1.570000e+01 -3.788566e-01 5.171464e+01
    endloop
  endfacet
  facet normal -4.635035e-01 -1.728686e-01 8.690690e-01
    outer loop
      vertex 1.450000e+01 7.041719e-17 5.115000e+01
      vertex 1.570000e+01 -3.788566e-01 5.171464e+01
      vertex 1.570000e+01 6.062002e-17 5.179000e+01
    endloop
  endfacet
  facet normal -3.900030e-01 -5.115766e-01 7.656285e-01
    outer loop
      vertex 1.450000e+01 -4.400859e-01 5.106246e+01
      vertex 1.450000e+01 -8.131728e-01 5.081317e+01
      vertex 1.570000e+01 -7.000357e-01 5.150004e+01
    endloop
  endfacet
  facet normal -3.900030e-01 -5.115766e-01 7.656285e-01
    outer loop
      vertex 1.450000e+01 -4.400859e-01 5.106246e+01
      vertex 1.570000e+01 -7.000357e-01 5.150004e+01
      vertex 1.570000e+01 -3.788566e-01 5.171464e+01
    endloop
  endfacet
  facet normal -2.330132e-01 -8.085822e-01 5.402774e-01
    outer loop
      vertex 1.450000e+01 -8.131728e-01 5.081317e+01
      vertex 1.450000e+01 -1.062461e+00 5.044009e+01
      vertex 1.570000e+01 -9.146407e-01 5.117886e+01
    endloop
  endfacet
  facet normal -2.330132e-01 -8.085822e-01 5.402774e-01
    outer loop
      vertex 1.450000e+01 -8.131728e-01 5.081317e+01
      vertex 1.570000e+01 -9.146407e-01 5.117886e+01
      vertex 1.570000e+01 -7.000357e-01 5.150004e+01
    endloop
  endfacet
  facet normal 7.111559e-04 -9.807850e-01 1.950903e-01
    outer loop
      vertex 1.450000e+01 -1.062461e+00 5.044009e+01
      vertex 1.450000e+01 -1.150000e+00 5.000000e+01
      vertex 1.570000e+01 -9.900000e-01 5.080000e+01
    endloop
  endfacet
  facet normal 7.111559e-04 -9.807850e-01 1.950903e-01
    outer loop
      vertex 1.450000e+01 -1.062461e+00 5.044009e+01
      vertex 1.570000e+01 -9.900000e-01 5.080000e+01
      vertex 1.570000e+01 -9.146407e-01 5.117886e+01
    endloop
  endfacet
  facet normal 2.523875e-01 -9.490336e-01 -1.887745e-01
    outer loop
      vertex 1.450000e+01 -1.150000e+00 5.000000e+01
      vertex 1.450000e+01 -1.062461e+00 4.955991e+01
      vertex 1.570000e+01 -9.146407e-01 5.042114e+01
    endloop
  endfacet
  facet normal 2.523875e-01 -9.490336e-01 -1.887745e-01
    outer loop
      vertex 1.450000e+01 -1.150000e+00 5.000000e+01
      vertex 1.570000e+01 -9.146407e-01 5.042114e+01
      vertex 1.570000e+01 -9.900000e-01 5.080000e+01
    endloop
  endfacet
  facet normal 4.480370e-01 -7.433463e-01 -4.966881e-01
    outer loop
      vertex 1.450000e+01 -1.062461e+00 4.955991e+01
      vertex 1.450000e+01 -8.131728e-01 4.918683e+01
      vertex 1.570000e+01 -7.000357e-01 5.009996e+01
    endloop
  endfacet
  facet normal 4.480370e-01 -7.433463e-01 -4.966881e-01
    outer loop
      vertex 1.450000e+01 -1.062461e+00 4.955991e+01
      vertex 1.570000e+01 -7.000357e-01 5.009996e+01
      vertex 1.570000e+01 -9.146407e-01 5.042114e+01
    endloop
  endfacet
  facet normal 5.651749e-01 -4.583294e-01 -6.859384e-01
    outer loop
      vertex 1.450000e+01 -8.131728e-01 4.918683e+01
      vertex 1.450000e+01 -4.400859e-01 4.893754e+01
      vertex 1.570000e+01 -3.788566e-01 4.988536e+01
    endloop
  endfacet
  facet normal 5.651749e-01 -4.583294e-01 -6.859384e-01
    outer loop
      vertex 1.450000e+01 -8.131728e-01 4.918683e+01
      vertex 1.570000e+01 -3.788566e-01 4.988536e+01
      vertex 1.570000e+01 -7.000357e-01 5.009996e+01
    endloop
  endfacet
  facet normal 6.172931e-01 -1.534840e-01 -7.716164e-01
    outer loop
      vertex 1.450000e+01 -4.400859e-01 4.893754e+01
      vertex 1.450000e+01 -2.112516e-16 4.885000e+01
      vertex 1.570000e+01 -1.818600e-16 4.981000e+01
    endloop
  endfacet
  facet normal 6.172931e-01 -1.534840e-01 -7.716164e-01
    outer loop
      vertex 1.450000e+01 -4.400859e-01 4.893754e+01
      vertex 1.570000e+01 -1.818600e-16 4.981000e+01
      vertex 1.570000e+01 -3.788566e-01 4.988536e+01
    endloop
  endfacet
  facet normal 6.172931e-01 1.534840e-01 -7.716164e-01
    outer loop
      vertex 1.450000e+01 -2.112516e-16 4.885000e+01
      vertex 1.450000e+01 4.400859e-01 4.893754e+01
      vertex 1.570000e+01 3.788566e-01 4.988536e+01
    endloop
  endfacet
  facet normal 6.172931e-01 1.534840e-01 -7.716164e-01
    outer loop
      vertex 1.450000e+01 -2.112516e-16 4.885000e+01
      vertex 1.570000e+01 3.788566e-01 4.988536e+01
      vertex 1.570000e+01 -1.818600e-16 4.981000e+01
    endloop
  endfacet
  facet normal 5.651749e-01 4.583294e-01 -6.859384e-01
    outer loop
      vertex 1.450000e+01 4.400859e-01 4.893754e+01
      vertex 1.450000e+01 8.131728e-01 4.918683e+01
      vertex 1.570000e+01 7.000357e-01 5.009996e+01
    endloop
  endfacet
  facet normal 5.651749e-01 4.583294e-01 -6.859384e-01
    outer loop
      vertex 1.450000e+01 4.400859e-01 4.893754e+01
      vertex 1.570000e+01 7.000357e-01 5.009996e+01
      vertex 1.570000e+01 3.788566e-01 4.988536e+01
    endloop
  endfacet
  facet normal 4.480370e-01 7.433463e-01 -4.966881e-01
    outer loop
      vertex 1.450000e+01 8.131728e-01 4.918683e+01
      vertex 1.450000e+01 1.062461e+00 4.955991e+01
      vertex 1.570000e+01 9.146407e-01 5.042114e+01
    endloop
  endfacet
  facet normal 4.480370e-01 7.433463e-01 -4.966881e-01
    outer loop
      vertex 1.450000e+01 8.131728e-01 4.918683e+01
      vertex 1.570000e+01 9.146407e-01 5.042114e+01
      vertex 1.570000e+01 7.000357e-01 5.009996e+01
    endloop
  endfacet
  facet normal 2.523875e-01 9.490336e-01 -1.887745e-01
    outer loop
      vertex 1.450000e+01 1.062461e+00 4.955991e+01
      vertex 1.450000e+01 1.150000e+00 5.000000e+01
      vertex 1.570000e+01 9.900000e-01 5.080000e+01
    endloop
  endfacet
  facet normal 2.523875e-01 9.490336e-01 -1.887745e-01
    outer loop
      vertex 1.450000e+01 1.062461e+00 4.955991e+01
      vertex 1.570000e+01 9.900000e-01 5.080000e+01
      vertex 1.570000e+01 9.146407e-01 5.042114e+01
    endloop
  endfacet
  facet normal 7.111559e-04 9.807850e-01 1.950903e-01
    outer loop
      vertex 1.570000e+01 9.900000e-01 5.080000e+01
      vertex 1.570000e+01 9.146407e-01 5.117886e+01
      vertex 1.690000e+01 7.668200e-01 5.191763e+01
    endloop
  endfacet
  facet normal 7.111559e-04 9.807850e-01 1.950903e-01
    outer loop
      vertex 1.570000e+01 9.900000e-01 5.080000e+01
      vertex 1.690000e+01 7.668200e-01 5.191763e+01
      vertex 1.690000e+01 8.300000e-01 5.160000e+01
    endloop
  endfacet
  facet normal -2.330132e-01 8.085822e-01 5.402774e-01
    outer loop
      vertex 1.570000e+01 9.146407e-01 5.117886e+01
      vertex 1.570000e+01 7.000357e-01 5.150004e+01
      vertex 1.690000e+01 5.868986e-01 5.218690e+01
    endloop
  endfacet
  facet normal -2.330132e-01 8.085822e-01 5.402774e-01
    outer loop
      vertex 1.570000e+01 9.146407e-01 5.117886e+01
      vertex 1.690000e+01 5.868986e-01 5.218690e+01
      vertex 1.690000e+01 7.668200e-01 5.191763e+01
    endloop
  endfacet
  facet normal -3.900030e-01 5.115766e-01 7.656285e-01
    outer loop
      vertex 1.570000e+01 7.000357e-01 5.150004e+01
      vertex 1.570000e+01 3.788566e-01 5.171464e+01
      vertex 1.690000e+01 3.176272e-01 5.236682e+01
    endloop
  endfacet
  facet normal -3.900030e-01 5.115766e-01 7.656285e-01
    outer loop
      vertex 1.570000e+01 7.000357e-01 5.150004e+01
      vertex 1.690000e+01 3.176272e-01 5.236682e+01
      vertex 1.690000e+01 5.868986e-01 5.218690e+01
    endloop
  endfacet
  facet normal -4.635035e-01 1.728686e-01 8.690690e-01
    outer loop
      vertex 1.570000e+01 3.788566e-01 5.171464e+01
      vertex 1.570000e+01 6.062002e-17 5.179000e+01
      vertex 1.690000e+01 5.082284e-17 5.243000e+01
    endloop
  endfacet
  facet normal -4.635035e-01 1.728686e-01 8.690690e-01
    outer loop
      vertex 1.570000e+01 3.788566e-01 5.171464e+01
      vertex 1.690000e+01 5.082284e-17 5.243000e+01
      vertex 1.690000e+01 3.176272e-01 5.236682e+01
    endloop
  endfacet
  facet normal -4.635035e-01 -1.728686e-01 8.690690e-01
    outer loop
      vertex 1.570000e+01 6.062002e-17 5.179000e+01
      vertex 1.570000e+01 -3.788566e-01 5.171464e+01
      vertex 1.690000e+01 -3.176272e-01 5.236682e+01
    endloop
  endfacet
  facet normal -4.635035e-01 -1.728686e-01 8.690690e-01
    outer loop
      vertex 1.570000e+01 6.062002e-17 5.179000e+01
      vertex 1.690000e+01 -3.176272e-01 5.236682e+01
      vertex 1.690000e+01 5.082284e-17 5.243000e+01
    endloop
  endfacet
  facet normal -3.900030e-01 -5.115766e-01 7.656285e-01
    outer loop
      vertex 1.570000e+01 -3.788566e-01 5.171464e+01
      vertex 1.570000e+01 -7.000357e-01 5.150004e+01
      vertex 1.690000e+01 -5.868986e-01 5.218690e+01
    endloop
  endfacet
  facet normal -3.900030e-01 -5.115766e-01 7.656285e-01
    outer loop
      vertex 1.570000e+01 -3.788566e-01 5.171464e+01
      vertex 1.690000e+01 -5.868986e-01 5.218690e+01
      vertex 1.690000e+01 -3.176272e-01 5.236682e+01
    endloop
  endfacet
  facet normal -2.330132e-01 -8.085822e-01 5.402774e-01
    outer loop
      vertex 1.570000e+01 -7.000357e-01 5.150004e+01
      vertex 1.570000e+01 -9.146407e-01 5.117886e+01
      vertex 1.690000e+01 -7.668200e-01 5.191763e+01
    endloop
  endfacet
  facet normal -2.330132e-01 -8.085822e-01 5.402774e-01
    outer loop
      vertex 1.570000e+01 -7.000357e-01 5.150004e+01
      vertex 1.690000e+01 -7.668200e-01 5.191763e+01
      vertex 1.690000e+01 -5.868986e-01 5.218690e+01
    endloop
  endfacet
  facet normal 7.111559e-04 -9.807850e-01 1.950903e-01
    outer loop
      vertex 1.570000e+01 -9.146407e-01 5.117886e+01
      vertex 1.570000e+01 -9.900000e-01 5.080000e+01
      vertex 1.690000e+01 -8.300000e-01 5.160000e+01
    endloop
  endfacet
  facet normal 7.111559e-04 -9.807850e-01 1.950903e-01
    outer loop
      vertex 1.570000e+01 -9.146407e-01 5.117886e+01
      vertex 1.690000e+01 -8.300000e-01 5.160000e+01
      vertex 1.690000e+01 -7.668200e-01 5.191763e+01
    endloop
  endfacet
  facet normal 2.523875e-01 -9.490336e-01 -1.887745e-01
    outer loop
      vertex 1.570000e+01 -9.900000e-01 5.080000e+01
      vertex 1.570000e+01 -9.146407e-01 5.042114e+01
      vertex 1.690000e+01 -7.668200e-01 5.128237e+01
    endloop
  endfacet
  facet normal 2.523875e-01 -9.490336e-01 -1.887745e-01
    outer loop
      vertex 1.570000e+01 -9.900000e-01 5.080000e+01
      vertex 1.690000e+01 -7.668200e-01 5.128237e+01
      vertex 1.690000e+01 -8.300000e-01 5.160000e+01
    endloop
  endfacet
  facet normal 4.480370e-01 -7.433463e-01 -4.966881e-01
    outer loop
      vertex 1.570000e+01 -9.146407e-01 5.042114e+01
      vertex 1.570000e+01 -7.000357e-01 5.009996e+01
      vertex 1.690000e+01 -5.868986e-01 5.101310e+01
    endloop
  endfacet
  facet normal 4.480370e-01 -7.433463e-01 -4.966881e-01
    outer loop
      vertex 1.570000e+01 -9.146407e-01 5.042114e+01
      vertex 1.690000e+01 -5.868986e-01 5.101310e+01
      vertex 1.690000e+01 -7.668200e-01 5.128237e+01
    endloop
  endfacet
  facet normal 5.651749e-01 -4.583294e-01 -6.859384e-01
    outer loop
      vertex 1.570000e+01 -7.000357e-01 5.009996e+01
      vertex 1.570000e+01 -3.788566e-01 4.988536e+01
      vertex 1.690000e+01 -3.176272e-01 5.083318e+01
    endloop
  endfacet
  facet normal 5.651749e-01 -4.583294e-01 -6.859384e-01
    outer loop
      vertex 1.570000e+01 -7.000357e-01 5.009996e+01
      vertex 1.690000e+01 -3.176272e-01 5.083318e+01
      vertex 1.690000e+01 -5.868986e-01 5.101310e+01
    endloop
  endfacet
  facet normal 6.172931e-01 -1.534840e-01 -7.716164e-01
    outer loop
      vertex 1.570000e+01 -3.788566e-01 4.988536e+01
      vertex 1.570000e+01 -1.818600e-16 4.981000e+01
      vertex 1.690000e+01 -1.524685e-16 5.077000e+01
    endloop
  endfacet
  facet normal 6.172931e-01 -1.534840e-01 -7.716164e-01
    outer loop
      vertex 1.570000e+01 -3.788566e-01 4.988536e+01
      vertex 1.690000e+01 -1.524685e-16 5.077000e+01
      vertex 1.690000e+01 -3.176272e-01 5.083318e+01
    endloop
  endfacet
  facet normal 6.172931e-01 1.534840e-01 -7.716164e-01
    outer loop
      vertex 1.570000e+01 -1.818600e-16 4.981000e+01
      vertex 1.570000e+01 3.788566e-01 4.988536e+01
      vertex 1.690000e+01 3.176272e-01 5.083318e+01
    endloop
  endfacet
  facet normal 6.172931e-01 1.534840e-01 -7.716164e-01
    outer loop
      vertex 1.570000e+01 -1.818600e-16 4.981000e+01
      vertex 1.690000e+01 3.176272e-01 5.083318e+01
      vertex 1.690000e+01 -1.524685e-16 5.077000e+01
    endloop
  endfacet
  facet normal 5.651749e-01 4.583294e-01 -6.859384e-01
    outer loop
      vertex 1.570000e+01 3.788566e-01 4.988536e+01
      vertex 1.570000e+01 7.000357e-01 5.009996e+01
      vertex 1.690000e+01 5.868986e-01 5.101310e+01
    endloop
  endfacet
  facet normal 5.651749e-01 4.583294e-01 -6.859384e-01
    outer loop
      vertex 1.570000e+01 3.788566e-01 4.988536e+01
      vertex 1.690000e+01 5.868986e-01 5.101310e+01
      vertex 1.690000e+01 3.176272e-01 5.083318e+01
    endloop
  endfacet
  facet normal 4.480370e-01 7.433463e-01 -4.966881e-01
    outer loop
      vertex 1.570000e+01 7.000357e-01 5.009996e+01
      vertex 1.570000e+01 9.146407e-01 5.042114e+01
      vertex 1.690000e+01 7.668200e-01 5.128237e+01
    endloop
  endfacet
  facet normal 4.480370e-01 7.433463e-01 -4.966881e-01
    outer loop
      vertex 1.570000e+01 7.000357e-01 5.009996e+01
      vertex 1.690000e+01 7.668200e-01 5.128237e+01
      vertex 1.690000e+01 5.868986e-01 5.101310e+01
    endloop
  endfacet
  facet normal 2.523875e-01 9.490336e-01 -1.887745e-01
    outer loop
      vertex 1.570000e+01 9.146407e-01 5.042114e+01
      vertex 1.570000e+01 9.900000e-01 5.080000e+01
      vertex 1.690000e+01 8.300000e-01 5.160000e+01
    endloop
  endfacet
  facet normal 2.523875e-01 9.490336e-01 -1.887745e-01
    outer loop
      vertex 1.570000e+01 9.146407e-01 5.042114e+01
      vertex 1.690000e+01 8.300000e-01 5.160000e+01
      vertex 1.690000e+01 7.668200e-01 5.128237e+01
    endloop
  endfacet
  facet normal 7.111559e-04 9.807850e-01 1.950903e-01
    outer loop
      vertex 1.690000e+01 8.300000e-01 5.160000e+01
      vertex 1.690000e+01 7.668200e-01 5.191763e+01
      vertex 1.810000e+01 6.189993e-01 5.265640e+01
    endloop
  endfacet
  facet normal 7.111559e-04 9.807850e-01 1.950903e-01
    outer loop
      vertex 1.690000e+01 8.300000e-01 5.160000e+01
      vertex 1.810000e+01 6.189993e-01 5.265640e+01
      vertex 1.810000e+01 6.700000e-01 5.240000e+01
    endloop
  endfacet
  facet normal -2.330132e-01 8.085822e-01 5.402774e-01
    outer loop
      vertex 1.690000e+01 7.668200e-01 5.191763e+01
      vertex 1.690000e+01 5.868986e-01 5.218690e+01
      vertex 1.810000e+01 4.737615e-01 5.287376e+01
    endloop
  endfacet
  facet normal -2.330132e-01 8.085822e-01 5.402774e-01
    outer loop
      vertex 1.690000e+01 7.668200e-01 5.191763e+01
      vertex 1.810000e+01 4.737615e-01 5.287376e+01
      vertex 1.810000e+01 6.189993e-01 5.265640e+01
    endloop
  endfacet
  facet normal -3.900030e-01 5.115766e-01 7.656285e-01
    outer loop
      vertex 1.690000e+01 5.868986e-01 5.218690e+01
      vertex 1.690000e+01 3.176272e-01 5.236682e+01
      vertex 1.810000e+01 2.563979e-01 5.301900e+01
    endloop
  endfacet
  facet normal -3.900030e-01 5.115766e-01 7.656285e-01
    outer loop
      vertex 1.690000e+01 5.868986e-01 5.218690e+01
      vertex 1.810000e+01 2.563979e-01 5.301900e+01
      vertex 1.810000e+01 4.737615e-01 5.287376e+01
    endloop
  endfacet
  facet normal -4.635035e-01 1.728686e-01 8.690690e-01
    outer loop
      vertex 1.690000e+01 3.176272e-01 5.236682e+01
      vertex 1.690000e+01 5.082284e-17 5.243000e+01
      vertex 1.810000e+01 4.102567e-17 5.307000e+01
    endloop
  endfacet
  facet normal -4.635035e-01 1.728686e-01 8.690690e-01
    outer loop
      vertex 1.690000e+01 3.176272e-01 5.236682e+01
      vertex 1.810000e+01 4.102567e-17 5.307000e+01
      vertex 1.810000e+01 2.563979e-01 5.301900e+01
    endloop
  endfacet
  facet normal -4.635035e-01 -1.728686e-01 8.690690e-01
    outer loop
      vertex 1.690000e+01 5.082284e-17 5.243000e+01
      vertex 1.690000e+01 -3.176272e-01 5.236682e+01
      vertex 1.810000e+01 -2.563979e-01 5.301900e+01
    endloop
  endfacet
  facet normal -4.635035e-01 -1.728686e-01 8.690690e-01
    outer loop
      vertex 1.690000e+01 5.082284e-17 5.243000e+01
      vertex 1.810000e+01 -2.563979e-01 5.301900e+01
      vertex 1.810000e+01 4.102567e-17 5.307000e+01
    endloop
  endfacet
  facet normal -3.900030e-01 -5.115766e-01 7.656285e-01
    outer loop
      vertex 1.690000e+01 -3.176272e-01 5.236682e+01
      vertex 1.690000e+01 -5.868986e-01 5.218690e+01
      vertex 1.810000e+01 -4.737615e-01 5.287376e+01
    endloop
  endfacet
  facet normal -3.900030e-01 -5.115766e-01 7.656285e-01
    outer loop
      vertex 1.690000e+01 -3.176272e-01 5.236682e+01
      vertex 1.810000e+01 -4.737615e-01 5.287376e+01
      vertex 1.810000e+01 -2.563979e-01 5.301900e+01
    endloop
  endfacet
  facet normal -2.330132e-01 -8.085822e-01 5.402774e-01
    outer loop
      vertex 1.690000e+01 -5.868986e-01 5.218690e+01
      vertex 1.690000e+01 -7.668200e-01 5.191763e+01
      vertex 1.810000e+01 -6.189993e-01 5.265640e+01
    endloop
  endfacet
  facet normal -2.330132e-01 -8.085822e-01 5.402774e-01
    outer loop
      vertex 1.690000e+01 -5.868986e-01 5.218690e+01
      vertex 1.810000e+01 -6.189993e-01 5.265640e+01
      vertex 1.810000e+01 -4.737615e-01 5.287376e+01
    endloop
  endfacet
  facet normal 7.111559e-04 -9.807850e-01 1.950903e-01
    outer loop
      vertex 1.690000e+01 -7.668200e-01 5.191763e+01
      vertex 1.690000e+01 -8.300000e-01 5.160000e+01
      vertex 1.810000e+01 -6.700000e-01 5.240000e+01
    endloop
  endfacet
  facet normal 7.111559e-04 -9.807850e-01 1.950903e-01
    outer loop
      vertex 1.690000e+01 -7.668200e-01 5.191763e+01
      vertex 1.810000e+01 -6.700000e-01 5.240000e+01
      vertex 1.810000e+01 -6.189993e-01 5.265640e+01
    endloop
  endfacet
  facet normal 2.523875e-01 -9.490336e-01 -1.887745e-01
    outer loop
      vertex 1.690000e+01 -8.300000e-01 5.160000e+01
      vertex 1.690000e+01 -7.668200e-01 5.128237e+01
      vertex 1.810000e+01 -6.189993e-01 5.214360e+01
    endloop
  endfacet
  facet normal 2.523875e-01 -9.490336e-01 -1.887745e-01
    outer loop
      vertex 1.690000e+01 -8.300000e-01 5.160000e+01
      vertex 1.810000e+01 -6.189993e-01 5.214360e+01
      vertex 1.810000e+01 -6.700000e-01 5.240000e+01
    endloop
  endfacet
  facet normal 4.480370e-01 -7.433463e-01 -4.966881e-01
    outer loop
      vertex 1.690000e+01 -7.668200e-01 5.128237e+01
      vertex 1.690000e+01 -5.868986e-01 5.101310e+01
      vertex 1.810000e+01 -4.737615e-01 5.192624e+01
    endloop
  endfacet
  facet normal 4.480370e-01 -7.433463e-01 -4.966881e-01
    outer loop
      vertex 1.690000e+01 -7.668200e-01 5.128237e+01
      vertex 1.810000e+01 -4.737615e-01 5.192624e+01
      vertex 1.810000e+01 -6.189993e-01 5.214360e+01
    endloop
  endfacet
  facet normal 5.651749e-01 -4.583294e-01 -6.859384e-01
    outer loop
      vertex 1.690000e+01 -5.868986e-01 5.101310e+01
      vertex 1.690000e+01 -3.176272e-01 5.083318e+01
      vertex 1.810000e+01 -2.563979e-01 5.178100e+01
    endloop
  endfacet
  facet normal 5.651749e-01 -4.583294e-01 -6.859384e-01
    outer loop
      vertex 1.690000e+01 -5.868986e-01 5.101310e+01
      vertex 1.810000e+01 -2.563979e-01 5.178100e+01
      vertex 1.810000e+01 -4.737615e-01 5.192624e+01
    endloop
  endfacet
  facet normal 6.172931e-01 -1.534840e-01 -7.716164e-01
    outer loop
      vertex 1.690000e+01 -3.176272e-01 5.083318e+01
      vertex 1.690000e+01 -1.524685e-16 5.077000e+01
      vertex 1.810000e+01 -1.230770e-16 5.173000e+01
    endloop
  endfacet
  facet normal 6.172931e-01 -1.534840e-01 -7.716164e-01
    outer loop
      vertex 1.690000e+01 -3.176272e-01 5.083318e+01
      vertex 1.810000e+01 -1.230770e-16 5.173000e+01
      vertex 1.810000e+01 -2.563979e-01 5.178100e+01
    endloop
  endfacet
  facet normal 6.172931e-01 1.534840e-01 -7.716164e-01
    outer loop
      vertex 1.690000e+01 -1.524685e-16 5.077000e+01
      vertex 1.690000e+01 3.176272e-01 5.083318e+01
      vertex 1.810000e+01 2.563979e-01 5.178100e+01
    endloop
  endfacet
  facet normal 6.172931e-01 1.534840e-01 -7.716164e-01
    outer loop
      vertex 1.690000e+01 -1.524685e-16 5.077000e+01
      vertex 1.810000e+01 2.563979e-01 5.178100e+01
      vertex 1.810000e+01 -1.230770e-16 5.173000e+01
    endloop
  endfacet
  facet normal 5.651749e-01 4.583294e-01 -6.859384e-01
    outer loop
      vertex 1.690000e+01 3.176272e-01 5.083318e+01
      vertex 1.690000e+01 5.868986e-01 5.101310e+01
      vertex 1.810000e+01 4.737615e-01 5.192624e+01
    endloop
  endfacet
  facet normal 5.651749e-01 4.583294e-01 -6.859384e-01
    outer loop
      vertex 1.690000e+01 3.176272e-01 5.083318e+01
      vertex 1.810000e+01 4.737615e-01 5.192624e+01
      vertex 1.810000e+01 2.563979e-01 5.178100e+01
    endloop
  endfacet
  facet normal 4.480370e-01 7.433463e-01 -4.966881e-01
    outer loop
      vertex 1.690000e+01 5.868986e-01 5.101310e+01
      vertex 1.690000e+01 7.668200e-01 5.128237e+01
      vertex 1.810000e+01 6.189993e-01 5.214360e+01
    endloop
  endfacet
  facet normal 4.480370e-01 7.433463e-01 -4.966881e-01
    outer loop
      vertex 1.690000e+01 5.868986e-01 5.101310e+01
      vertex 1.810000e+01 6.189993e-01 5.214360e+01
      vertex 1.810000e+01 4.737615e-01 5.192624e+01
    endloop
  endfacet
  facet normal 2.523875e-01 9.490336e-01 -1.887745e-01
    outer loop
      vertex 1.690000e+01 7.668200e-01 5.128237e+01
      vertex 1.690000e+01 8.300000e-01 5.160000e+01
      vertex 1.810000e+01 6.700000e-01 5.240000e+01
    endloop
  endfacet
  facet normal 2.523875e-01 9.490336e-01 -1.887745e-01
    outer loop
      vertex 1.690000e+01 7.668200e-01 5.128237e+01
      vertex 1.810000e+01 6.700000e-01 5.240000e+01
      vertex 1.810000e+01 6.189993e-01 5.214360e+01
    endloop
  endfacet
  facet normal 7.111559e-04 9.807850e-01 1.950903e-01
    outer loop
      vertex 1.810000e+01 6.700000e-01 5.240000e+01
      vertex 1.810000e+01 6.189993e-01 5.265640e+01
      vertex 1.930000e+01 4.711786e-01 5.339517e+01
    endloop
  endfacet
  facet normal 7.111559e-04 9.807850e-01 1.950903e-01
    outer loop
      vertex 1.810000e+01 6.700000e-01 5.240000e+01
      vertex 1.930000e+01 4.711786e-01 5.339517e+01
      vertex 1.930000e+01 5.100000e-01 5.320000e+01
    endloop
  endfacet
  facet normal -2.330132e-01 8.085822e-01 5.402774e-01
    outer loop
      vertex 1.810000e+01 6.189993e-01 5.265640e+01
      vertex 1.810000e+01 4.737615e-01 5.287376e+01
      vertex 1.930000e+01 3.606245e-01 5.356062e+01
    endloop
  endfacet
  facet normal -2.330132e-01 8.085822e-01 5.402774e-01
    outer loop
      vertex 1.810000e+01 6.189993e-01 5.265640e+01
      vertex 1.930000e+01 3.606245e-01 5.356062e+01
      vertex 1.930000e+01 4.711786e-01 5.339517e+01
    endloop
  endfacet
  facet normal -3.900030e-01 5.115766e-01 7.656285e-01
    outer loop
      vertex 1.810000e+01 4.737615e-01 5.287376e+01
      vertex 1.810000e+01 2.563979e-01 5.301900e+01
      vertex 1.930000e+01 1.951686e-01 5.367118e+01
    endloop
  endfacet
  facet normal -3.900030e-01 5.115766e-01 7.656285e-01
    outer loop
      vertex 1.810000e+01 4.737615e-01 5.287376e+01
      vertex 1.930000e+01 1.951686e-01 5.367118e+01
      vertex 1.930000e+01 3.606245e-01 5.356062e+01
    endloop
  endfacet
  facet normal -4.635035e-01 1.728686e-01 8.690690e-01
    outer loop
      vertex 1.810000e+01 2.563979e-01 5.301900e+01
      vertex 1.810000e+01 4.102567e-17 5.307000e+01
      vertex 1.930000e+01 3.122849e-17 5.371000e+01
    endloop
  endfacet
  facet normal -4.635035e-01 1.728686e-01 8.690690e-01
    outer loop
      vertex 1.810000e+01 2.563979e-01 5.301900e+01
      vertex 1.930000e+01 3.122849e-17 5.371000e+01
      vertex 1.930000e+01 1.951686e-01 5.367118e+01
    endloop
  endfacet
  facet normal -4.635035e-01 -1.728686e-01 8.690690e-01
    outer loop
      vertex 1.810000e+01 4.102567e-17 5.307000e+01
      vertex 1.810000e+01 -2.563979e-01 5.301900e+01
      vertex 1.930000e+01 -1.951686e-01 5.367118e+01
    endloop
  endfacet
  facet normal -4.635035e-01 -1.728686e-01 8.690690e-01
    outer loop
      vertex 1.810000e+01 4.102567e-17 5.307000e+01
      vertex 1.930000e+01 -1.951686e-01 5.367118e+01
      vertex 1.930000e+01 3.122849e-17 5.371000e+01
    endloop
  endfacet
  facet normal -3.900030e-01 -5.115766e-01 7.656285e-01
    outer loop
      vertex 1.810000e+01 -2.563979e-01 5.301900e+01
      vertex 1.810000e+01 -4.737615e-01 5.287376e+01
      vertex 1.930000e+01 -3.606245e-01 5.356062e+01
    endloop
  endfacet
  facet normal -3.900030e-01 -5.115766e-01 7.656285e-01
    outer loop
      vertex 1.810000e+01 -2.563979e-01 5.301900e+01
      vertex 1.930000e+01 -3.606245e-01 5.356062e+01
      vertex 1.930000e+01 -1.951686e-01 5.367118e+01
    endloop
  endfacet
  facet normal -2.330132e-01 -8.085822e-01 5.402774e-01
    outer loop
      vertex 1.810000e+01 -4.737615e-01 5.287376e+01
      vertex 1.810000e+01 -6.189993e-01 5.265640e+01
      vertex 1.930000e+01 -4.711786e-01 5.339517e+01
    endloop
  endfacet
  facet normal -2.330132e-01 -8.085822e-01 5.402774e-01
    outer loop
      vertex 1.810000e+01 -4.737615e-01 5.287376e+01
      vertex 1.930000e+01 -4.711786e-01 5.339517e+01
      vertex 1.930000e+01 -3.606245e-01 5.356062e+01
    endloop
  endfacet
  facet normal 7.111559e-04 -9.807850e-01 1.950903e-01
    outer loop
      vertex 1.810000e+01 -6.189993e-01 5.265640e+01
      vertex 1.810000e+01 -6.700000e-01 5.240000e+01
      vertex 1.930000e+01 -5.100000e-01 5.320000e+01
    endloop
  endfacet
  facet normal 7.111559e-04 -9.807850e-01 1.950903e-01
    outer loop
      vertex 1.810000e+01 -6.189993e-01 5.265640e+01
      vertex 1.930000e+01 -5.100000e-01 5.320000e+01
      vertex 1.930000e+01 -4.711786e-01 5.339517e+01
    endloop
  endfacet
  facet normal 2.523875e-01 -9.490336e-01 -1.887745e-01
    outer loop
      vertex 1.810000e+01 -6.700000e-01 5.240000e+01
      vertex 1.810000e+01 -6.189993e-01 5.214360e+01
      vertex 1.930000e+01 -4.711786e-01 5.300483e+01
    endloop
  endfacet
  facet normal 2.523875e-01 -9.490336e-01 -1.887745e-01
    outer loop
      vertex 1.810000e+01 -6.700000e-01 5.240000e+01
      vertex 1.930000e+01 -4.711786e-01 5.300483e+01
      vertex 1.930000e+01 -5.100000e-01 5.320000e+01
    endloop
  endfacet
  facet normal 4.480370e-01 -7.433463e-01 -4.966881e-01
    outer loop
      vertex 1.810000e+01 -6.189993e-01 5.214360e+01
      vertex 1.810000e+01 -4.737615e-01 5.192624e+01
      vertex 1.930000e+01 -3.606245e-01 5.283938e+01
    endloop
  endfacet
  facet normal 4.480370e-01 -7.433463e-01 -4.966881e-01
    outer loop
      vertex 1.810000e+01 -6.189993e-01 5.214360e+01
      vertex 1.930000e+01 -3.606245e-01 5.283938e+01
      vertex 1.930000e+01 -4.711786e-01 5.300483e+01
    endloop
  endfacet
  facet normal 5.651749e-01 -4.583294e-01 -6.859384e-01
    outer loop
      vertex 1.810000e+01 -4.737615e-01 5.192624e+01
      vertex 1.810000e+01 -2.563979e-01 5.178100e+01
      vertex 1.930000e+01 -1.951686e-01 5.272882e+01
    endloop
  endfacet
  facet normal 5.651749e-01 -4.583294e-01 -6.859384e-01
    outer loop
      vertex 1.810000e+01 -4.737615e-01 5.192624e+01
      vertex 1.930000e+01 -1.951686e-01 5.272882e+01
      vertex 1.930000e+01 -3.606245e-01 5.283938e+01
    endloop
  endfacet
  facet normal 6.172931e-01 -1.534840e-01 -7.716164e-01
    outer loop
      vertex 1.810000e+01 -2.563979e-01 5.178100e+01
      vertex 1.810000e+01 -1.230770e-16 5.173000e+01
      vertex 1.930000e+01 -9.368548e-17 5.269000e+01
    endloop
  endfacet
  facet normal 6.172931e-01 -1.534840e-01 -7.716164e-01
    outer loop
      vertex 1.810000e+01 -2.563979e-01 5.178100e+01
      vertex 1.930000e+01 -9.368548e-17 5.269000e+01
      vertex 1.930000e+01 -1.951686e-01 5.272882e+01
    endloop
  endfacet
  facet normal 6.172931e-01 1.534840e-01 -7.716164e-01
    outer loop
      vertex 1.810000e+01 -1.230770e-16 5.173000e+01
      vertex 1.810000e+01 2.563979e-01 5.178100e+01
      vertex 1.930000e+01 1.951686e-01 5.272882e+01
    endloop
  endfacet
  facet normal 6.172931e-01 1.534840e-01 -7.716164e-01
    outer loop
      vertex 1.810000e+01 -1.230770e-16 5.173000e+01
      vertex 1.930000e+01 1.951686e-01 5.272882e+01
      vertex 1.930000e+01 -9.368548e-17 5.269000e+01
    endloop
  endfacet
  facet normal 5.651749e-01 4.583294e-01 -6.859384e-01
    outer loop
      vertex 1.810000e+01 2.563979e-01 5.178100e+01
      vertex 1.810000e+01 4.737615e-01 5.192624e+01
      vertex 1.930000e+01 3.606245e-01 5.283938e+01
    endloop
  endfacet
  facet normal 5.651749e-01 4.583294e-01 -6.859384e-01
    outer loop
      vertex 1.810000e+01 2.563979e-01 5.178100e+01
      vertex 1.930000e+01 3.606245e-01 5.283938e+01
      vertex 1.930000e+01 1.951686e-01 5.272882e+01
    endloop
  endfacet
  facet normal 4.480370e-01 7.433463e-01 -4.966881e-01
    outer loop
      vertex 1.810000e+01 4.737615e-01 5.192624e+01
      vertex 1.810000e+01 6.189993e-01 5.214360e+01
      vertex 1.930000e+01 4.711786e-01 5.300483e+01
    endloop
  endfacet
  facet normal 4.480370e-01 7.433463e-01 -4.966881e-01
    outer loop
      vertex 1.810000e+01 4.737615e-01 5.192624e+01
      vertex 1.930000e+01 4.711786e-01 5.300483e+01
      vertex 1.930000e+01 3.606245e-01 5.283938e+01
    endloop
  endfacet
  facet normal 2.523875e-01 9.490336e-01 -1.887745e-01
    outer loop
      vertex 1.810000e+01 6.189993e-01 5.214360e+01
      vertex 1.810000e+01 6.700000e-01 5.240000e+01
      vertex 1.930000e+01 5.100000e-01 5.320000e+01
    endloop
  endfacet
  facet normal 2.523875e-01 9.490336e-01 -1.887745e-01
    outer loop
      vertex 1.810000e+01 6.189993e-01 5.214360e+01
      vertex 1.930000e+01 5.100000e-01 5.320000e+01
      vertex 1.930000e+01 4.711786e-01 5.300483e+01
    endloop
  endfacet
  facet normal 7.111559e-04 9.807850e-01 1.950903e-01
    outer loop
      vertex 1.930000e+01 5.100000e-01 5.320000e+01
      vertex 1.930000e+01 4.711786e-01 5.339517e+01
      vertex 2.050000e+01 3.233578e-01 5.413394e+01
    endloop
  endfacet
  facet normal 7.111559e-04 9.807850e-01 1.950903e-01
    outer loop
      vertex 1.930000e+01 5.100000e-01 5.320000e+01
      vertex 2.050000e+01 3.233578e-01 5.413394e+01
      vertex 2.050000e+01 3.500000e-01 5.400000e+01
    endloop
  endfacet
  facet normal -2.330132e-01 8.085822e-01 5.402774e-01
    outer loop
      vertex 1.930000e+01 4.711786e-01 5.339517e+01
      vertex 1.930000e+01 3.606245e-01 5.356062e+01
      vertex 2.050000e+01 2.474874e-01 5.424749e+01
    endloop
  endfacet
  facet normal -2.330132e-01 8.085822e-01 5.402774e-01
    outer loop
      vertex 1.930000e+01 4.711786e-01 5.339517e+01
      vertex 2.050000e+01 2.474874e-01 5.424749e+01
      vertex 2.050000e+01 3.233578e-01 5.413394e+01
    endloop
  endfacet
  facet normal -3.900030e-01 5.115766e-01 7.656285e-01
    outer loop
      vertex 1.930000e+01 3.606245e-01 5.356062e+01
      vertex 1.930000e+01 1.951686e-01 5.367118e+01
      vertex 2.050000e+01 1.339392e-01 5.432336e+01
    endloop
  endfacet
  facet normal -3.900030e-01 5.115766e-01 7.656285e-01
    outer loop
      vertex 1.930000e+01 3.606245e-01 5.356062e+01
      vertex 2.050000e+01 1.339392e-01 5.432336e+01
      vertex 2.050000e+01 2.474874e-01 5.424749e+01
    endloop
  endfacet
  facet normal -4.635035e-01 1.728686e-01 8.690690e-01
    outer loop
      vertex 1.930000e+01 1.951686e-01 5.367118e+01
      vertex 1.930000e+01 3.122849e-17 5.371000e+01
      vertex 2.050000e+01 2.143132e-17 5.435000e+01
    endloop
  endfacet
  facet normal -4.635035e-01 1.728686e-01 8.690690e-01
    outer loop
      vertex 1.930000e+01 1.951686e-01 5.367118e+01
      vertex 2.050000e+01 2.143132e-17 5.435000e+01
      vertex 2.050000e+01 1.339392e-01 5.432336e+01
    endloop
  endfacet
  facet normal -4.635035e-01 -1.728686e-01 8.690690e-01
    outer loop
      vertex 1.930000e+01 3.122849e-17 5.371000e+01
      vertex 1.930000e+01 -1.951686e-01 5.367118e+01
      vertex 2.050000e+01 -1.339392e-01 5.432336e+01
    endloop
  endfacet
  facet normal -4.635035e-01 -1.728686e-01 8.690690e-01
    outer loop
      vertex 1.930000e+01 3.122849e-17 5.371000e+01
      vertex 2.050000e+01 -1.339392e-01 5.432336e+01
      vertex 2.050000e+01 2.143132e-17 5.435000e+01
    endloop
  endfacet
  facet normal -3.900030e-01 -5.115766e-01 7.656285e-01
    outer loop
      vertex 1.930000e+01 -1.951686e-01 5.367118e+01
      vertex 1.930000e+01 -3.606245e-01 5.356062e+01
      vertex 2.050000e+01 -2.474874e-01 5.424749e+01
    endloop
  endfacet
  facet normal -3.900030e-01 -5.115766e-01 7.656285e-01
    outer loop
      vertex 1.930000e+01 -1.951686e-01 5.367118e+01
      vertex 2.050000e+01 -2.474874e-01 5.424749e+01
      vertex 2.050000e+01 -1.339392e-01 5.432336e+01
    endloop
  endfacet
  facet normal -2.330132e-01 -8.085822e-01 5.402774e-01
    outer loop
      vertex 1.930000e+01 -3.606245e-01 5.356062e+01
      vertex 1.930000e+01 -4.711786e-01 5.339517e+01
      vertex 2.050000e+01 -3.233578e-01 5.413394e+01
    endloop
  endfacet
  facet normal -2.330132e-01 -8.085822e-01 5.402774e-01
    outer loop
      vertex 1.930000e+01 -3.606245e-01 5.356062e+01
      vertex 2.050000e+01 -3.233578e-01 5.413394e+01
      vertex 2.050000e+01 -2.474874e-01 5.424749e+01
    endloop
  endfacet
  facet normal 7.111559e-04 -9.807850e-01 1.950903e-01
    outer loop
      vertex 1.930000e+01 -4.711786e-01 5.339517e+01
      vertex 1.930000e+01 -5.100000e-01 5.320000e+01
      vertex 2.050000e+01 -3.500000e-01 5.400000e+01
    endloop
  endfacet
  facet normal 7.111559e-04 -9.807850e-01 1.950903e-01
    outer loop
      vertex 1.930000e+01 -4.711786e-01 5.339517e+01
      vertex 2.050000e+01 -3.500000e-01 5.400000e+01
      vertex 2.050000e+01 -3.233578e-01 5.413394e+01
    endloop
  endfacet
  facet normal 2.523875e-01 -9.490336e-01 -1.887745e-01
    outer loop
      vertex 1.930000e+01 -5.100000e-01 5.320000e+01
      vertex 1.930000e+01 -4.711786e-01 5.300483e+01
      vertex 2.050000e+01 -3.233578e-01 5.386606e+01
    endloop
  endfacet
  facet normal 2.523875e-01 -9.490336e-01 -1.887745e-01
    outer loop
      vertex 1.930000e+01 -5.100000e-01 5.320000e+01
      vertex 2.050000e+01 -3.233578e-01 5.386606e+01
      vertex 2.050000e+01 -3.500000e-01 5.400000e+01
    endloop
  endfacet
  facet normal 4.480370e-01 -7.433463e-01 -4.966881e-01
    outer loop
      vertex 1.930000e+01 -4.711786e-01 5.300483e+01
      vertex 1.930000e+01 -3.606245e-01 5.283938e+01
      vertex 2.050000e+01 -2.474874e-01 5.375251e+01
    endloop
  endfacet
  facet normal 4.480370e-01 -7.433463e-01 -4.966881e-01
    outer loop
      vertex 1.930000e+01 -4.711786e-01 5.300483e+01
      vertex 2.050000e+01 -2.474874e-01 5.375251e+01
      vertex 2.050000e+01 -3.233578e-01 5.386606e+01
    endloop
  endfacet
  facet normal 5.651749e-01 -4.583294e-01 -6.859384e-01
    outer loop
      vertex 1.930000e+01 -3.606245e-01 5.283938e+01
      vertex 1.930000e+01 -1.951686e-01 5.272882e+01
      vertex 2.050000e+01 -1.339392e-01 5.367664e+01
    endloop
  endfacet
  facet normal 5.651749e-01 -4.583294e-01 -6.859384e-01
    outer loop
      vertex 1.930000e+01 -3.606245e-01 5.283938e+01
      vertex 2.050000e+01 -1.339392e-01 5.367664e+01
      vertex 2.050000e+01 -2.474874e-01 5.375251e+01
    endloop
  endfacet
  facet normal 6.172931e-01 -1.534840e-01 -7.716164e-01
    outer loop
      vertex 1.930000e+01 -1.951686e-01 5.272882e+01
      vertex 1.930000e+01 -9.368548e-17 5.269000e+01
      vertex 2.050000e+01 -6.429396e-17 5.365000e+01
    endloop
  endfacet
  facet normal 6.172931e-01 -1.534840e-01 -7.716164e-01
    outer loop
      vertex 1.930000e+01 -1.951686e-01 5.272882e+01
      vertex 2.050000e+01 -6.429396e-17 5.365000e+01
      vertex 2.050000e+01 -1.339392e-01 5.367664e+01
    endloop
  endfacet
  facet normal 6.172931e-01 1.534840e-01 -7.716164e-01
    outer loop
      vertex 1.930000e+01 -9.368548e-17 5.269000e+01
      vertex 1.930000e+01 1.951686e-01 5.272882e+01
      vertex 2.050000e+01 1.339392e-01 5.367664e+01
    endloop
  endfacet
  facet normal 6.172931e-01 1.534840e-01 -7.716164e-01
    outer loop
      vertex 1.930000e+01 -9.368548e-17 5.269000e+01
      vertex 2.050000e+01 1.339392e-01 5.367664e+01
      vertex 2.050000e+01 -6.429396e-17 5.365000e+01
    endloop
  endfacet
  facet normal 5.651749e-01 4.583294e-01 -6.859384e-01
    outer loop
      vertex 1.930000e+01 1.951686e-01 5.272882e+01
      vertex 1.930000e+01 3.606245e-01 5.283938e+01
      vertex 2.050000e+01 2.474874e-01 5.375251e+01
    endloop
  endfacet
  facet normal 5.651749e-01 4.583294e-01 -6.859384e-01
    outer loop
      vertex 1.930000e+01 1.951686e-01 5.272882e+01
      vertex 2.050000e+01 2.474874e-01 5.375251e+01
      vertex 2.050000e+01 1.339392e-01 5.367664e+01
    endloop
  endfacet
  facet normal 4.480370e-01 7.433463e-01 -4.966881e-01
    outer loop
      vertex 1.930000e+01 3.606245e-01 5.283938e+01
      vertex 1.930000e+01 4.711786e-01 5.300483e+01
      vertex 2.050000e+01 3.233578e-01 5.386606e+01
    endloop
  endfacet
  facet normal 4.480370e-01 7.433463e-01 -4.966881e-01
    outer loop
      vertex 1.930000e+01 3.606245e-01 5.283938e+01
      vertex 2.050000e+01 3.233578e-01 5.386606e+01
      vertex 2.050000e+01 2.474874e-01 5.375251e+01
    endloop
  endfacet
  facet normal 2.523875e-01 9.490336e-01 -1.887745e-01
    outer loop
      vertex 1.930000e+01 4.711786e-01 5.300483e+01
      vertex 1.930000e+01 5.100000e-01 5.320000e+01
      vertex 2.050000e+01 3.500000e-01 5.400000e+01
    endloop
  endfacet
  facet normal 2.523875e-01 9.490336e-01 -1.887745e-01
    outer loop
      vertex 1.930000e+01 4.711786e-01 5.300483e+01
      vertex 2.050000e+01 3.500000e-01 5.400000e+01
      vertex 2.050000e+01 3.233578e-01 5.386606e+01
    endloop
  endfacet
  facet normal 0.000000e+00 0.000000e+00 -1.000000e+00
    outer loop
      vertex 3.500000e+00 2.200000e+00 4.550000e+01
      vertex 3.500000e+00 4.400000e+00 4.550000e+01
      vertex 5.500000e+00 4.400000e+00 4.550000e+01
    endloop
  endfacet
  facet normal 0.000000e+00 0.000000e+00 -1.000000e+00
    outer loop
      vertex 3.500000e+00 2.200000e+00 4.550000e+01
      vertex 5.500000e+00 4.400000e+00 4.550000e+01
      vertex 5.500000e+00 2.200000e+00 4.550000e+01
    endloop
  endfacet
  facet normal 0.000000e+00 0.000000e+00 1.000000e+00
    outer loop
      vertex 3.500000e+00 2.200000e+00 4.950000e+01
      vertex 5.500000e+00 2.200000e+00 4.950000e+01
      vertex 5.500000e+00 4.400000e+00 4.950000e+01
    endloop
  endfacet
  facet normal 0.000000e+00 0.000000e+00 1.000000e+00
    outer loop
      vertex 3.500000e+00 2.200000e+00 4.950000e+01
      vertex 5.500000e+00 4.400000e+00 4.950000e+01
      vertex 3.500000e+00 4.400000e+00 4.950000e+01
    endloop
  endfacet
  facet normal 0.000000e+00 -1.000000e+00 0.000000e+00
    outer loop
      vertex 3.500000e+00 2.200000e+00 4.550000e+01
      vertex 5.500000e+00 2.200000e+00 4.550000e+01
      vertex 5.500000e+00 2.200000e+00 4.950000e+01
    endloop
  endfacet
  facet normal 0.000000e+00 -1.000000e+00 0.000000e+00
    outer loop
      vertex 3.500000e+00 2.200000e+00 4.550000e+01
      vertex 5.500000e+00 2.200000e+00 4.950000e+01
      vertex 3.500000e+00 2.200000e+00 4.950000e+01
    endloop
  endfacet
  facet normal 1.000000e+00 0.000000e+00 0.000000e+00
    outer loop
      vertex 5.500000e+00 2.200000e+00 4.550000e+01
      vertex 5.500000e+00 4.400000e+00 4.550000e+01
      vertex 5.500000e+00 4.400000e+00 4.950000e+01
    endloop
  endfacet
  facet normal 1.000000e+00 0.000000e+00 0.000000e+00
    outer loop
      vertex 5.500000e+00 2.200000e+00 4.550000e+01
      vertex 5.500000e+00 4.400000e+00 4.950000e+01
      vertex 5.500000e+00 2.200000e+00 4.950000e+01
    endloop
  endfacet
  facet normal 0.000000e+00 1.000000e+00 0.000000e+00
    outer loop
      vertex 5.500000e+00 4.400000e+00 4.550000e+01
      vertex 3.500000e+00 4.400000e+00 4.550000e+01
      vertex 3.500000e+00 4.400000e+00 4.950000e+01
    endloop
  endfacet
  facet normal 0.000000e+00 1.000000e+00 -0.000000e+00
    outer loop
      vertex 5.500000e+00 4.400000e+00 4.550000e+01
      vertex 3.500000e+00 4.400000e+00 4.950000e+01
      vertex 5.500000e+00 4.400000e+00 4.950000e+01
    endloop
  endfacet
  facet normal -1.000000e+00 0.000000e+00 0.000000e+00
    outer loop
      vertex 3.500000e+00 4.400000e+00 4.550000e+01
      vertex 3.500000e+00 2.200000e+00 4.550000e+01
      vertex 3.500000e+00 2.200000e+00 4.950000e+01
    endloop
  endfacet
  facet normal -1.000000e+00 0.000000e+00 0.000000e+00
    outer loop
      vertex 3.500000e+00 4.400000e+00 4.550000e+01
      vertex 3.500000e+00 2.200000e+00 4.950000e+01
      vertex 3.500000e+00 4.400000e+00 4.950000e+01
    endloop
  endfacet
  facet normal 0.000000e+00 0.000000e+00 -1.000000e+00
    outer loop
      vertex 3.500000e+00 -4.400000e+00 4.550000e+01
      vertex 3.500000e+00 -2.200000e+00 4.550000e+01
      vertex 5.500000e+00 -2.200000e+00 4.550000e+01
    endloop
  endfacet
  facet normal 0.000000e+00 0.000000e+00 -1.000000e+00
    outer loop
      vertex 3.500000e+00 -4.400000e+00 4.550000e+01
      vertex 5.500000e+00 -2.200000e+00 4.550000e+01
      vertex 5.500000e+00 -4.400000e+00 4.550000e+01
    endloop
  endfacet
  facet normal 0.000000e+00 0.000000e+00 1.000000e+00
    outer loop
      vertex 3.500000e+00 -4.400000e+00 4.950000e+01
      vertex 5.500000e+00 -4.400000e+00 4.950000e+01
      vertex 5.500000e+00 -2.200000e+00 4.950000e+01
    endloop
  endfacet
  facet normal 0.000000e+00 0.000000e+00 1.000000e+00
    outer loop
      vertex 3.500000e+00 -4.400000e+00 4.950000e+01
      vertex 5.500000e+00 -2.200000e+00 4.950000e+01
      vertex 3.500000e+00 -2.200000e+00 4.950000e+01
    endloop
  endfacet
  facet normal 0.000000e+00 -1.000000e+00 0.000000e+00
    outer loop
      vertex 3.500000e+00 -4.400000e+00 4.550000e+01
      vertex 5.500000e+00 -4.400000e+00 4.550000e+01
      vertex 5.500000e+00 -4.400000e+00 4.950000e+01
    endloop
  endfacet
  facet normal 0.000000e+00 -1.000000e+00 0.000000e+00
    outer loop
      vertex 3.500000e+00 -4.400000e+00 4.550000e+01
      vertex 5.500000e+00 -4.400000e+00 4.950000e+01
      vertex 3.500000e+00 -4.400000e+00 4.950000e+01
    endloop
  endfacet
  facet normal 1.000000e+00 0.000000e+00 0.000000e+00
    outer loop
      vertex 5.500000e+00 -4.400000e+00 4.550000e+01
      vertex 5.500000e+00 -2.200000e+00 4.550000e+01
      vertex 5.500000e+00 -2.200000e+00 4.950000e+01
    endloop
  endfacet
  facet normal 1.000000e+00 0.000000e+00 0.000000e+00
    outer loop
      vertex 5.500000e+00 -4.400000e+00 4.550000e+01
      vertex 5.500000e+00 -2.200000e+00 4.950000e+01
      vertex 5.500000e+00 -4.400000e+00 4.950000e+01
    endloop
  endfacet
  facet normal 0.000000e+00 1.000000e+00 0.000000e+00
    outer loop
      vertex 5.500000e+00 -2.200000e+00 4.550000e+01
      vertex 3.500000e+00 -2.200000e+00 4.550000e+01
      vertex 3.500000e+00 -2.200000e+00 4.950000e+01
    endloop
  endfacet
  facet normal 0.000000e+00 1.000000e+00 -0.000000e+00
    outer loop
      vertex 5.500000e+00 -2.200000e+00 4.550000e+01
      vertex 3.500000e+00 -2.200000e+00 4.950000e+01
      vertex 5.500000e+00 -2.200000e+00 4.950000e+01
    endloop
  endfacet
  facet normal -1.000000e+00 0.000000e+00 0.000000e+00
    outer loop
      vertex 3.500000e+00 -2.200000e+00 4.550000e+01
      vertex 3.500000e+00 -4.400000e+00 4.550000e+01
      vertex 3.500000e+00 -4.400000e+00 4.950000e+01
    endloop
  endfacet
  facet normal -1.000000e+00 0.000000e+00 0.000000e+00
    outer loop
      vertex 3.500000e+00 -2.200000e+00 4.550000e+01
      vertex 3.500000e+00 -4.400000e+00 4.950000e+01
      vertex 3.500000e+00 -2.200000e+00 4.950000e+01
    endloop
  endfacet
endsolid knight_unicorn
