solid pawn_warrior_gnome
  facet normal 9.914449e-01 1.305262e-01 0.000000e+00
    outer loop
      vertex 8.000000e+00 0.000000e+00 0.000000e+00
      vertex 7.727407e+00 2.070552e+00 0.000000e+00
      vertex 7.727407e+00 2.070552e+00 4.000000e+00
    endloop
  endfacet
  facet normal 9.914449e-01 1.305262e-01 -0.000000e+00
    outer loop
      vertex 8.000000e+00 0.000000e+00 0.000000e+00
      vertex 7.727407e+00 2.070552e+00 4.000000e+00
      vertex 8.000000e+00 0.000000e+00 4.000000e+00
    endloop
  endfacet
  facet normal 9.238795e-01 3.826834e-01 0.000000e+00
    outer loop
      vertex 7.727407e+00 2.070552e+00 0.000000e+00
      vertex 6.928203e+00 4.000000e+00 0.000000e+00
      vertex 6.928203e+00 4.000000e+00 4.000000e+00
    endloop
  endfacet
  facet normal 9.238795e-01 3.826834e-01 -0.000000e+00
    outer loop
      vertex 7.727407e+00 2.070552e+00 0.000000e+00
      vertex 6.928203e+00 4.000000e+00 4.000000e+00
      vertex 7.727407e+00 2.070552e+00 4.000000e+00
    endloop
  endfacet
  facet normal 7.933533e-01 6.087614e-01 0.000000e+00
    outer loop
      vertex 6.928203e+00 4.000000e+00 0.000000e+00
      vertex 5.656854e+00 5.656854e+00 0.000000e+00
      vertex 5.656854e+00 5.656854e+00 4.000000e+00
    endloop
  endfacet
  facet normal 7.933533e-01 6.087614e-01 -0.000000e+00
    outer loop
      vertex 6.928203e+00 4.000000e+00 0.000000e+00
      vertex 5.656854e+00 5.656854e+00 4.000000e+00
      vertex 6.928203e+00 4.000000e+00 4.000000e+00
    endloop
  endfacet
  facet normal 6.087614e-01 7.933533e-01 0.000000e+00
    outer loop
      vertex 5.656854e+00 5.656854e+00 0.000000e+00
      vertex 4.000000e+00 6.928203e+00 0.000000e+00
      vertex 4.000000e+00 6.928203e+00 4.000000e+00
    endloop
  endfacet
  facet normal 6.087614e-01 7.933533e-01 -0.000000e+00
    outer loop
      vertex 5.656854e+00 5.656854e+00 0.000000e+00
      vertex 4.000000e+00 6.928203e+00 4.000000e+00
      vertex 5.656854e+00 5.656854e+00 4.000000e+00
    endloop
  endfacet
  facet normal 3.826834e-01 9.238795e-01 0.000000e+00
    outer loop
      vertex 4.000000e+00 6.928203e+00 0.000000e+00
      vertex 2.070552e+00 7.727407e+00 0.000000e+00
      vertex 2.070552e+00 7.727407e+00 4.000000e+00
    endloop
  endfacet
  facet normal 3.826834e-01 9.238795e-01 -0.000000e+00
    outer loop
      vertex 4.000000e+00 6.928203e+00 0.000000e+00
      vertex 2.070552e+00 7.727407e+00 4.000000e+00
      vertex 4.000000e+00 6.928203e+00 4.000000e+00
    endloop
  endfacet
  facet normal 1.305262e-01 9.914449e-01 0.000000e+00
    outer loop
      vertex 2.070552e+00 7.727407e+00 0.000000e+00
      vertex 4.898587e-16 8.000000e+00 0.000000e+00
      vertex 4.898587e-16 8.000000e+00 4.000000e+00
    endloop
  endfacet
  facet normal 1.305262e-01 9.914449e-01 -0.000000e+00
    outer loop
      vertex 2.070552e+00 7.727407e+00 0.000000e+00
      vertex 4.898587e-16 8.000000e+00 4.000000e+00
      vertex 2.070552e+00 7.727407e+00 4.000000e+00
    endloop
  endfacet
  facet normal -1.305262e-01 9.914449e-01 0.000000e+00
    outer loop
      vertex 4.898587e-16 8.000000e+00 0.000000e+00
      vertex -2.070552e+00 7.727407e+00 0.000000e+00
      vertex -2.070552e+00 7.727407e+00 4.000000e+00
    endloop
  endfacet
  facet normal -1.305262e-01 9.914449e-01 0.000000e+00
    outer loop
      vertex 4.898587e-16 8.000000e+00 0.000000e+00
      vertex -2.070552e+00 7.727407e+00 4.000000e+00
      vertex 4.898587e-16 8.000000e+00 4.000000e+00
    endloop
  endfacet
  facet normal -3.826834e-01 9.238795e-01 0.000000e+00
    outer loop
      vertex -2.070552e+00 7.727407e+00 0.000000e+00
      vertex -4.000000e+00 6.928203e+00 0.000000e+00
      vertex -4.000000e+00 6.928203e+00 4.000000e+00
    endloop
  endfacet
  facet normal -3.826834e-01 9.238795e-01 0.000000e+00
    outer loop
      vertex -2.070552e+00 7.727407e+00 0.000000e+00
      vertex -4.000000e+00 6.928203e+00 4.000000e+00
      vertex -2.070552e+00 7.727407e+00 4.000000e+00
    endloop
  endfacet
  facet normal -6.087614e-01 7.933533e-01 0.000000e+00
    outer loop
      vertex -4.000000e+00 6.928203e+00 0.000000e+00
      vertex -5.656854e+00 5.656854e+00 0.000000e+00
      vertex -5.656854e+00 5.656854e+00 4.000000e+00
    endloop
  endfacet
  facet normal -6.087614e-01 7.933533e-01 0.000000e+00
    outer loop
      vertex -4.000000e+00 6.928203e+00 0.000000e+00
      vertex -5.656854e+00 5.656854e+00 4.000000e+00
      vertex -4.000000e+00 6.928203e+00 4.000000e+00
    endloop
  endfacet
  facet normal -7.933533e-01 6.087614e-01 0.000000e+00
    outer loop
      vertex -5.656854e+00 5.656854e+00 0.000000e+00
      vertex -6.928203e+00 4.000000e+00 0.000000e+00
      vertex -6.928203e+00 4.000000e+00 4.000000e+00
    endloop
  endfacet
  facet normal -7.933533e-01 6.087614e-01 0.000000e+00
    outer loop
      vertex -5.656854e+00 5.656854e+00 0.000000e+00
      vertex -6.928203e+00 4.000000e+00 4.000000e+00
      vertex -5.656854e+00 5.656854e+00 4.000000e+00
    endloop
  endfacet
  facet normal -9.238795e-01 3.826834e-01 0.000000e+00
    outer loop
      vertex -6.928203e+00 4.000000e+00 0.000000e+00
      vertex -7.727407e+00 2.070552e+00 0.000000e+00
      vertex -7.727407e+00 2.070552e+00 4.000000e+00
    endloop
  endfacet
  facet normal -9.238795e-01 3.826834e-01 0.000000e+00
    outer loop
      vertex -6.928203e+00 4.000000e+00 0.000000e+00
      vertex -7.727407e+00 2.070552e+00 4.000000e+00
      vertex -6.928203e+00 4.000000e+00 4.000000e+00
    endloop
  endfacet
  facet normal -9.914449e-01 1.305262e-01 0.000000e+00
    outer loop
      vertex -7.727407e+00 2.070552e+00 0.000000e+00
      vertex -8.000000e+00 9.797174e-16 0.000000e+00
      vertex -8.000000e+00 9.797174e-16 4.000000e+00
    endloop
  endfacet
  facet normal -9.914449e-01 1.305262e-01 0.000000e+00
    outer loop
      vertex -7.727407e+00 2.070552e+00 0.000000e+00
      vertex -8.000000e+00 9.797174e-16 4.000000e+00
      vertex -7.727407e+00 2.070552e+00 4.000000e+00
    endloop
  endfacet
  facet normal -9.914449e-01 -1.305262e-01 0.000000e+00
    outer loop
      vertex -8.000000e+00 9.797174e-16 0.000000e+00
      vertex -7.727407e+00 -2.070552e+00 0.000000e+00
      vertex -7.727407e+00 -2.070552e+00 4.000000e+00
    endloop
  endfacet
  facet normal -9.914449e-01 -1.305262e-01 0.000000e+00
    outer loop
      vertex -8.000000e+00 9.797174e-16 0.000000e+00
      vertex -7.727407e+00 -2.070552e+00 4.000000e+00
      vertex -8.000000e+00 9.797174e-16 4.000000e+00
    endloop
  endfacet
  facet normal -9.238795e-01 -3.826834e-01 0.000000e+00
    outer loop
      vertex -7.727407e+00 -2.070552e+00 0.000000e+00
      vertex -6.928203e+00 -4.000000e+00 0.000000e+00
      vertex -6.928203e+00 -4.000000e+00 4.000000e+00
    endloop
  endfacet
  facet normal -9.238795e-01 -3.826834e-01 0.000000e+00
    outer loop
      vertex -7.727407e+00 -2.070552e+00 0.000000e+00
      vertex -6.928203e+00 -4.000000e+00 4.000000e+00
      vertex -7.727407e+00 -2.070552e+00 4.000000e+00
    endloop
  endfacet
  facet normal -7.933533e-01 -6.087614e-01 0.000000e+00
    outer loop
      vertex -6.928203e+00 -4.000000e+00 0.000000e+00
      vertex -5.656854e+00 -5.656854e+00 0.000000e+00
      vertex -5.656854e+00 -5.656854e+00 4.000000e+00
    endloop
  endfacet
  facet normal -7.933533e-01 -6.087614e-01 0.000000e+00
    outer loop
      vertex -6.928203e+00 -4.000000e+00 0.000000e+00
      vertex -5.656854e+00 -5.656854e+00 4.000000e+00
      vertex -6.928203e+00 -4.000000e+00 4.000000e+00
    endloop
  endfacet
  facet normal -6.087614e-01 -7.933533e-01 0.000000e+00
    outer loop
      vertex -5.656854e+00 -5.656854e+00 0.000000e+00
      vertex -4.000000e+00 -6.928203e+00 0.000000e+00
      vertex -4.000000e+00 -6.928203e+00 4.000000e+00
    endloop
  endfacet
  facet normal -6.087614e-01 -7.933533e-01 0.000000e+00
    outer loop
      vertex -5.656854e+00 -5.656854e+00 0.000000e+00
      vertex -4.000000e+00 -6.928203e+00 4.000000e+00
      vertex -5.656854e+00 -5.656854e+00 4.000000e+00
    endloop
  endfacet
  facet normal -3.826834e-01 -9.238795e-01 0.000000e+00
    outer loop
      vertex -4.000000e+00 -6.928203e+00 0.000000e+00
      vertex -2.070552e+00 -7.727407e+00 0.000000e+00
      vertex -2.070552e+00 -7.727407e+00 4.000000e+00
    endloop
  endfacet
  facet normal -3.826834e-01 -9.238795e-01 0.000000e+00
    outer loop
      vertex -4.000000e+00 -6.928203e+00 0.000000e+00
      vertex -2.070552e+00 -7.727407e+00 4.000000e+00
      vertex -4.000000e+00 -6.928203e+00 4.000000e+00
    endloop
  endfacet
  facet normal -1.305262e-01 -9.914449e-01 0.000000e+00
    outer loop
      vertex -2.070552e+00 -7.727407e+00 0.000000e+00
      vertex -1.469576e-15 -8.000000e+00 0.000000e+00
      vertex -1.469576e-15 -8.000000e+00 4.000000e+00
    endloop
  endfacet
  facet normal -1.305262e-01 -9.914449e-01 0.000000e+00
    outer loop
      vertex -2.070552e+00 -7.727407e+00 0.000000e+00
      vertex -1.469576e-15 -8.000000e+00 4.000000e+00
      vertex -2.070552e+00 -7.727407e+00 4.000000e+00
    endloop
  endfacet
  facet normal 1.305262e-01 -9.914449e-01 0.000000e+00
    outer loop
      vertex -1.469576e-15 -8.000000e+00 0.000000e+00
      vertex 2.070552e+00 -7.727407e+00 0.000000e+00
      vertex 2.070552e+00 -7.727407e+00 4.000000e+00
    endloop
  endfacet
  facet normal 1.305262e-01 -9.914449e-01 0.000000e+00
    outer loop
      vertex -1.469576e-15 -8.000000e+00 0.000000e+00
      vertex 2.070552e+00 -7.727407e+00 4.000000e+00
      vertex -1.469576e-15 -8.000000e+00 4.000000e+00
    endloop
  endfacet
  facet normal 3.826834e-01 -9.238795e-01 0.000000e+00
    outer loop
      vertex 2.070552e+00 -7.727407e+00 0.000000e+00
      vertex 4.000000e+00 -6.928203e+00 0.000000e+00
      vertex 4.000000e+00 -6.928203e+00 4.000000e+00
    endloop
  endfacet
  facet normal 3.826834e-01 -9.238795e-01 0.000000e+00
    outer loop
      vertex 2.070552e+00 -7.727407e+00 0.000000e+00
      vertex 4.000000e+00 -6.928203e+00 4.000000e+00
      vertex 2.070552e+00 -7.727407e+00 4.000000e+00
    endloop
  endfacet
  facet normal 6.087614e-01 -7.933533e-01 0.000000e+00
    outer loop
      vertex 4.000000e+00 -6.928203e+00 0.000000e+00
      vertex 5.656854e+00 -5.656854e+00 0.000000e+00
      vertex 5.656854e+00 -5.656854e+00 4.000000e+00
    endloop
  endfacet
  facet normal 6.087614e-01 -7.933533e-01 0.000000e+00
    outer loop
      vertex 4.000000e+00 -6.928203e+00 0.000000e+00
      vertex 5.656854e+00 -5.656854e+00 4.000000e+00
      vertex 4.000000e+00 -6.928203e+00 4.000000e+00
    endloop
  endfacet
  facet normal 7.933533e-01 -6.087614e-01 0.000000e+00
    outer loop
      vertex 5.656854e+00 -5.656854e+00 0.000000e+00
      vertex 6.928203e+00 -4.000000e+00 0.000000e+00
      vertex 6.928203e+00 -4.000000e+00 4.000000e+00
    endloop
  endfacet
  facet normal 7.933533e-01 -6.087614e-01 0.000000e+00
    outer loop
      vertex 5.656854e+00 -5.656854e+00 0.000000e+00
      vertex 6.928203e+00 -4.000000e+00 4.000000e+00
      vertex 5.656854e+00 -5.656854e+00 4.000000e+00
    endloop
  endfacet
  facet normal 9.238795e-01 -3.826834e-01 0.000000e+00
    outer loop
      vertex 6.928203e+00 -4.000000e+00 0.000000e+00
      vertex 7.727407e+00 -2.070552e+00 0.000000e+00
      vertex 7.727407e+00 -2.070552e+00 4.000000e+00
    endloop
  endfacet
  facet normal 9.238795e-01 -3.826834e-01 0.000000e+00
    outer loop
      vertex 6.928203e+00 -4.000000e+00 0.000000e+00
      vertex 7.727407e+00 -2.070552e+00 4.000000e+00
      vertex 6.928203e+00 -4.000000e+00 4.000000e+00
    endloop
  endfacet
  facet normal 9.914449e-01 -1.305262e-01 0.000000e+00
    outer loop
      vertex 7.727407e+00 -2.070552e+00 0.000000e+00
      vertex 8.000000e+00 0.000000e+00 0.000000e+00
      vertex 8.000000e+00 0.000000e+00 4.000000e+00
    endloop
  endfacet
  facet normal 9.914449e-01 -1.305262e-01 0.000000e+00
    outer loop
      vertex 7.727407e+00 -2.070552e+00 0.000000e+00
      vertex 8.000000e+00 0.000000e+00 4.000000e+00
      vertex 7.727407e+00 -2.070552e+00 4.000000e+00
    endloop
  endfacet
  facet normal 7.955995e-01 1.047427e-01 5.966996e-01
    outer loop
      vertex 8.000000e+00 0.000000e+00 4.000000e+00
      vertex 7.727407e+00 2.070552e+00 4.000000e+00
      vertex 7.147851e+00 1.915261e+00 4.800000e+00
    endloop
  endfacet
  facet normal 7.955995e-01 1.047427e-01 5.966996e-01
    outer loop
      vertex 8.000000e+00 0.000000e+00 4.000000e+00
      vertex 7.147851e+00 1.915261e+00 4.800000e+00
      vertex 7.400000e+00 0.000000e+00 4.800000e+00
    endloop
  endfacet
  facet normal 7.413807e-01 3.070899e-01 5.966996e-01
    outer loop
      vertex 7.727407e+00 2.070552e+00 4.000000e+00
      vertex 6.928203e+00 4.000000e+00 4.000000e+00
      vertex 6.408588e+00 3.700000e+00 4.800000e+00
    endloop
  endfacet
  facet normal 7.413807e-01 3.070899e-01 5.966996e-01
    outer loop
      vertex 7.727407e+00 2.070552e+00 4.000000e+00
      vertex 6.408588e+00 3.700000e+00 4.800000e+00
      vertex 7.147851e+00 1.915261e+00 4.800000e+00
    endloop
  endfacet
  facet normal 6.366380e-01 4.885095e-01 5.966996e-01
    outer loop
      vertex 6.928203e+00 4.000000e+00 4.000000e+00
      vertex 5.656854e+00 5.656854e+00 4.000000e+00
      vertex 5.232590e+00 5.232590e+00 4.800000e+00
    endloop
  endfacet
  facet normal 6.366380e-01 4.885095e-01 5.966996e-01
    outer loop
      vertex 6.928203e+00 4.000000e+00 4.000000e+00
      vertex 5.232590e+00 5.232590e+00 4.800000e+00
      vertex 6.408588e+00 3.700000e+00 4.800000e+00
    endloop
  endfacet
  facet normal 4.885095e-01 6.366380e-01 5.966996e-01
    outer loop
      vertex 5.656854e+00 5.656854e+00 4.000000e+00
      vertex 4.000000e+00 6.928203e+00 4.000000e+00
      vertex 3.700000e+00 6.408588e+00 4.800000e+00
    endloop
  endfacet
  facet normal 4.885095e-01 6.366380e-01 5.966996e-01
    outer loop
      vertex 5.656854e+00 5.656854e+00 4.000000e+00
      vertex 3.700000e+00 6.408588e+00 4.800000e+00
      vertex 5.232590e+00 5.232590e+00 4.800000e+00
    endloop
  endfacet
  facet normal 3.070899e-01 7.413807e-01 5.966996e-01
    outer loop
      vertex 4.000000e+00 6.928203e+00 4.000000e+00
      vertex 2.070552e+00 7.727407e+00 4.000000e+00
      vertex 1.915261e+00 7.147851e+00 4.800000e+00
    endloop
  endfacet
  facet normal 3.070899e-01 7.413807e-01 5.966996e-01
    outer loop
      vertex 4.000000e+00 6.928203e+00 4.000000e+00
      vertex 1.915261e+00 7.147851e+00 4.800000e+00
      vertex 3.700000e+00 6.408588e+00 4.800000e+00
    endloop
  endfacet
  facet normal 1.047427e-01 7.955995e-01 5.966996e-01
    outer loop
      vertex 2.070552e+00 7.727407e+00 4.000000e+00
      vertex 4.898587e-16 8.000000e+00 4.000000e+00
      vertex 4.531193e-16 7.400000e+00 4.800000e+00
    endloop
  endfacet
  facet normal 1.047427e-01 7.955995e-01 5.966996e-01
    outer loop
      vertex 2.070552e+00 7.727407e+00 4.000000e+00
      vertex 4.531193e-16 7.400000e+00 4.800000e+00
      vertex 1.915261e+00 7.147851e+00 4.800000e+00
    endloop
  endfacet
  facet normal -1.047427e-01 7.955995e-01 5.966996e-01
    outer loop
      vertex 4.898587e-16 8.000000e+00 4.000000e+00
      vertex -2.070552e+00 7.727407e+00 4.000000e+00
      vertex -1.915261e+00 7.147851e+00 4.800000e+00
    endloop
  endfacet
  facet normal -1.047427e-01 7.955995e-01 5.966996e-01
    outer loop
      vertex 4.898587e-16 8.000000e+00 4.000000e+00
      vertex -1.915261e+00 7.147851e+00 4.800000e+00
      vertex 4.531193e-16 7.400000e+00 4.800000e+00
    endloop
  endfacet
  facet normal -3.070899e-01 7.413807e-01 5.966996e-01
    outer loop
      vertex -2.070552e+00 7.727407e+00 4.000000e+00
      vertex -4.000000e+00 6.928203e+00 4.000000e+00
      vertex -3.700000e+00 6.408588e+00 4.800000e+00
    endloop
  endfacet
  facet normal -3.070899e-01 7.413807e-01 5.966996e-01
    outer loop
      vertex -2.070552e+00 7.727407e+00 4.000000e+00
      vertex -3.700000e+00 6.408588e+00 4.800000e+00
      vertex -1.915261e+00 7.147851e+00 4.800000e+00
    endloop
  endfacet
  facet normal -4.885095e-01 6.366380e-01 5.966996e-01
    outer loop
      vertex -4.000000e+00 6.928203e+00 4.000000e+00
      vertex -5.656854e+00 5.656854e+00 4.000000e+00
      vertex -5.232590e+00 5.232590e+00 4.800000e+00
    endloop
  endfacet
  facet normal -4.885095e-01 6.366380e-01 5.966996e-01
    outer loop
      vertex -4.000000e+00 6.928203e+00 4.000000e+00
      vertex -5.232590e+00 5.232590e+00 4.800000e+00
      vertex -3.700000e+00 6.408588e+00 4.800000e+00
    endloop
  endfacet
  facet normal -6.366380e-01 4.885095e-01 5.966996e-01
    outer loop
      vertex -5.656854e+00 5.656854e+00 4.000000e+00
      vertex -6.928203e+00 4.000000e+00 4.000000e+00
      vertex -6.408588e+00 3.700000e+00 4.800000e+00
    endloop
  endfacet
  facet normal -6.366380e-01 4.885095e-01 5.966996e-01
    outer loop
      vertex -5.656854e+00 5.656854e+00 4.000000e+00
      vertex -6.408588e+00 3.700000e+00 4.800000e+00
      vertex -5.232590e+00 5.232590e+00 4.800000e+00
    endloop
  endfacet
  facet normal -7.413807e-01 3.070899e-01 5.966996e-01
    outer loop
      vertex -6.928203e+00 4.000000e+00 4.000000e+00
      vertex -7.727407e+00 2.070552e+00 4.000000e+00
      vertex -7.147851e+00 1.915261e+00 4.800000e+00
    endloop
  endfacet
  facet normal -7.413807e-01 3.070899e-01 5.966996e-01
    outer loop
      vertex -6.928203e+00 4.000000e+00 4.000000e+00
      vertex -7.147851e+00 1.915261e+00 4.800000e+00
      vertex -6.408588e+00 3.700000e+00 4.800000e+00
    endloop
  endfacet
  facet normal -7.955995e-01 1.047427e-01 5.966996e-01
    outer loop
      vertex -7.727407e+00 2.070552e+00 4.000000e+00
      vertex -8.000000e+00 9.797174e-16 4.000000e+00
      vertex -7.400000e+00 9.062386e-16 4.800000e+00
    endloop
  endfacet
  facet normal -7.955995e-01 1.047427e-01 5.966996e-01
    outer loop
      vertex -7.727407e+00 2.070552e+00 4.000000e+00
      vertex -7.400000e+00 9.062386e-16 4.800000e+00
      vertex -7.147851e+00 1.915261e+00 4.800000e+00
    endloop
  endfacet
  facet normal -7.955995e-01 -1.047427e-01 5.966996e-01
    outer loop
      vertex -8.000000e+00 9.797174e-16 4.000000e+00
      vertex -7.727407e+00 -2.070552e+00 4.000000e+00
      vertex -7.147851e+00 -1.915261e+00 4.800000e+00
    endloop
  endfacet
  facet normal -7.955995e-01 -1.047427e-01 5.966996e-01
    outer loop
      vertex -8.000000e+00 9.797174e-16 4.000000e+00
      vertex -7.147851e+00 -1.915261e+00 4.800000e+00
      vertex -7.400000e+00 9.062386e-16 4.800000e+00
    endloop
  endfacet
  facet normal -7.413807e-01 -3.070899e-01 5.966996e-01
    outer loop
      vertex -7.727407e+00 -2.070552e+00 4.000000e+00
      vertex -6.928203e+00 -4.000000e+00 4.000000e+00
      vertex -6.408588e+00 -3.700000e+00 4.800000e+00
    endloop
  endfacet
  facet normal -7.413807e-01 -3.070899e-01 5.966996e-01
    outer loop
      vertex -7.727407e+00 -2.070552e+00 4.000000e+00
      vertex -6.408588e+00 -3.700000e+00 4.800000e+00
      vertex -7.147851e+00 -1.915261e+00 4.800000e+00
    endloop
  endfacet
  facet normal -6.366380e-01 -4.885095e-01 5.966996e-01
    outer loop
      vertex -6.928203e+00 -4.000000e+00 4.000000e+00
      vertex -5.656854e+00 -5.656854e+00 4.000000e+00
      vertex -5.232590e+00 -5.232590e+00 4.800000e+00
    endloop
  endfacet
  facet normal -6.366380e-01 -4.885095e-01 5.966996e-01
    outer loop
      vertex -6.928203e+00 -4.000000e+00 4.000000e+00
      vertex -5.232590e+00 -5.232590e+00 4.800000e+00
      vertex -6.408588e+00 -3.700000e+00 4.800000e+00
    endloop
  endfacet
  facet normal -4.885095e-01 -6.366380e-01 5.966996e-01
    outer loop
      vertex -5.656854e+00 -5.656854e+00 4.000000e+00
      vertex -4.000000e+00 -6.928203e+00 4.000000e+00
      vertex -3.700000e+00 -6.408588e+00 4.800000e+00
    endloop
  endfacet
  facet normal -4.885095e-01 -6.366380e-01 5.966996e-01
    outer loop
      vertex -5.656854e+00 -5.656854e+00 4.000000e+00
      vertex -3.700000e+00 -6.408588e+00 4.800000e+00
      vertex -5.232590e+00 -5.232590e+00 4.800000e+00
    endloop
  endfacet
  facet normal -3.070899e-01 -7.413807e-01 5.966996e-01
    outer loop
      vertex -4.000000e+00 -6.928203e+00 4.000000e+00
      vertex -2.070552e+00 -7.727407e+00 4.000000e+00
      vertex -1.915261e+00 -7.147851e+00 4.800000e+00
    endloop
  endfacet
  facet normal -3.070899e-01 -7.413807e-01 5.966996e-01
    outer loop
      vertex -4.000000e+00 -6.928203e+00 4.000000e+00
      vertex -1.915261e+00 -7.147851e+00 4.800000e+00
      vertex -3.700000e+00 -6.408588e+00 4.800000e+00
    endloop
  endfacet
  facet normal -1.047427e-01 -7.955995e-01 5.966996e-01
    outer loop
      vertex -2.070552e+00 -7.727407e+00 4.000000e+00
      vertex -1.469576e-15 -8.000000e+00 4.000000e+00
      vertex -1.359358e-15 -7.400000e+00 4.800000e+00
    endloop
  endfacet
  facet normal -1.047427e-01 -7.955995e-01 5.966996e-01
    outer loop
      vertex -2.070552e+00 -7.727407e+00 4.000000e+00
      vertex -1.359358e-15 -7.400000e+00 4.800000e+00
      vertex -1.915261e+00 -7.147851e+00 4.800000e+00
    endloop
  endfacet
  facet normal 1.047427e-01 -7.955995e-01 5.966996e-01
    outer loop
      vertex -1.469576e-15 -8.000000e+00 4.000000e+00
      vertex 2.070552e+00 -7.727407e+00 4.000000e+00
      vertex 1.915261e+00 -7.147851e+00 4.800000e+00
    endloop
  endfacet
  facet normal 1.047427e-01 -7.955995e-01 5.966996e-01
    outer loop
      vertex -1.469576e-15 -8.000000e+00 4.000000e+00
      vertex 1.915261e+00 -7.147851e+00 4.800000e+00
      vertex -1.359358e-15 -7.400000e+00 4.800000e+00
    endloop
  endfacet
  facet normal 3.070899e-01 -7.413807e-01 5.966996e-01
    outer loop
      vertex 2.070552e+00 -7.727407e+00 4.000000e+00
      vertex 4.000000e+00 -6.928203e+00 4.000000e+00
      vertex 3.700000e+00 -6.408588e+00 4.800000e+00
    endloop
  endfacet
  facet normal 3.070899e-01 -7.413807e-01 5.966996e-01
    outer loop
      vertex 2.070552e+00 -7.727407e+00 4.000000e+00
      vertex 3.700000e+00 -6.408588e+00 4.800000e+00
      vertex 1.915261e+00 -7.147851e+00 4.800000e+00
    endloop
  endfacet
  facet normal 4.885095e-01 -6.366380e-01 5.966996e-01
    outer loop
      vertex 4.000000e+00 -6.928203e+00 4.000000e+00
      vertex 5.656854e+00 -5.656854e+00 4.000000e+00
      vertex 5.232590e+00 -5.232590e+00 4.800000e+00
    endloop
  endfacet
  facet normal 4.885095e-01 -6.366380e-01 5.966996e-01
    outer loop
      vertex 4.000000e+00 -6.928203e+00 4.000000e+00
      vertex 5.232590e+00 -5.232590e+00 4.800000e+00
      vertex 3.700000e+00 -6.408588e+00 4.800000e+00
    endloop
  endfacet
  facet normal 6.366380e-01 -4.885095e-01 5.966996e-01
    outer loop
      vertex 5.656854e+00 -5.656854e+00 4.000000e+00
      vertex 6.928203e+00 -4.000000e+00 4.000000e+00
      vertex 6.408588e+00 -3.700000e+00 4.800000e+00
    endloop
  endfacet
  facet normal 6.366380e-01 -4.885095e-01 5.966996e-01
    outer loop
      vertex 5.656854e+00 -5.656854e+00 4.000000e+00
      vertex 6.408588e+00 -3.700000e+00 4.800000e+00
      vertex 5.232590e+00 -5.232590e+00 4.800000e+00
    endloop
  endfacet
  facet normal 7.413807e-01 -3.070899e-01 5.966996e-01
    outer loop
      vertex 6.928203e+00 -4.000000e+00 4.000000e+00
      vertex 7.727407e+00 -2.070552e+00 4.000000e+00
      vertex 7.147851e+00 -1.915261e+00 4.800000e+00
    endloop
  endfacet
  facet normal 7.413807e-01 -3.070899e-01 5.966996e-01
    outer loop
      vertex 6.928203e+00 -4.000000e+00 4.000000e+00
      vertex 7.147851e+00 -1.915261e+00 4.800000e+00
      vertex 6.408588e+00 -3.700000e+00 4.800000e+00
    endloop
  endfacet
  facet normal 7.955995e-01 -1.047427e-01 5.966996e-01
    outer loop
      vertex 7.727407e+00 -2.070552e+00 4.000000e+00
      vertex 8.000000e+00 0.000000e+00 4.000000e+00
      vertex 7.400000e+00 0.000000e+00 4.800000e+00
    endloop
  endfacet
  facet normal 7.955995e-01 -1.047427e-01 5.966996e-01
    outer loop
      vertex 7.727407e+00 -2.070552e+00 4.000000e+00
      vertex 7.400000e+00 0.000000e+00 4.800000e+00
      vertex 7.147851e+00 -1.915261e+00 4.800000e+00
    endloop
  endfacet
  facet normal 5.913983e-01 7.785906e-02 8.026120e-01
    outer loop
      vertex 7.400000e+00 0.000000e+00 4.800000e+00
      vertex 7.147851e+00 1.915261e+00 4.800000e+00
      vertex 5.312592e+00 1.423505e+00 6.200000e+00
    endloop
  endfacet
  facet normal 5.913983e-01 7.785906e-02 8.026120e-01
    outer loop
      vertex 7.400000e+00 0.000000e+00 4.800000e+00
      vertex 5.312592e+00 1.423505e+00 6.200000e+00
      vertex 5.500000e+00 0.000000e+00 6.200000e+00
    endloop
  endfacet
  facet normal 5.510955e-01 2.282712e-01 8.026120e-01
    outer loop
      vertex 7.147851e+00 1.915261e+00 4.800000e+00
      vertex 6.408588e+00 3.700000e+00 4.800000e+00
      vertex 4.763140e+00 2.750000e+00 6.200000e+00
    endloop
  endfacet
  facet normal 5.510955e-01 2.282712e-01 8.026120e-01
    outer loop
      vertex 7.147851e+00 1.915261e+00 4.800000e+00
      vertex 4.763140e+00 2.750000e+00 6.200000e+00
      vertex 5.312592e+00 1.423505e+00 6.200000e+00
    endloop
  endfacet
  facet normal 4.732364e-01 3.631271e-01 8.026120e-01
    outer loop
      vertex 6.408588e+00 3.700000e+00 4.800000e+00
      vertex 5.232590e+00 5.232590e+00 4.800000e+00
      vertex 3.889087e+00 3.889087e+00 6.200000e+00
    endloop
  endfacet
  facet normal 4.732364e-01 3.631271e-01 8.026120e-01
    outer loop
      vertex 6.408588e+00 3.700000e+00 4.800000e+00
      vertex 3.889087e+00 3.889087e+00 6.200000e+00
      vertex 4.763140e+00 2.750000e+00 6.200000e+00
    endloop
  endfacet
  facet normal 3.631271e-01 4.732364e-01 8.026120e-01
    outer loop
      vertex 5.232590e+00 5.232590e+00 4.800000e+00
      vertex 3.700000e+00 6.408588e+00 4.800000e+00
      vertex 2.750000e+00 4.763140e+00 6.200000e+00
    endloop
  endfacet
  facet normal 3.631271e-01 4.732364e-01 8.026120e-01
    outer loop
      vertex 5.232590e+00 5.232590e+00 4.800000e+00
      vertex 2.750000e+00 4.763140e+00 6.200000e+00
      vertex 3.889087e+00 3.889087e+00 6.200000e+00
    endloop
  endfacet
  facet normal 2.282712e-01 5.510955e-01 8.026120e-01
    outer loop
      vertex 3.700000e+00 6.408588e+00 4.800000e+00
      vertex 1.915261e+00 7.147851e+00 4.800000e+00
      vertex 1.423505e+00 5.312592e+00 6.200000e+00
    endloop
  endfacet
  facet normal 2.282712e-01 5.510955e-01 8.026120e-01
    outer loop
      vertex 3.700000e+00 6.408588e+00 4.800000e+00
      vertex 1.423505e+00 5.312592e+00 6.200000e+00
      vertex 2.750000e+00 4.763140e+00 6.200000e+00
    endloop
  endfacet
  facet normal 7.785906e-02 5.913983e-01 8.026120e-01
    outer loop
      vertex 1.915261e+00 7.147851e+00 4.800000e+00
      vertex 4.531193e-16 7.400000e+00 4.800000e+00
      vertex 3.367779e-16 5.500000e+00 6.200000e+00
    endloop
  endfacet
  facet normal 7.785906e-02 5.913983e-01 8.026120e-01
    outer loop
      vertex 1.915261e+00 7.147851e+00 4.800000e+00
      vertex 3.367779e-16 5.500000e+00 6.200000e+00
      vertex 1.423505e+00 5.312592e+00 6.200000e+00
    endloop
  endfacet
  facet normal -7.785906e-02 5.913983e-01 8.026120e-01
    outer loop
      vertex 4.531193e-16 7.400000e+00 4.800000e+00
      vertex -1.915261e+00 7.147851e+00 4.800000e+00
      vertex -1.423505e+00 5.312592e+00 6.200000e+00
    endloop
  endfacet
  facet normal -7.785906e-02 5.913983e-01 8.026120e-01
    outer loop
      vertex 4.531193e-16 7.400000e+00 4.800000e+00
      vertex -1.423505e+00 5.312592e+00 6.200000e+00
      vertex 3.367779e-16 5.500000e+00 6.200000e+00
    endloop
  endfacet
  facet normal -2.282712e-01 5.510955e-01 8.026120e-01
    outer loop
      vertex -1.915261e+00 7.147851e+00 4.800000e+00
      vertex -3.700000e+00 6.408588e+00 4.800000e+00
      vertex -2.750000e+00 4.763140e+00 6.200000e+00
    endloop
  endfacet
  facet normal -2.282712e-01 5.510955e-01 8.026120e-01
    outer loop
      vertex -1.915261e+00 7.147851e+00 4.800000e+00
      vertex -2.750000e+00 4.763140e+00 6.200000e+00
      vertex -1.423505e+00 5.312592e+00 6.200000e+00
    endloop
  endfacet
  facet normal -3.631271e-01 4.732364e-01 8.026120e-01
    outer loop
      vertex -3.700000e+00 6.408588e+00 4.800000e+00
      vertex -5.232590e+00 5.232590e+00 4.800000e+00
      vertex -3.889087e+00 3.889087e+00 6.200000e+00
    endloop
  endfacet
  facet normal -3.631271e-01 4.732364e-01 8.026120e-01
    outer loop
      vertex -3.700000e+00 6.408588e+00 4.800000e+00
      vertex -3.889087e+00 3.889087e+00 6.200000e+00
      vertex -2.750000e+00 4.763140e+00 6.200000e+00
    endloop
  endfacet
  facet normal -4.732364e-01 3.631271e-01 8.026120e-01
    outer loop
      vertex -5.232590e+00 5.232590e+00 4.800000e+00
      vertex -6.408588e+00 3.700000e+00 4.800000e+00
      vertex -4.763140e+00 2.750000e+00 6.200000e+00
    endloop
  endfacet
  facet normal -4.732364e-01 3.631271e-01 8.026120e-01
    outer loop
      vertex -5.232590e+00 5.232590e+00 4.800000e+00
      vertex -4.763140e+00 2.750000e+00 6.200000e+00
      vertex -3.889087e+00 3.889087e+00 6.200000e+00
    endloop
  endfacet
  facet normal -5.510955e-01 2.282712e-01 8.026120e-01
    outer loop
      vertex -6.408588e+00 3.700000e+00 4.800000e+00
      vertex -7.147851e+00 1.915261e+00 4.800000e+00
      vertex -5.312592e+00 1.423505e+00 6.200000e+00
    endloop
  endfacet
  facet normal -5.510955e-01 2.282712e-01 8.026120e-01
    outer loop
      vertex -6.408588e+00 3.700000e+00 4.800000e+00
      vertex -5.312592e+00 1.423505e+00 6.200000e+00
      vertex -4.763140e+00 2.750000e+00 6.200000e+00
    endloop
  endfacet
  facet normal -5.913983e-01 7.785906e-02 8.026120e-01
    outer loop
      vertex -7.147851e+00 1.915261e+00 4.800000e+00
      vertex -7.400000e+00 9.062386e-16 4.800000e+00
      vertex -5.500000e+00 6.735557e-16 6.200000e+00
    endloop
  endfacet
  facet normal -5.913983e-01 7.785906e-02 8.026120e-01
    outer loop
      vertex -7.147851e+00 1.915261e+00 4.800000e+00
      vertex -5.500000e+00 6.735557e-16 6.200000e+00
      vertex -5.312592e+00 1.423505e+00 6.200000e+00
    endloop
  endfacet
  facet normal -5.913983e-01 -7.785906e-02 8.026120e-01
    outer loop
      vertex -7.400000e+00 9.062386e-16 4.800000e+00
      vertex -7.147851e+00 -1.915261e+00 4.800000e+00
      vertex -5.312592e+00 -1.423505e+00 6.200000e+00
    endloop
  endfacet
  facet normal -5.913983e-01 -7.785906e-02 8.026120e-01
    outer loop
      vertex -7.400000e+00 9.062386e-16 4.800000e+00
      vertex -5.312592e+00 -1.423505e+00 6.200000e+00
      vertex -5.500000e+00 6.735557e-16 6.200000e+00
    endloop
  endfacet
  facet normal -5.510955e-01 -2.282712e-01 8.026120e-01
    outer loop
      vertex -7.147851e+00 -1.915261e+00 4.800000e+00
      vertex -6.408588e+00 -3.700000e+00 4.800000e+00
      vertex -4.763140e+00 -2.750000e+00 6.200000e+00
    endloop
  endfacet
  facet normal -5.510955e-01 -2.282712e-01 8.026120e-01
    outer loop
      vertex -7.147851e+00 -1.915261e+00 4.800000e+00
      vertex -4.763140e+00 -2.750000e+00 6.200000e+00
      vertex -5.312592e+00 -1.423505e+00 6.200000e+00
    endloop
  endfacet
  facet normal -4.732364e-01 -3.631271e-01 8.026120e-01
    outer loop
      vertex -6.408588e+00 -3.700000e+00 4.800000e+00
      vertex -5.232590e+00 -5.232590e+00 4.800000e+00
      vertex -3.889087e+00 -3.889087e+00 6.200000e+00
    endloop
  endfacet
  facet normal -4.732364e-01 -3.631271e-01 8.026120e-01
    outer loop
      vertex -6.408588e+00 -3.700000e+00 4.800000e+00
      vertex -3.889087e+00 -3.889087e+00 6.200000e+00
      vertex -4.763140e+00 -2.750000e+00 6.200000e+00
    endloop
  endfacet
  facet normal -3.631271e-01 -4.732364e-01 8.026120e-01
    outer loop
      vertex -5.232590e+00 -5.232590e+00 4.800000e+00
      vertex -3.700000e+00 -6.408588e+00 4.800000e+00
      vertex -2.750000e+00 -4.763140e+00 6.200000e+00
    endloop
  endfacet
  facet normal -3.631271e-01 -4.732364e-01 8.026120e-01
    outer loop
      vertex -5.232590e+00 -5.232590e+00 4.800000e+00
      vertex -2.750000e+00 -4.763140e+00 6.200000e+00
      vertex -3.889087e+00 -3.889087e+00 6.200000e+00
    endloop
  endfacet
  facet normal -2.282712e-01 -5.510955e-01 8.026120e-01
    outer loop
      vertex -3.700000e+00 -6.408588e+00 4.800000e+00
      vertex -1.915261e+00 -7.147851e+00 4.800000e+00
      vertex -1.423505e+00 -5.312592e+00 6.200000e+00
    endloop
  endfacet
  facet normal -2.282712e-01 -5.510955e-01 8.026120e-01
    outer loop
      vertex -3.700000e+00 -6.408588e+00 4.800000e+00
      vertex -1.423505e+00 -5.312592e+00 6.200000e+00
      vertex -2.750000e+00 -4.763140e+00 6.200000e+00
    endloop
  endfacet
  facet normal -7.785906e-02 -5.913983e-01 8.026120e-01
    outer loop
      vertex -1.915261e+00 -7.147851e+00 4.800000e+00
      vertex -1.359358e-15 -7.400000e+00 4.800000e+00
      vertex -1.010334e-15 -5.500000e+00 6.200000e+00
    endloop
  endfacet
  facet normal -7.785906e-02 -5.913983e-01 8.026120e-01
    outer loop
      vertex -1.915261e+00 -7.147851e+00 4.800000e+00
      vertex -1.010334e-15 -5.500000e+00 6.200000e+00
      vertex -1.423505e+00 -5.312592e+00 6.200000e+00
    endloop
  endfacet
  facet normal 7.785906e-02 -5.913983e-01 8.026120e-01
    outer loop
      vertex -1.359358e-15 -7.400000e+00 4.800000e+00
      vertex 1.915261e+00 -7.147851e+00 4.800000e+00
      vertex 1.423505e+00 -5.312592e+00 6.200000e+00
    endloop
  endfacet
  facet normal 7.785906e-02 -5.913983e-01 8.026120e-01
    outer loop
      vertex -1.359358e-15 -7.400000e+00 4.800000e+00
      vertex 1.423505e+00 -5.312592e+00 6.200000e+00
      vertex -1.010334e-15 -5.500000e+00 6.200000e+00
    endloop
  endfacet
  facet normal 2.282712e-01 -5.510955e-01 8.026120e-01
    outer loop
      vertex 1.915261e+00 -7.147851e+00 4.800000e+00
      vertex 3.700000e+00 -6.408588e+00 4.800000e+00
      vertex 2.750000e+00 -4.763140e+00 6.200000e+00
    endloop
  endfacet
  facet normal 2.282712e-01 -5.510955e-01 8.026120e-01
    outer loop
      vertex 1.915261e+00 -7.147851e+00 4.800000e+00
      vertex 2.750000e+00 -4.763140e+00 6.200000e+00
      vertex 1.423505e+00 -5.312592e+00 6.200000e+00
    endloop
  endfacet
  facet normal 3.631271e-01 -4.732364e-01 8.026120e-01
    outer loop
      vertex 3.700000e+00 -6.408588e+00 4.800000e+00
      vertex 5.232590e+00 -5.232590e+00 4.800000e+00
      vertex 3.889087e+00 -3.889087e+00 6.200000e+00
    endloop
  endfacet
  facet normal 3.631271e-01 -4.732364e-01 8.026120e-01
    outer loop
      vertex 3.700000e+00 -6.408588e+00 4.800000e+00
      vertex 3.889087e+00 -3.889087e+00 6.200000e+00
      vertex 2.750000e+00 -4.763140e+00 6.200000e+00
    endloop
  endfacet
  facet normal 4.732364e-01 -3.631271e-01 8.026120e-01
    outer loop
      vertex 5.232590e+00 -5.232590e+00 4.800000e+00
      vertex 6.408588e+00 -3.700000e+00 4.800000e+00
      vertex 4.763140e+00 -2.750000e+00 6.200000e+00
    endloop
  endfacet
  facet normal 4.732364e-01 -3.631271e-01 8.026120e-01
    outer loop
      vertex 5.232590e+00 -5.232590e+00 4.800000e+00
      vertex 4.763140e+00 -2.750000e+00 6.200000e+00
      vertex 3.889087e+00 -3.889087e+00 6.200000e+00
    endloop
  endfacet
  facet normal 5.510955e-01 -2.282712e-01 8.026120e-01
    outer loop
      vertex 6.408588e+00 -3.700000e+00 4.800000e+00
      vertex 7.147851e+00 -1.915261e+00 4.800000e+00
      vertex 5.312592e+00 -1.423505e+00 6.200000e+00
    endloop
  endfacet
  facet normal 5.510955e-01 -2.282712e-01 8.026120e-01
    outer loop
      vertex 6.408588e+00 -3.700000e+00 4.800000e+00
      vertex 5.312592e+00 -1.423505e+00 6.200000e+00
      vertex 4.763140e+00 -2.750000e+00 6.200000e+00
    endloop
  endfacet
  facet normal 5.913983e-01 -7.785906e-02 8.026120e-01
    outer loop
      vertex 7.147851e+00 -1.915261e+00 4.800000e+00
      vertex 7.400000e+00 0.000000e+00 4.800000e+00
      vertex 5.500000e+00 0.000000e+00 6.200000e+00
    endloop
  endfacet
  facet normal 5.913983e-01 -7.785906e-02 8.026120e-01
    outer loop
      vertex 7.147851e+00 -1.915261e+00 4.800000e+00
      vertex 5.500000e+00 0.000000e+00 6.200000e+00
      vertex 5.312592e+00 -1.423505e+00 6.200000e+00
    endloop
  endfacet
  facet normal 8.684252e-01 1.143304e-01 -4.824585e-01
    outer loop
      vertex 5.500000e+00 0.000000e+00 6.200000e+00
      vertex 5.312592e+00 1.423505e+00 6.200000e+00
      vertex 6.278518e+00 1.682324e+00 8.000000e+00
    endloop
  endfacet
  facet normal 8.684252e-01 1.143304e-01 -4.824585e-01
    outer loop
      vertex 5.500000e+00 0.000000e+00 6.200000e+00
      vertex 6.278518e+00 1.682324e+00 8.000000e+00
      vertex 6.500000e+00 0.000000e+00 8.000000e+00
    endloop
  endfacet
  facet normal 8.092435e-01 3.351996e-01 -4.824585e-01
    outer loop
      vertex 5.312592e+00 1.423505e+00 6.200000e+00
      vertex 4.763140e+00 2.750000e+00 6.200000e+00
      vertex 5.629165e+00 3.250000e+00 8.000000e+00
    endloop
  endfacet
  facet normal 8.092435e-01 3.351996e-01 -4.824585e-01
    outer loop
      vertex 5.312592e+00 1.423505e+00 6.200000e+00
      vertex 5.629165e+00 3.250000e+00 8.000000e+00
      vertex 6.278518e+00 1.682324e+00 8.000000e+00
    endloop
  endfacet
  facet normal 6.949131e-01 5.332256e-01 -4.824585e-01
    outer loop
      vertex 4.763140e+00 2.750000e+00 6.200000e+00
      vertex 3.889087e+00 3.889087e+00 6.200000e+00
      vertex 4.596194e+00 4.596194e+00 8.000000e+00
    endloop
  endfacet
  facet normal 6.949131e-01 5.332256e-01 -4.824585e-01
    outer loop
      vertex 4.763140e+00 2.750000e+00 6.200000e+00
      vertex 4.596194e+00 4.596194e+00 8.000000e+00
      vertex 5.629165e+00 3.250000e+00 8.000000e+00
    endloop
  endfacet
  facet normal 5.332256e-01 6.949131e-01 -4.824585e-01
    outer loop
      vertex 3.889087e+00 3.889087e+00 6.200000e+00
      vertex 2.750000e+00 4.763140e+00 6.200000e+00
      vertex 3.250000e+00 5.629165e+00 8.000000e+00
    endloop
  endfacet
  facet normal 5.332256e-01 6.949131e-01 -4.824585e-01
    outer loop
      vertex 3.889087e+00 3.889087e+00 6.200000e+00
      vertex 3.250000e+00 5.629165e+00 8.000000e+00
      vertex 4.596194e+00 4.596194e+00 8.000000e+00
    endloop
  endfacet
  facet normal 3.351996e-01 8.092435e-01 -4.824585e-01
    outer loop
      vertex 2.750000e+00 4.763140e+00 6.200000e+00
      vertex 1.423505e+00 5.312592e+00 6.200000e+00
      vertex 1.682324e+00 6.278518e+00 8.000000e+00
    endloop
  endfacet
  facet normal 3.351996e-01 8.092435e-01 -4.824585e-01
    outer loop
      vertex 2.750000e+00 4.763140e+00 6.200000e+00
      vertex 1.682324e+00 6.278518e+00 8.000000e+00
      vertex 3.250000e+00 5.629165e+00 8.000000e+00
    endloop
  endfacet
  facet normal 1.143304e-01 8.684252e-01 -4.824585e-01
    outer loop
      vertex 1.423505e+00 5.312592e+00 6.200000e+00
      vertex 3.367779e-16 5.500000e+00 6.200000e+00
      vertex 3.980102e-16 6.500000e+00 8.000000e+00
    endloop
  endfacet
  facet normal 1.143304e-01 8.684252e-01 -4.824585e-01
    outer loop
      vertex 1.423505e+00 5.312592e+00 6.200000e+00
      vertex 3.980102e-16 6.500000e+00 8.000000e+00
      vertex 1.682324e+00 6.278518e+00 8.000000e+00
    endloop
  endfacet
  facet normal -1.143304e-01 8.684252e-01 -4.824585e-01
    outer loop
      vertex 3.367779e-16 5.500000e+00 6.200000e+00
      vertex -1.423505e+00 5.312592e+00 6.200000e+00
      vertex -1.682324e+00 6.278518e+00 8.000000e+00
    endloop
  endfacet
  facet normal -1.143304e-01 8.684252e-01 -4.824585e-01
    outer loop
      vertex 3.367779e-16 5.500000e+00 6.200000e+00
      vertex -1.682324e+00 6.278518e+00 8.000000e+00
      vertex 3.980102e-16 6.500000e+00 8.000000e+00
    endloop
  endfacet
  facet normal -3.351996e-01 8.092435e-01 -4.824585e-01
    outer loop
      vertex -1.423505e+00 5.312592e+00 6.200000e+00
      vertex -2.750000e+00 4.763140e+00 6.200000e+00
      vertex -3.250000e+00 5.629165e+00 8.000000e+00
    endloop
  endfacet
  facet normal -3.351996e-01 8.092435e-01 -4.824585e-01
    outer loop
      vertex -1.423505e+00 5.312592e+00 6.200000e+00
      vertex -3.250000e+00 5.629165e+00 8.000000e+00
      vertex -1.682324e+00 6.278518e+00 8.000000e+00
    endloop
  endfacet
  facet normal -5.332256e-01 6.949131e-01 -4.824585e-01
    outer loop
      vertex -2.750000e+00 4.763140e+00 6.200000e+00
      vertex -3.889087e+00 3.889087e+00 6.200000e+00
      vertex -4.596194e+00 4.596194e+00 8.000000e+00
    endloop
  endfacet
  facet normal -5.332256e-01 6.949131e-01 -4.824585e-01
    outer loop
      vertex -2.750000e+00 4.763140e+00 6.200000e+00
      vertex -4.596194e+00 4.596194e+00 8.000000e+00
      vertex -3.250000e+00 5.629165e+00 8.000000e+00
    endloop
  endfacet
  facet normal -6.949131e-01 5.332256e-01 -4.824585e-01
    outer loop
      vertex -3.889087e+00 3.889087e+00 6.200000e+00
      vertex -4.763140e+00 2.750000e+00 6.200000e+00
      vertex -5.629165e+00 3.250000e+00 8.000000e+00
    endloop
  endfacet
  facet normal -6.949131e-01 5.332256e-01 -4.824585e-01
    outer loop
      vertex -3.889087e+00 3.889087e+00 6.200000e+00
      vertex -5.629165e+00 3.250000e+00 8.000000e+00
      vertex -4.596194e+00 4.596194e+00 8.000000e+00
    endloop
  endfacet
  facet normal -8.092435e-01 3.351996e-01 -4.824585e-01
    outer loop
      vertex -4.763140e+00 2.750000e+00 6.200000e+00
      vertex -5.312592e+00 1.423505e+00 6.200000e+00
      vertex -6.278518e+00 1.682324e+00 8.000000e+00
    endloop
  endfacet
  facet normal -8.092435e-01 3.351996e-01 -4.824585e-01
    outer loop
      vertex -4.763140e+00 2.750000e+00 6.200000e+00
      vertex -6.278518e+00 1.682324e+00 8.000000e+00
      vertex -5.629165e+00 3.250000e+00 8.000000e+00
    endloop
  endfacet
  facet normal -8.684252e-01 1.143304e-01 -4.824585e-01
    outer loop
      vertex -5.312592e+00 1.423505e+00 6.200000e+00
      vertex -5.500000e+00 6.735557e-16 6.200000e+00
      vertex -6.500000e+00 7.960204e-16 8.000000e+00
    endloop
  endfacet
  facet normal -8.684252e-01 1.143304e-01 -4.824585e-01
    outer loop
      vertex -5.312592e+00 1.423505e+00 6.200000e+00
      vertex -6.500000e+00 7.960204e-16 8.000000e+00
      vertex -6.278518e+00 1.682324e+00 8.000000e+00
    endloop
  endfacet
  facet normal -8.684252e-01 -1.143304e-01 -4.824585e-01
    outer loop
      vertex -5.500000e+00 6.735557e-16 6.200000e+00
      vertex -5.312592e+00 -1.423505e+00 6.200000e+00
      vertex -6.278518e+00 -1.682324e+00 8.000000e+00
    endloop
  endfacet
  facet normal -8.684252e-01 -1.143304e-01 -4.824585e-01
    outer loop
      vertex -5.500000e+00 6.735557e-16 6.200000e+00
      vertex -6.278518e+00 -1.682324e+00 8.000000e+00
      vertex -6.500000e+00 7.960204e-16 8.000000e+00
    endloop
  endfacet
  facet normal -8.092435e-01 -3.351996e-01 -4.824585e-01
    outer loop
      vertex -5.312592e+00 -1.423505e+00 6.200000e+00
      vertex -4.763140e+00 -2.750000e+00 6.200000e+00
      vertex -5.629165e+00 -3.250000e+00 8.000000e+00
    endloop
  endfacet
  facet normal -8.092435e-01 -3.351996e-01 -4.824585e-01
    outer loop
      vertex -5.312592e+00 -1.423505e+00 6.200000e+00
      vertex -5.629165e+00 -3.250000e+00 8.000000e+00
      vertex -6.278518e+00 -1.682324e+00 8.000000e+00
    endloop
  endfacet
  facet normal -6.949131e-01 -5.332256e-01 -4.824585e-01
    outer loop
      vertex -4.763140e+00 -2.750000e+00 6.200000e+00
      vertex -3.889087e+00 -3.889087e+00 6.200000e+00
      vertex -4.596194e+00 -4.596194e+00 8.000000e+00
    endloop
  endfacet
  facet normal -6.949131e-01 -5.332256e-01 -4.824585e-01
    outer loop
      vertex -4.763140e+00 -2.750000e+00 6.200000e+00
      vertex -4.596194e+00 -4.596194e+00 8.000000e+00
      vertex -5.629165e+00 -3.250000e+00 8.000000e+00
    endloop
  endfacet
  facet normal -5.332256e-01 -6.949131e-01 -4.824585e-01
    outer loop
      vertex -3.889087e+00 -3.889087e+00 6.200000e+00
      vertex -2.750000e+00 -4.763140e+00 6.200000e+00
      vertex -3.250000e+00 -5.629165e+00 8.000000e+00
    endloop
  endfacet
  facet normal -5.332256e-01 -6.949131e-01 -4.824585e-01
    outer loop
      vertex -3.889087e+00 -3.889087e+00 6.200000e+00
      vertex -3.250000e+00 -5.629165e+00 8.000000e+00
      vertex -4.596194e+00 -4.596194e+00 8.000000e+00
    endloop
  endfacet
  facet normal -3.351996e-01 -8.092435e-01 -4.824585e-01
    outer loop
      vertex -2.750000e+00 -4.763140e+00 6.200000e+00
      vertex -1.423505e+00 -5.312592e+00 6.200000e+00
      vertex -1.682324e+00 -6.278518e+00 8.000000e+00
    endloop
  endfacet
  facet normal -3.351996e-01 -8.092435e-01 -4.824585e-01
    outer loop
      vertex -2.750000e+00 -4.763140e+00 6.200000e+00
      vertex -1.682324e+00 -6.278518e+00 8.000000e+00
      vertex -3.250000e+00 -5.629165e+00 8.000000e+00
    endloop
  endfacet
  facet normal -1.143304e-01 -8.684252e-01 -4.824585e-01
    outer loop
      vertex -1.423505e+00 -5.312592e+00 6.200000e+00
      vertex -1.010334e-15 -5.500000e+00 6.200000e+00
      vertex -1.194031e-15 -6.500000e+00 8.000000e+00
    endloop
  endfacet
  facet normal -1.143304e-01 -8.684252e-01 -4.824585e-01
    outer loop
      vertex -1.423505e+00 -5.312592e+00 6.200000e+00
      vertex -1.194031e-15 -6.500000e+00 8.000000e+00
      vertex -1.682324e+00 -6.278518e+00 8.000000e+00
    endloop
  endfacet
  facet normal 1.143304e-01 -8.684252e-01 -4.824585e-01
    outer loop
      vertex -1.010334e-15 -5.500000e+00 6.200000e+00
      vertex 1.423505e+00 -5.312592e+00 6.200000e+00
      vertex 1.682324e+00 -6.278518e+00 8.000000e+00
    endloop
  endfacet
  facet normal 1.143304e-01 -8.684252e-01 -4.824585e-01
    outer loop
      vertex -1.010334e-15 -5.500000e+00 6.200000e+00
      vertex 1.682324e+00 -6.278518e+00 8.000000e+00
      vertex -1.194031e-15 -6.500000e+00 8.000000e+00
    endloop
  endfacet
  facet normal 3.351996e-01 -8.092435e-01 -4.824585e-01
    outer loop
      vertex 1.423505e+00 -5.312592e+00 6.200000e+00
      vertex 2.750000e+00 -4.763140e+00 6.200000e+00
      vertex 3.250000e+00 -5.629165e+00 8.000000e+00
    endloop
  endfacet
  facet normal 3.351996e-01 -8.092435e-01 -4.824585e-01
    outer loop
      vertex 1.423505e+00 -5.312592e+00 6.200000e+00
      vertex 3.250000e+00 -5.629165e+00 8.000000e+00
      vertex 1.682324e+00 -6.278518e+00 8.000000e+00
    endloop
  endfacet
  facet normal 5.332256e-01 -6.949131e-01 -4.824585e-01
    outer loop
      vertex 2.750000e+00 -4.763140e+00 6.200000e+00
      vertex 3.889087e+00 -3.889087e+00 6.200000e+00
      vertex 4.596194e+00 -4.596194e+00 8.000000e+00
    endloop
  endfacet
  facet normal 5.332256e-01 -6.949131e-01 -4.824585e-01
    outer loop
      vertex 2.750000e+00 -4.763140e+00 6.200000e+00
      vertex 4.596194e+00 -4.596194e+00 8.000000e+00
      vertex 3.250000e+00 -5.629165e+00 8.000000e+00
    endloop
  endfacet
  facet normal 6.949131e-01 -5.332256e-01 -4.824585e-01
    outer loop
      vertex 3.889087e+00 -3.889087e+00 6.200000e+00
      vertex 4.763140e+00 -2.750000e+00 6.200000e+00
      vertex 5.629165e+00 -3.250000e+00 8.000000e+00
    endloop
  endfacet
  facet normal 6.949131e-01 -5.332256e-01 -4.824585e-01
    outer loop
      vertex 3.889087e+00 -3.889087e+00 6.200000e+00
      vertex 5.629165e+00 -3.250000e+00 8.000000e+00
      vertex 4.596194e+00 -4.596194e+00 8.000000e+00
    endloop
  endfacet
  facet normal 8.092435e-01 -3.351996e-01 -4.824585e-01
    outer loop
      vertex 4.763140e+00 -2.750000e+00 6.200000e+00
      vertex 5.312592e+00 -1.423505e+00 6.200000e+00
      vertex 6.278518e+00 -1.682324e+00 8.000000e+00
    endloop
  endfacet
  facet normal 8.092435e-01 -3.351996e-01 -4.824585e-01
    outer loop
      vertex 4.763140e+00 -2.750000e+00 6.200000e+00
      vertex 6.278518e+00 -1.682324e+00 8.000000e+00
      vertex 5.629165e+00 -3.250000e+00 8.000000e+00
    endloop
  endfacet
  facet normal 8.684252e-01 -1.143304e-01 -4.824585e-01
    outer loop
      vertex 5.312592e+00 -1.423505e+00 6.200000e+00
      vertex 5.500000e+00 0.000000e+00 6.200000e+00
      vertex 6.500000e+00 0.000000e+00 8.000000e+00
    endloop
  endfacet
  facet normal 8.684252e-01 -1.143304e-01 -4.824585e-01
    outer loop
      vertex 5.312592e+00 -1.423505e+00 6.200000e+00
      vertex 6.500000e+00 0.000000e+00 8.000000e+00
      vertex 6.278518e+00 -1.682324e+00 8.000000e+00
    endloop
  endfacet
  facet normal 9.848783e-01 1.296617e-01 -1.149025e-01
    outer loop
      vertex 6.500000e+00 0.000000e+00 8.000000e+00
      vertex 6.278518e+00 1.682324e+00 8.000000e+00
      vertex 6.954666e+00 1.863497e+00 1.400000e+01
    endloop
  endfacet
  facet normal 9.848783e-01 1.296617e-01 -1.149025e-01
    outer loop
      vertex 6.500000e+00 0.000000e+00 8.000000e+00
      vertex 6.954666e+00 1.863497e+00 1.400000e+01
      vertex 7.200000e+00 0.000000e+00 1.400000e+01
    endloop
  endfacet
  facet normal 9.177605e-01 3.801488e-01 -1.149025e-01
    outer loop
      vertex 6.278518e+00 1.682324e+00 8.000000e+00
      vertex 5.629165e+00 3.250000e+00 8.000000e+00
      vertex 6.235383e+00 3.600000e+00 1.400000e+01
    endloop
  endfacet
  facet normal 9.177605e-01 3.801488e-01 -1.149025e-01
    outer loop
      vertex 6.278518e+00 1.682324e+00 8.000000e+00
      vertex 6.235383e+00 3.600000e+00 1.400000e+01
      vertex 6.954666e+00 1.863497e+00 1.400000e+01
    endloop
  endfacet
  facet normal 7.880988e-01 6.047295e-01 -1.149025e-01
    outer loop
      vertex 5.629165e+00 3.250000e+00 8.000000e+00
      vertex 4.596194e+00 4.596194e+00 8.000000e+00
      vertex 5.091169e+00 5.091169e+00 1.400000e+01
    endloop
  endfacet
  facet normal 7.880988e-01 6.047295e-01 -1.149025e-01
    outer loop
      vertex 5.629165e+00 3.250000e+00 8.000000e+00
      vertex 5.091169e+00 5.091169e+00 1.400000e+01
      vertex 6.235383e+00 3.600000e+00 1.400000e+01
    endloop
  endfacet
  facet normal 6.047295e-01 7.880988e-01 -1.149025e-01
    outer loop
      vertex 4.596194e+00 4.596194e+00 8.000000e+00
      vertex 3.250000e+00 5.629165e+00 8.000000e+00
      vertex 3.600000e+00 6.235383e+00 1.400000e+01
    endloop
  endfacet
  facet normal 6.047295e-01 7.880988e-01 -1.149025e-01
    outer loop
      vertex 4.596194e+00 4.596194e+00 8.000000e+00
      vertex 3.600000e+00 6.235383e+00 1.400000e+01
      vertex 5.091169e+00 5.091169e+00 1.400000e+01
    endloop
  endfacet
  facet normal 3.801488e-01 9.177605e-01 -1.149025e-01
    outer loop
      vertex 3.250000e+00 5.629165e+00 8.000000e+00
      vertex 1.682324e+00 6.278518e+00 8.000000e+00
      vertex 1.863497e+00 6.954666e+00 1.400000e+01
    endloop
  endfacet
  facet normal 3.801488e-01 9.177605e-01 -1.149025e-01
    outer loop
      vertex 3.250000e+00 5.629165e+00 8.000000e+00
      vertex 1.863497e+00 6.954666e+00 1.400000e+01
      vertex 3.600000e+00 6.235383e+00 1.400000e+01
    endloop
  endfacet
  facet normal 1.296617e-01 9.848783e-01 -1.149025e-01
    outer loop
      vertex 1.682324e+00 6.278518e+00 8.000000e+00
      vertex 3.980102e-16 6.500000e+00 8.000000e+00
      vertex 4.408728e-16 7.200000e+00 1.400000e+01
    endloop
  endfacet
  facet normal 1.296617e-01 9.848783e-01 -1.149025e-01
    outer loop
      vertex 1.682324e+00 6.278518e+00 8.000000e+00
      vertex 4.408728e-16 7.200000e+00 1.400000e+01
      vertex 1.863497e+00 6.954666e+00 1.400000e+01
    endloop
  endfacet
  facet normal -1.296617e-01 9.848783e-01 -1.149025e-01
    outer loop
      vertex 3.980102e-16 6.500000e+00 8.000000e+00
      vertex -1.682324e+00 6.278518e+00 8.000000e+00
      vertex -1.863497e+00 6.954666e+00 1.400000e+01
    endloop
  endfacet
  facet normal -1.296617e-01 9.848783e-01 -1.149025e-01
    outer loop
      vertex 3.980102e-16 6.500000e+00 8.000000e+00
      vertex -1.863497e+00 6.954666e+00 1.400000e+01
      vertex 4.408728e-16 7.200000e+00 1.400000e+01
    endloop
  endfacet
  facet normal -3.801488e-01 9.177605e-01 -1.149025e-01
    outer loop
      vertex -1.682324e+00 6.278518e+00 8.000000e+00
      vertex -3.250000e+00 5.629165e+00 8.000000e+00
      vertex -3.600000e+00 6.235383e+00 1.400000e+01
    endloop
  endfacet
  facet normal -3.801488e-01 9.177605e-01 -1.149025e-01
    outer loop
      vertex -1.682324e+00 6.278518e+00 8.000000e+00
      vertex -3.600000e+00 6.235383e+00 1.400000e+01
      vertex -1.863497e+00 6.954666e+00 1.400000e+01
    endloop
  endfacet
  facet normal -6.047295e-01 7.880988e-01 -1.149025e-01
    outer loop
      vertex -3.250000e+00 5.629165e+00 8.000000e+00
      vertex -4.596194e+00 4.596194e+00 8.000000e+00
      vertex -5.091169e+00 5.091169e+00 1.400000e+01
    endloop
  endfacet
  facet normal -6.047295e-01 7.880988e-01 -1.149025e-01
    outer loop
      vertex -3.250000e+00 5.629165e+00 8.000000e+00
      vertex -5.091169e+00 5.091169e+00 1.400000e+01
      vertex -3.600000e+00 6.235383e+00 1.400000e+01
    endloop
  endfacet
  facet normal -7.880988e-01 6.047295e-01 -1.149025e-01
    outer loop
      vertex -4.596194e+00 4.596194e+00 8.000000e+00
      vertex -5.629165e+00 3.250000e+00 8.000000e+00
      vertex -6.235383e+00 3.600000e+00 1.400000e+01
    endloop
  endfacet
  facet normal -7.880988e-01 6.047295e-01 -1.149025e-01
    outer loop
      vertex -4.596194e+00 4.596194e+00 8.000000e+00
      vertex -6.235383e+00 3.600000e+00 1.400000e+01
      vertex -5.091169e+00 5.091169e+00 1.400000e+01
    endloop
  endfacet
  facet normal -9.177605e-01 3.801488e-01 -1.149025e-01
    outer loop
      vertex -5.629165e+00 3.250000e+00 8.000000e+00
      vertex -6.278518e+00 1.682324e+00 8.000000e+00
      vertex -6.954666e+00 1.863497e+00 1.400000e+01
    endloop
  endfacet
  facet normal -9.177605e-01 3.801488e-01 -1.149025e-01
    outer loop
      vertex -5.629165e+00 3.250000e+00 8.000000e+00
      vertex -6.954666e+00 1.863497e+00 1.400000e+01
      vertex -6.235383e+00 3.600000e+00 1.400000e+01
    endloop
  endfacet
  facet normal -9.848783e-01 1.296617e-01 -1.149025e-01
    outer loop
      vertex -6.278518e+00 1.682324e+00 8.000000e+00
      vertex -6.500000e+00 7.960204e-16 8.000000e+00
      vertex -7.200000e+00 8.817457e-16 1.400000e+01
    endloop
  endfacet
  facet normal -9.848783e-01 1.296617e-01 -1.149025e-01
    outer loop
      vertex -6.278518e+00 1.682324e+00 8.000000e+00
      vertex -7.200000e+00 8.817457e-16 1.400000e+01
      vertex -6.954666e+00 1.863497e+00 1.400000e+01
    endloop
  endfacet
  facet normal -9.848783e-01 -1.296617e-01 -1.149025e-01
    outer loop
      vertex -6.500000e+00 7.960204e-16 8.000000e+00
      vertex -6.278518e+00 -1.682324e+00 8.000000e+00
      vertex -6.954666e+00 -1.863497e+00 1.400000e+01
    endloop
  endfacet
  facet normal -9.848783e-01 -1.296617e-01 -1.149025e-01
    outer loop
      vertex -6.500000e+00 7.960204e-16 8.000000e+00
      vertex -6.954666e+00 -1.863497e+00 1.400000e+01
      vertex -7.200000e+00 8.817457e-16 1.400000e+01
    endloop
  endfacet
  facet normal -9.177605e-01 -3.801488e-01 -1.149025e-01
    outer loop
      vertex -6.278518e+00 -1.682324e+00 8.000000e+00
      vertex -5.629165e+00 -3.250000e+00 8.000000e+00
      vertex -6.235383e+00 -3.600000e+00 1.400000e+01
    endloop
  endfacet
  facet normal -9.177605e-01 -3.801488e-01 -1.149025e-01
    outer loop
      vertex -6.278518e+00 -1.682324e+00 8.000000e+00
      vertex -6.235383e+00 -3.600000e+00 1.400000e+01
      vertex -6.954666e+00 -1.863497e+00 1.400000e+01
    endloop
  endfacet
  facet normal -7.880988e-01 -6.047295e-01 -1.149025e-01
    outer loop
      vertex -5.629165e+00 -3.250000e+00 8.000000e+00
      vertex -4.596194e+00 -4.596194e+00 8.000000e+00
      vertex -5.091169e+00 -5.091169e+00 1.400000e+01
    endloop
  endfacet
  facet normal -7.880988e-01 -6.047295e-01 -1.149025e-01
    outer loop
      vertex -5.629165e+00 -3.250000e+00 8.000000e+00
      vertex -5.091169e+00 -5.091169e+00 1.400000e+01
      vertex -6.235383e+00 -3.600000e+00 1.400000e+01
    endloop
  endfacet
  facet normal -6.047295e-01 -7.880988e-01 -1.149025e-01
    outer loop
      vertex -4.596194e+00 -4.596194e+00 8.000000e+00
      vertex -3.250000e+00 -5.629165e+00 8.000000e+00
      vertex -3.600000e+00 -6.235383e+00 1.400000e+01
    endloop
  endfacet
  facet normal -6.047295e-01 -7.880988e-01 -1.149025e-01
    outer loop
      vertex -4.596194e+00 -4.596194e+00 8.000000e+00
      vertex -3.600000e+00 -6.235383e+00 1.400000e+01
      vertex -5.091169e+00 -5.091169e+00 1.400000e+01
    endloop
  endfacet
  facet normal -3.801488e-01 -9.177605e-01 -1.149025e-01
    outer loop
      vertex -3.250000e+00 -5.629165e+00 8.000000e+00
      vertex -1.682324e+00 -6.278518e+00 8.000000e+00
      vertex -1.863497e+00 -6.954666e+00 1.400000e+01
    endloop
  endfacet
  facet normal -3.801488e-01 -9.177605e-01 -1.149025e-01
    outer loop
      vertex -3.250000e+00 -5.629165e+00 8.000000e+00
      vertex -1.863497e+00 -6.954666e+00 1.400000e+01
      vertex -3.600000e+00 -6.235383e+00 1.400000e+01
    endloop
  endfacet
  facet normal -1.296617e-01 -9.848783e-01 -1.149025e-01
    outer loop
      vertex -1.682324e+00 -6.278518e+00 8.000000e+00
      vertex -1.194031e-15 -6.500000e+00 8.000000e+00
      vertex -1.322619e-15 -7.200000e+00 1.400000e+01
    endloop
  endfacet
  facet normal -1.296617e-01 -9.848783e-01 -1.149025e-01
    outer loop
      vertex -1.682324e+00 -6.278518e+00 8.000000e+00
      vertex -1.322619e-15 -7.200000e+00 1.400000e+01
      vertex -1.863497e+00 -6.954666e+00 1.400000e+01
    endloop
  endfacet
  facet normal 1.296617e-01 -9.848783e-01 -1.149025e-01
    outer loop
      vertex -1.194031e-15 -6.500000e+00 8.000000e+00
      vertex 1.682324e+00 -6.278518e+00 8.000000e+00
      vertex 1.863497e+00 -6.954666e+00 1.400000e+01
    endloop
  endfacet
  facet normal 1.296617e-01 -9.848783e-01 -1.149025e-01
    outer loop
      vertex -1.194031e-15 -6.500000e+00 8.000000e+00
      vertex 1.863497e+00 -6.954666e+00 1.400000e+01
      vertex -1.322619e-15 -7.200000e+00 1.400000e+01
    endloop
  endfacet
  facet normal 3.801488e-01 -9.177605e-01 -1.149025e-01
    outer loop
      vertex 1.682324e+00 -6.278518e+00 8.000000e+00
      vertex 3.250000e+00 -5.629165e+00 8.000000e+00
      vertex 3.600000e+00 -6.235383e+00 1.400000e+01
    endloop
  endfacet
  facet normal 3.801488e-01 -9.177605e-01 -1.149025e-01
    outer loop
      vertex 1.682324e+00 -6.278518e+00 8.000000e+00
      vertex 3.600000e+00 -6.235383e+00 1.400000e+01
      vertex 1.863497e+00 -6.954666e+00 1.400000e+01
    endloop
  endfacet
  facet normal 6.047295e-01 -7.880988e-01 -1.149025e-01
    outer loop
      vertex 3.250000e+00 -5.629165e+00 8.000000e+00
      vertex 4.596194e+00 -4.596194e+00 8.000000e+00
      vertex 5.091169e+00 -5.091169e+00 1.400000e+01
    endloop
  endfacet
  facet normal 6.047295e-01 -7.880988e-01 -1.149025e-01
    outer loop
      vertex 3.250000e+00 -5.629165e+00 8.000000e+00
      vertex 5.091169e+00 -5.091169e+00 1.400000e+01
      vertex 3.600000e+00 -6.235383e+00 1.400000e+01
    endloop
  endfacet
  facet normal 7.880988e-01 -6.047295e-01 -1.149025e-01
    outer loop
      vertex 4.596194e+00 -4.596194e+00 8.000000e+00
      vertex 5.629165e+00 -3.250000e+00 8.000000e+00
      vertex 6.235383e+00 -3.600000e+00 1.400000e+01
    endloop
  endfacet
  facet normal 7.880988e-01 -6.047295e-01 -1.149025e-01
    outer loop
      vertex 4.596194e+00 -4.596194e+00 8.000000e+00
      vertex 6.235383e+00 -3.600000e+00 1.400000e+01
      vertex 5.091169e+00 -5.091169e+00 1.400000e+01
    endloop
  endfacet
  facet normal 9.177605e-01 -3.801488e-01 -1.149025e-01
    outer loop
      vertex 5.629165e+00 -3.250000e+00 8.000000e+00
      vertex 6.278518e+00 -1.682324e+00 8.000000e+00
      vertex 6.954666e+00 -1.863497e+00 1.400000e+01
    endloop
  endfacet
  facet normal 9.177605e-01 -3.801488e-01 -1.149025e-01
    outer loop
      vertex 5.629165e+00 -3.250000e+00 8.000000e+00
      vertex 6.954666e+00 -1.863497e+00 1.400000e+01
      vertex 6.235383e+00 -3.600000e+00 1.400000e+01
    endloop
  endfacet
  facet normal 9.848783e-01 -1.296617e-01 -1.149025e-01
    outer loop
      vertex 6.278518e+00 -1.682324e+00 8.000000e+00
      vertex 6.500000e+00 0.000000e+00 8.000000e+00
      vertex 7.200000e+00 0.000000e+00 1.400000e+01
    endloop
  endfacet
  facet normal 9.848783e-01 -1.296617e-01 -1.149025e-01
    outer loop
      vertex 6.278518e+00 -1.682324e+00 8.000000e+00
      vertex 7.200000e+00 0.000000e+00 1.400000e+01
      vertex 6.954666e+00 -1.863497e+00 1.400000e+01
    endloop
  endfacet
  facet normal 9.866077e-01 1.298894e-01 9.866077e-02
    outer loop
      vertex 7.200000e+00 0.000000e+00 1.400000e+01
      vertex 6.954666e+00 1.863497e+00 1.400000e+01
      vertex 6.568296e+00 1.759970e+00 1.800000e+01
    endloop
  endfacet
  facet normal 9.866077e-01 1.298894e-01 9.866077e-02
    outer loop
      vertex 7.200000e+00 0.000000e+00 1.400000e+01
      vertex 6.568296e+00 1.759970e+00 1.800000e+01
      vertex 6.800000e+00 0.000000e+00 1.800000e+01
    endloop
  endfacet
  facet normal 9.193720e-01 3.808164e-01 9.866077e-02
    outer loop
      vertex 6.954666e+00 1.863497e+00 1.400000e+01
      vertex 6.235383e+00 3.600000e+00 1.400000e+01
      vertex 5.888973e+00 3.400000e+00 1.800000e+01
    endloop
  endfacet
  facet normal 9.193720e-01 3.808164e-01 9.866077e-02
    outer loop
      vertex 6.954666e+00 1.863497e+00 1.400000e+01
      vertex 5.888973e+00 3.400000e+00 1.800000e+01
      vertex 6.568296e+00 1.759970e+00 1.800000e+01
    endloop
  endfacet
  facet normal 7.894827e-01 6.057914e-01 9.866077e-02
    outer loop
      vertex 6.235383e+00 3.600000e+00 1.400000e+01
      vertex 5.091169e+00 5.091169e+00 1.400000e+01
      vertex 4.808326e+00 4.808326e+00 1.800000e+01
    endloop
  endfacet
  facet normal 7.894827e-01 6.057914e-01 9.866077e-02
    outer loop
      vertex 6.235383e+00 3.600000e+00 1.400000e+01
      vertex 4.808326e+00 4.808326e+00 1.800000e+01
      vertex 5.888973e+00 3.400000e+00 1.800000e+01
    endloop
  endfacet
  facet normal 6.057914e-01 7.894827e-01 9.866077e-02
    outer loop
      vertex 5.091169e+00 5.091169e+00 1.400000e+01
      vertex 3.600000e+00 6.235383e+00 1.400000e+01
      vertex 3.400000e+00 5.888973e+00 1.800000e+01
    endloop
  endfacet
  facet normal 6.057914e-01 7.894827e-01 9.866077e-02
    outer loop
      vertex 5.091169e+00 5.091169e+00 1.400000e+01
      vertex 3.400000e+00 5.888973e+00 1.800000e+01
      vertex 4.808326e+00 4.808326e+00 1.800000e+01
    endloop
  endfacet
  facet normal 3.808164e-01 9.193720e-01 9.866077e-02
    outer loop
      vertex 3.600000e+00 6.235383e+00 1.400000e+01
      vertex 1.863497e+00 6.954666e+00 1.400000e+01
      vertex 1.759970e+00 6.568296e+00 1.800000e+01
    endloop
  endfacet
  facet normal 3.808164e-01 9.193720e-01 9.866077e-02
    outer loop
      vertex 3.600000e+00 6.235383e+00 1.400000e+01
      vertex 1.759970e+00 6.568296e+00 1.800000e+01
      vertex 3.400000e+00 5.888973e+00 1.800000e+01
    endloop
  endfacet
  facet normal 1.298894e-01 9.866077e-01 9.866077e-02
    outer loop
      vertex 1.863497e+00 6.954666e+00 1.400000e+01
      vertex 4.408728e-16 7.200000e+00 1.400000e+01
      vertex 4.163799e-16 6.800000e+00 1.800000e+01
    endloop
  endfacet
  facet normal 1.298894e-01 9.866077e-01 9.866077e-02
    outer loop
      vertex 1.863497e+00 6.954666e+00 1.400000e+01
      vertex 4.163799e-16 6.800000e+00 1.800000e+01
      vertex 1.759970e+00 6.568296e+00 1.800000e+01
    endloop
  endfacet
  facet normal -1.298894e-01 9.866077e-01 9.866077e-02
    outer loop
      vertex 4.408728e-16 7.200000e+00 1.400000e+01
      vertex -1.863497e+00 6.954666e+00 1.400000e+01
      vertex -1.759970e+00 6.568296e+00 1.800000e+01
    endloop
  endfacet
  facet normal -1.298894e-01 9.866077e-01 9.866077e-02
    outer loop
      vertex 4.408728e-16 7.200000e+00 1.400000e+01
      vertex -1.759970e+00 6.568296e+00 1.800000e+01
      vertex 4.163799e-16 6.800000e+00 1.800000e+01
    endloop
  endfacet
  facet normal -3.808164e-01 9.193720e-01 9.866077e-02
    outer loop
      vertex -1.863497e+00 6.954666e+00 1.400000e+01
      vertex -3.600000e+00 6.235383e+00 1.400000e+01
      vertex -3.400000e+00 5.888973e+00 1.800000e+01
    endloop
  endfacet
  facet normal -3.808164e-01 9.193720e-01 9.866077e-02
    outer loop
      vertex -1.863497e+00 6.954666e+00 1.400000e+01
      vertex -3.400000e+00 5.888973e+00 1.800000e+01
      vertex -1.759970e+00 6.568296e+00 1.800000e+01
    endloop
  endfacet
  facet normal -6.057914e-01 7.894827e-01 9.866077e-02
    outer loop
      vertex -3.600000e+00 6.235383e+00 1.400000e+01
      vertex -5.091169e+00 5.091169e+00 1.400000e+01
      vertex -4.808326e+00 4.808326e+00 1.800000e+01
    endloop
  endfacet
  facet normal -6.057914e-01 7.894827e-01 9.866077e-02
    outer loop
      vertex -3.600000e+00 6.235383e+00 1.400000e+01
      vertex -4.808326e+00 4.808326e+00 1.800000e+01
      vertex -3.400000e+00 5.888973e+00 1.800000e+01
    endloop
  endfacet
  facet normal -7.894827e-01 6.057914e-01 9.866077e-02
    outer loop
      vertex -5.091169e+00 5.091169e+00 1.400000e+01
      vertex -6.235383e+00 3.600000e+00 1.400000e+01
      vertex -5.888973e+00 3.400000e+00 1.800000e+01
    endloop
  endfacet
  facet normal -7.894827e-01 6.057914e-01 9.866077e-02
    outer loop
      vertex -5.091169e+00 5.091169e+00 1.400000e+01
      vertex -5.888973e+00 3.400000e+00 1.800000e+01
      vertex -4.808326e+00 4.808326e+00 1.800000e+01
    endloop
  endfacet
  facet normal -9.193720e-01 3.808164e-01 9.866077e-02
    outer loop
      vertex -6.235383e+00 3.600000e+00 1.400000e+01
      vertex -6.954666e+00 1.863497e+00 1.400000e+01
      vertex -6.568296e+00 1.759970e+00 1.800000e+01
    endloop
  endfacet
  facet normal -9.193720e-01 3.808164e-01 9.866077e-02
    outer loop
      vertex -6.235383e+00 3.600000e+00 1.400000e+01
      vertex -6.568296e+00 1.759970e+00 1.800000e+01
      vertex -5.888973e+00 3.400000e+00 1.800000e+01
    endloop
  endfacet
  facet normal -9.866077e-01 1.298894e-01 9.866077e-02
    outer loop
      vertex -6.954666e+00 1.863497e+00 1.400000e+01
      vertex -7.200000e+00 8.817457e-16 1.400000e+01
      vertex -6.800000e+00 8.327598e-16 1.800000e+01
    endloop
  endfacet
  facet normal -9.866077e-01 1.298894e-01 9.866077e-02
    outer loop
      vertex -6.954666e+00 1.863497e+00 1.400000e+01
      vertex -6.800000e+00 8.327598e-16 1.800000e+01
      vertex -6.568296e+00 1.759970e+00 1.800000e+01
    endloop
  endfacet
  facet normal -9.866077e-01 -1.298894e-01 9.866077e-02
    outer loop
      vertex -7.200000e+00 8.817457e-16 1.400000e+01
      vertex -6.954666e+00 -1.863497e+00 1.400000e+01
      vertex -6.568296e+00 -1.759970e+00 1.800000e+01
    endloop
  endfacet
  facet normal -9.866077e-01 -1.298894e-01 9.866077e-02
    outer loop
      vertex -7.200000e+00 8.817457e-16 1.400000e+01
      vertex -6.568296e+00 -1.759970e+00 1.800000e+01
      vertex -6.800000e+00 8.327598e-16 1.800000e+01
    endloop
  endfacet
  facet normal -9.193720e-01 -3.808164e-01 9.866077e-02
    outer loop
      vertex -6.954666e+00 -1.863497e+00 1.400000e+01
      vertex -6.235383e+00 -3.600000e+00 1.400000e+01
      vertex -5.888973e+00 -3.400000e+00 1.800000e+01
    endloop
  endfacet
  facet normal -9.193720e-01 -3.808164e-01 9.866077e-02
    outer loop
      vertex -6.954666e+00 -1.863497e+00 1.400000e+01
      vertex -5.888973e+00 -3.400000e+00 1.800000e+01
      vertex -6.568296e+00 -1.759970e+00 1.800000e+01
    endloop
  endfacet
  facet normal -7.894827e-01 -6.057914e-01 9.866077e-02
    outer loop
      vertex -6.235383e+00 -3.600000e+00 1.400000e+01
      vertex -5.091169e+00 -5.091169e+00 1.400000e+01
      vertex -4.808326e+00 -4.808326e+00 1.800000e+01
    endloop
  endfacet
  facet normal -7.894827e-01 -6.057914e-01 9.866077e-02
    outer loop
      vertex -6.235383e+00 -3.600000e+00 1.400000e+01
      vertex -4.808326e+00 -4.808326e+00 1.800000e+01
      vertex -5.888973e+00 -3.400000e+00 1.800000e+01
    endloop
  endfacet
  facet normal -6.057914e-01 -7.894827e-01 9.866077e-02
    outer loop
      vertex -5.091169e+00 -5.091169e+00 1.400000e+01
      vertex -3.600000e+00 -6.235383e+00 1.400000e+01
      vertex -3.400000e+00 -5.888973e+00 1.800000e+01
    endloop
  endfacet
  facet normal -6.057914e-01 -7.894827e-01 9.866077e-02
    outer loop
      vertex -5.091169e+00 -5.091169e+00 1.400000e+01
      vertex -3.400000e+00 -5.888973e+00 1.800000e+01
      vertex -4.808326e+00 -4.808326e+00 1.800000e+01
    endloop
  endfacet
  facet normal -3.808164e-01 -9.193720e-01 9.866077e-02
    outer loop
      vertex -3.600000e+00 -6.235383e+00 1.400000e+01
      vertex -1.863497e+00 -6.954666e+00 1.400000e+01
      vertex -1.759970e+00 -6.568296e+00 1.800000e+01
    endloop
  endfacet
  facet normal -3.808164e-01 -9.193720e-01 9.866077e-02
    outer loop
      vertex -3.600000e+00 -6.235383e+00 1.400000e+01
      vertex -1.759970e+00 -6.568296e+00 1.800000e+01
      vertex -3.400000e+00 -5.888973e+00 1.800000e+01
    endloop
  endfacet
  facet normal -1.298894e-01 -9.866077e-01 9.866077e-02
    outer loop
      vertex -1.863497e+00 -6.954666e+00 1.400000e+01
      vertex -1.322619e-15 -7.200000e+00 1.400000e+01
      vertex -1.249140e-15 -6.800000e+00 1.800000e+01
    endloop
  endfacet
  facet normal -1.298894e-01 -9.866077e-01 9.866077e-02
    outer loop
      vertex -1.863497e+00 -6.954666e+00 1.400000e+01
      vertex -1.249140e-15 -6.800000e+00 1.800000e+01
      vertex -1.759970e+00 -6.568296e+00 1.800000e+01
    endloop
  endfacet
  facet normal 1.298894e-01 -9.866077e-01 9.866077e-02
    outer loop
      vertex -1.322619e-15 -7.200000e+00 1.400000e+01
      vertex 1.863497e+00 -6.954666e+00 1.400000e+01
      vertex 1.759970e+00 -6.568296e+00 1.800000e+01
    endloop
  endfacet
  facet normal 1.298894e-01 -9.866077e-01 9.866077e-02
    outer loop
      vertex -1.322619e-15 -7.200000e+00 1.400000e+01
      vertex 1.759970e+00 -6.568296e+00 1.800000e+01
      vertex -1.249140e-15 -6.800000e+00 1.800000e+01
    endloop
  endfacet
  facet normal 3.808164e-01 -9.193720e-01 9.866077e-02
    outer loop
      vertex 1.863497e+00 -6.954666e+00 1.400000e+01
      vertex 3.600000e+00 -6.235383e+00 1.400000e+01
      vertex 3.400000e+00 -5.888973e+00 1.800000e+01
    endloop
  endfacet
  facet normal 3.808164e-01 -9.193720e-01 9.866077e-02
    outer loop
      vertex 1.863497e+00 -6.954666e+00 1.400000e+01
      vertex 3.400000e+00 -5.888973e+00 1.800000e+01
      vertex 1.759970e+00 -6.568296e+00 1.800000e+01
    endloop
  endfacet
  facet normal 6.057914e-01 -7.894827e-01 9.866077e-02
    outer loop
      vertex 3.600000e+00 -6.235383e+00 1.400000e+01
      vertex 5.091169e+00 -5.091169e+00 1.400000e+01
      vertex 4.808326e+00 -4.808326e+00 1.800000e+01
    endloop
  endfacet
  facet normal 6.057914e-01 -7.894827e-01 9.866077e-02
    outer loop
      vertex 3.600000e+00 -6.235383e+00 1.400000e+01
      vertex 4.808326e+00 -4.808326e+00 1.800000e+01
      vertex 3.400000e+00 -5.888973e+00 1.800000e+01
    endloop
  endfacet
  facet normal 7.894827e-01 -6.057914e-01 9.866077e-02
    outer loop
      vertex 5.091169e+00 -5.091169e+00 1.400000e+01
      vertex 6.235383e+00 -3.600000e+00 1.400000e+01
      vertex 5.888973e+00 -3.400000e+00 1.800000e+01
    endloop
  endfacet
  facet normal 7.894827e-01 -6.057914e-01 9.866077e-02
    outer loop
      vertex 5.091169e+00 -5.091169e+00 1.400000e+01
      vertex 5.888973e+00 -3.400000e+00 1.800000e+01
      vertex 4.808326e+00 -4.808326e+00 1.800000e+01
    endloop
  endfacet
  facet normal 9.193720e-01 -3.808164e-01 9.866077e-02
    outer loop
      vertex 6.235383e+00 -3.600000e+00 1.400000e+01
      vertex 6.954666e+00 -1.863497e+00 1.400000e+01
      vertex 6.568296e+00 -1.759970e+00 1.800000e+01
    endloop
  endfacet
  facet normal 9.193720e-01 -3.808164e-01 9.866077e-02
    outer loop
      vertex 6.235383e+00 -3.600000e+00 1.400000e+01
      vertex 6.568296e+00 -1.759970e+00 1.800000e+01
      vertex 5.888973e+00 -3.400000e+00 1.800000e+01
    endloop
  endfacet
  facet normal 9.866077e-01 -1.298894e-01 9.866077e-02
    outer loop
      vertex 6.954666e+00 -1.863497e+00 1.400000e+01
      vertex 7.200000e+00 0.000000e+00 1.400000e+01
      vertex 6.800000e+00 0.000000e+00 1.800000e+01
    endloop
  endfacet
  facet normal 9.866077e-01 -1.298894e-01 9.866077e-02
    outer loop
      vertex 6.954666e+00 -1.863497e+00 1.400000e+01
      vertex 6.800000e+00 0.000000e+00 1.800000e+01
      vertex 6.568296e+00 -1.759970e+00 1.800000e+01
    endloop
  endfacet
  facet normal 9.725104e-01 1.280334e-01 1.945021e-01
    outer loop
      vertex 6.800000e+00 0.000000e+00 1.800000e+01
      vertex 6.568296e+00 1.759970e+00 1.800000e+01
      vertex 5.795555e+00 1.552914e+00 2.200000e+01
    endloop
  endfacet
  facet normal 9.725104e-01 1.280334e-01 1.945021e-01
    outer loop
      vertex 6.800000e+00 0.000000e+00 1.800000e+01
      vertex 5.795555e+00 1.552914e+00 2.200000e+01
      vertex 6.000000e+00 0.000000e+00 2.200000e+01
    endloop
  endfacet
  facet normal 9.062354e-01 3.753750e-01 1.945021e-01
    outer loop
      vertex 6.568296e+00 1.759970e+00 1.800000e+01
      vertex 5.888973e+00 3.400000e+00 1.800000e+01
      vertex 5.196152e+00 3.000000e+00 2.200000e+01
    endloop
  endfacet
  facet normal 9.062354e-01 3.753750e-01 1.945021e-01
    outer loop
      vertex 6.568296e+00 1.759970e+00 1.800000e+01
      vertex 5.196152e+00 3.000000e+00 2.200000e+01
      vertex 5.795555e+00 1.552914e+00 2.200000e+01
    endloop
  endfacet
  facet normal 7.782020e-01 5.971354e-01 1.945021e-01
    outer loop
      vertex 5.888973e+00 3.400000e+00 1.800000e+01
      vertex 4.808326e+00 4.808326e+00 1.800000e+01
      vertex 4.242641e+00 4.242641e+00 2.200000e+01
    endloop
  endfacet
  facet normal 7.782020e-01 5.971354e-01 1.945021e-01
    outer loop
      vertex 5.888973e+00 3.400000e+00 1.800000e+01
      vertex 4.242641e+00 4.242641e+00 2.200000e+01
      vertex 5.196152e+00 3.000000e+00 2.200000e+01
    endloop
  endfacet
  facet normal 5.971354e-01 7.782020e-01 1.945021e-01
    outer loop
      vertex 4.808326e+00 4.808326e+00 1.800000e+01
      vertex 3.400000e+00 5.888973e+00 1.800000e+01
      vertex 3.000000e+00 5.196152e+00 2.200000e+01
    endloop
  endfacet
  facet normal 5.971354e-01 7.782020e-01 1.945021e-01
    outer loop
      vertex 4.808326e+00 4.808326e+00 1.800000e+01
      vertex 3.000000e+00 5.196152e+00 2.200000e+01
      vertex 4.242641e+00 4.242641e+00 2.200000e+01
    endloop
  endfacet
  facet normal 3.753750e-01 9.062354e-01 1.945021e-01
    outer loop
      vertex 3.400000e+00 5.888973e+00 1.800000e+01
      vertex 1.759970e+00 6.568296e+00 1.800000e+01
      vertex 1.552914e+00 5.795555e+00 2.200000e+01
    endloop
  endfacet
  facet normal 3.753750e-01 9.062354e-01 1.945021e-01
    outer loop
      vertex 3.400000e+00 5.888973e+00 1.800000e+01
      vertex 1.552914e+00 5.795555e+00 2.200000e+01
      vertex 3.000000e+00 5.196152e+00 2.200000e+01
    endloop
  endfacet
  facet normal 1.280334e-01 9.725104e-01 1.945021e-01
    outer loop
      vertex 1.759970e+00 6.568296e+00 1.800000e+01
      vertex 4.163799e-16 6.800000e+00 1.800000e+01
      vertex 3.673940e-16 6.000000e+00 2.200000e+01
    endloop
  endfacet
  facet normal 1.280334e-01 9.725104e-01 1.945021e-01
    outer loop
      vertex 1.759970e+00 6.568296e+00 1.800000e+01
      vertex 3.673940e-16 6.000000e+00 2.200000e+01
      vertex 1.552914e+00 5.795555e+00 2.200000e+01
    endloop
  endfacet
  facet normal -1.280334e-01 9.725104e-01 1.945021e-01
    outer loop
      vertex 4.163799e-16 6.800000e+00 1.800000e+01
      vertex -1.759970e+00 6.568296e+00 1.800000e+01
      vertex -1.552914e+00 5.795555e+00 2.200000e+01
    endloop
  endfacet
  facet normal -1.280334e-01 9.725104e-01 1.945021e-01
    outer loop
      vertex 4.163799e-16 6.800000e+00 1.800000e+01
      vertex -1.552914e+00 5.795555e+00 2.200000e+01
      vertex 3.673940e-16 6.000000e+00 2.200000e+01
    endloop
  endfacet
  facet normal -3.753750e-01 9.062354e-01 1.945021e-01
    outer loop
      vertex -1.759970e+00 6.568296e+00 1.800000e+01
      vertex -3.400000e+00 5.888973e+00 1.800000e+01
      vertex -3.000000e+00 5.196152e+00 2.200000e+01
    endloop
  endfacet
  facet normal -3.753750e-01 9.062354e-01 1.945021e-01
    outer loop
      vertex -1.759970e+00 6.568296e+00 1.800000e+01
      vertex -3.000000e+00 5.196152e+00 2.200000e+01
      vertex -1.552914e+00 5.795555e+00 2.200000e+01
    endloop
  endfacet
  facet normal -5.971354e-01 7.782020e-01 1.945021e-01
    outer loop
      vertex -3.400000e+00 5.888973e+00 1.800000e+01
      vertex -4.808326e+00 4.808326e+00 1.800000e+01
      vertex -4.242641e+00 4.242641e+00 2.200000e+01
    endloop
  endfacet
  facet normal -5.971354e-01 7.782020e-01 1.945021e-01
    outer loop
      vertex -3.400000e+00 5.888973e+00 1.800000e+01
      vertex -4.242641e+00 4.242641e+00 2.200000e+01
      vertex -3.000000e+00 5.196152e+00 2.200000e+01
    endloop
  endfacet
  facet normal -7.782020e-01 5.971354e-01 1.945021e-01
    outer loop
      vertex -4.808326e+00 4.808326e+00 1.800000e+01
      vertex -5.888973e+00 3.400000e+00 1.800000e+01
      vertex -5.196152e+00 3.000000e+00 2.200000e+01
    endloop
  endfacet
  facet normal -7.782020e-01 5.971354e-01 1.945021e-01
    outer loop
      vertex -4.808326e+00 4.808326e+00 1.800000e+01
      vertex -5.196152e+00 3.000000e+00 2.200000e+01
      vertex -4.242641e+00 4.242641e+00 2.200000e+01
    endloop
  endfacet
  facet normal -9.062354e-01 3.753750e-01 1.945021e-01
    outer loop
      vertex -5.888973e+00 3.400000e+00 1.800000e+01
      vertex -6.568296e+00 1.759970e+00 1.800000e+01
      vertex -5.795555e+00 1.552914e+00 2.200000e+01
    endloop
  endfacet
  facet normal -9.062354e-01 3.753750e-01 1.945021e-01
    outer loop
      vertex -5.888973e+00 3.400000e+00 1.800000e+01
      vertex -5.795555e+00 1.552914e+00 2.200000e+01
      vertex -5.196152e+00 3.000000e+00 2.200000e+01
    endloop
  endfacet
  facet normal -9.725104e-01 1.280334e-01 1.945021e-01
    outer loop
      vertex -6.568296e+00 1.759970e+00 1.800000e+01
      vertex -6.800000e+00 8.327598e-16 1.800000e+01
      vertex -6.000000e+00 7.347881e-16 2.200000e+01
    endloop
  endfacet
  facet normal -9.725104e-01 1.280334e-01 1.945021e-01
    outer loop
      vertex -6.568296e+00 1.759970e+00 1.800000e+01
      vertex -6.000000e+00 7.347881e-16 2.200000e+01
      vertex -5.795555e+00 1.552914e+00 2.200000e+01
    endloop
  endfacet
  facet normal -9.725104e-01 -1.280334e-01 1.945021e-01
    outer loop
      vertex -6.800000e+00 8.327598e-16 1.800000e+01
      vertex -6.568296e+00 -1.759970e+00 1.800000e+01
      vertex -5.795555e+00 -1.552914e+00 2.200000e+01
    endloop
  endfacet
  facet normal -9.725104e-01 -1.280334e-01 1.945021e-01
    outer loop
      vertex -6.800000e+00 8.327598e-16 1.800000e+01
      vertex -5.795555e+00 -1.552914e+00 2.200000e+01
      vertex -6.000000e+00 7.347881e-16 2.200000e+01
    endloop
  endfacet
  facet normal -9.062354e-01 -3.753750e-01 1.945021e-01
    outer loop
      vertex -6.568296e+00 -1.759970e+00 1.800000e+01
      vertex -5.888973e+00 -3.400000e+00 1.800000e+01
      vertex -5.196152e+00 -3.000000e+00 2.200000e+01
    endloop
  endfacet
  facet normal -9.062354e-01 -3.753750e-01 1.945021e-01
    outer loop
      vertex -6.568296e+00 -1.759970e+00 1.800000e+01
      vertex -5.196152e+00 -3.000000e+00 2.200000e+01
      vertex -5.795555e+00 -1.552914e+00 2.200000e+01
    endloop
  endfacet
  facet normal -7.782020e-01 -5.971354e-01 1.945021e-01
    outer loop
      vertex -5.888973e+00 -3.400000e+00 1.800000e+01
      vertex -4.808326e+00 -4.808326e+00 1.800000e+01
      vertex -4.242641e+00 -4.242641e+00 2.200000e+01
    endloop
  endfacet
  facet normal -7.782020e-01 -5.971354e-01 1.945021e-01
    outer loop
      vertex -5.888973e+00 -3.400000e+00 1.800000e+01
      vertex -4.242641e+00 -4.242641e+00 2.200000e+01
      vertex -5.196152e+00 -3.000000e+00 2.200000e+01
    endloop
  endfacet
  facet normal -5.971354e-01 -7.782020e-01 1.945021e-01
    outer loop
      vertex -4.808326e+00 -4.808326e+00 1.800000e+01
      vertex -3.400000e+00 -5.888973e+00 1.800000e+01
      vertex -3.000000e+00 -5.196152e+00 2.200000e+01
    endloop
  endfacet
  facet normal -5.971354e-01 -7.782020e-01 1.945021e-01
    outer loop
      vertex -4.808326e+00 -4.808326e+00 1.800000e+01
      vertex -3.000000e+00 -5.196152e+00 2.200000e+01
      vertex -4.242641e+00 -4.242641e+00 2.200000e+01
    endloop
  endfacet
  facet normal -3.753750e-01 -9.062354e-01 1.945021e-01
    outer loop
      vertex -3.400000e+00 -5.888973e+00 1.800000e+01
      vertex -1.759970e+00 -6.568296e+00 1.800000e+01
      vertex -1.552914e+00 -5.795555e+00 2.200000e+01
    endloop
  endfacet
  facet normal -3.753750e-01 -9.062354e-01 1.945021e-01
    outer loop
      vertex -3.400000e+00 -5.888973e+00 1.800000e+01
      vertex -1.552914e+00 -5.795555e+00 2.200000e+01
      vertex -3.000000e+00 -5.196152e+00 2.200000e+01
    endloop
  endfacet
  facet normal -1.280334e-01 -9.725104e-01 1.945021e-01
    outer loop
      vertex -1.759970e+00 -6.568296e+00 1.800000e+01
      vertex -1.249140e-15 -6.800000e+00 1.800000e+01
      vertex -1.102182e-15 -6.000000e+00 2.200000e+01
    endloop
  endfacet
  facet normal -1.280334e-01 -9.725104e-01 1.945021e-01
    outer loop
      vertex -1.759970e+00 -6.568296e+00 1.800000e+01
      vertex -1.102182e-15 -6.000000e+00 2.200000e+01
      vertex -1.552914e+00 -5.795555e+00 2.200000e+01
    endloop
  endfacet
  facet normal 1.280334e-01 -9.725104e-01 1.945021e-01
    outer loop
      vertex -1.249140e-15 -6.800000e+00 1.800000e+01
      vertex 1.759970e+00 -6.568296e+00 1.800000e+01
      vertex 1.552914e+00 -5.795555e+00 2.200000e+01
    endloop
  endfacet
  facet normal 1.280334e-01 -9.725104e-01 1.945021e-01
    outer loop
      vertex -1.249140e-15 -6.800000e+00 1.800000e+01
      vertex 1.552914e+00 -5.795555e+00 2.200000e+01
      vertex -1.102182e-15 -6.000000e+00 2.200000e+01
    endloop
  endfacet
  facet normal 3.753750e-01 -9.062354e-01 1.945021e-01
    outer loop
      vertex 1.759970e+00 -6.568296e+00 1.800000e+01
      vertex 3.400000e+00 -5.888973e+00 1.800000e+01
      vertex 3.000000e+00 -5.196152e+00 2.200000e+01
    endloop
  endfacet
  facet normal 3.753750e-01 -9.062354e-01 1.945021e-01
    outer loop
      vertex 1.759970e+00 -6.568296e+00 1.800000e+01
      vertex 3.000000e+00 -5.196152e+00 2.200000e+01
      vertex 1.552914e+00 -5.795555e+00 2.200000e+01
    endloop
  endfacet
  facet normal 5.971354e-01 -7.782020e-01 1.945021e-01
    outer loop
      vertex 3.400000e+00 -5.888973e+00 1.800000e+01
      vertex 4.808326e+00 -4.808326e+00 1.800000e+01
      vertex 4.242641e+00 -4.242641e+00 2.200000e+01
    endloop
  endfacet
  facet normal 5.971354e-01 -7.782020e-01 1.945021e-01
    outer loop
      vertex 3.400000e+00 -5.888973e+00 1.800000e+01
      vertex 4.242641e+00 -4.242641e+00 2.200000e+01
      vertex 3.000000e+00 -5.196152e+00 2.200000e+01
    endloop
  endfacet
  facet normal 7.782020e-01 -5.971354e-01 1.945021e-01
    outer loop
      vertex 4.808326e+00 -4.808326e+00 1.800000e+01
      vertex 5.888973e+00 -3.400000e+00 1.800000e+01
      vertex 5.196152e+00 -3.000000e+00 2.200000e+01
    endloop
  endfacet
  facet normal 7.782020e-01 -5.971354e-01 1.945021e-01
    outer loop
      vertex 4.808326e+00 -4.808326e+00 1.800000e+01
      vertex 5.196152e+00 -3.000000e+00 2.200000e+01
      vertex 4.242641e+00 -4.242641e+00 2.200000e+01
    endloop
  endfacet
  facet normal 9.062354e-01 -3.753750e-01 1.945021e-01
    outer loop
      vertex 5.888973e+00 -3.400000e+00 1.800000e+01
      vertex 6.568296e+00 -1.759970e+00 1.800000e+01
      vertex 5.795555e+00 -1.552914e+00 2.200000e+01
    endloop
  endfacet
  facet normal 9.062354e-01 -3.753750e-01 1.945021e-01
    outer loop
      vertex 5.888973e+00 -3.400000e+00 1.800000e+01
      vertex 5.795555e+00 -1.552914e+00 2.200000e+01
      vertex 5.196152e+00 -3.000000e+00 2.200000e+01
    endloop
  endfacet
  facet normal 9.725104e-01 -1.280334e-01 1.945021e-01
    outer loop
      vertex 6.568296e+00 -1.759970e+00 1.800000e+01
      vertex 6.800000e+00 0.000000e+00 1.800000e+01
      vertex 6.000000e+00 0.000000e+00 2.200000e+01
    endloop
  endfacet
  facet normal 9.725104e-01 -1.280334e-01 1.945021e-01
    outer loop
      vertex 6.568296e+00 -1.759970e+00 1.800000e+01
      vertex 6.000000e+00 0.000000e+00 2.200000e+01
      vertex 5.795555e+00 -1.552914e+00 2.200000e+01
    endloop
  endfacet
  facet normal 9.902289e-01 1.303661e-01 4.951145e-02
    outer loop
      vertex 6.000000e+00 0.000000e+00 2.200000e+01
      vertex 5.795555e+00 1.552914e+00 2.200000e+01
      vertex 5.602370e+00 1.501150e+00 2.600000e+01
    endloop
  endfacet
  facet normal 9.902289e-01 1.303661e-01 4.951145e-02
    outer loop
      vertex 6.000000e+00 0.000000e+00 2.200000e+01
      vertex 5.602370e+00 1.501150e+00 2.600000e+01
      vertex 5.800000e+00 0.000000e+00 2.600000e+01
    endloop
  endfacet
  facet normal 9.227464e-01 3.822141e-01 4.951145e-02
    outer loop
      vertex 5.795555e+00 1.552914e+00 2.200000e+01
      vertex 5.196152e+00 3.000000e+00 2.200000e+01
      vertex 5.022947e+00 2.900000e+00 2.600000e+01
    endloop
  endfacet
  facet normal 9.227464e-01 3.822141e-01 4.951145e-02
    outer loop
      vertex 5.795555e+00 1.552914e+00 2.200000e+01
      vertex 5.022947e+00 2.900000e+00 2.600000e+01
      vertex 5.602370e+00 1.501150e+00 2.600000e+01
    endloop
  endfacet
  facet normal 7.923803e-01 6.080148e-01 4.951145e-02
    outer loop
      vertex 5.196152e+00 3.000000e+00 2.200000e+01
      vertex 4.242641e+00 4.242641e+00 2.200000e+01
      vertex 4.101219e+00 4.101219e+00 2.600000e+01
    endloop
  endfacet
  facet normal 7.923803e-01 6.080148e-01 4.951145e-02
    outer loop
      vertex 5.196152e+00 3.000000e+00 2.200000e+01
      vertex 4.101219e+00 4.101219e+00 2.600000e+01
      vertex 5.022947e+00 2.900000e+00 2.600000e+01
    endloop
  endfacet
  facet normal 6.080148e-01 7.923803e-01 4.951145e-02
    outer loop
      vertex 4.242641e+00 4.242641e+00 2.200000e+01
      vertex 3.000000e+00 5.196152e+00 2.200000e+01
      vertex 2.900000e+00 5.022947e+00 2.600000e+01
    endloop
  endfacet
  facet normal 6.080148e-01 7.923803e-01 4.951145e-02
    outer loop
      vertex 4.242641e+00 4.242641e+00 2.200000e+01
      vertex 2.900000e+00 5.022947e+00 2.600000e+01
      vertex 4.101219e+00 4.101219e+00 2.600000e+01
    endloop
  endfacet
  facet normal 3.822141e-01 9.227464e-01 4.951145e-02
    outer loop
      vertex 3.000000e+00 5.196152e+00 2.200000e+01
      vertex 1.552914e+00 5.795555e+00 2.200000e+01
      vertex 1.501150e+00 5.602370e+00 2.600000e+01
    endloop
  endfacet
  facet normal 3.822141e-01 9.227464e-01 4.951145e-02
    outer loop
      vertex 3.000000e+00 5.196152e+00 2.200000e+01
      vertex 1.501150e+00 5.602370e+00 2.600000e+01
      vertex 2.900000e+00 5.022947e+00 2.600000e+01
    endloop
  endfacet
  facet normal 1.303661e-01 9.902289e-01 4.951145e-02
    outer loop
      vertex 1.552914e+00 5.795555e+00 2.200000e+01
      vertex 3.673940e-16 6.000000e+00 2.200000e+01
      vertex 3.551476e-16 5.800000e+00 2.600000e+01
    endloop
  endfacet
  facet normal 1.303661e-01 9.902289e-01 4.951145e-02
    outer loop
      vertex 1.552914e+00 5.795555e+00 2.200000e+01
      vertex 3.551476e-16 5.800000e+00 2.600000e+01
      vertex 1.501150e+00 5.602370e+00 2.600000e+01
    endloop
  endfacet
  facet normal -1.303661e-01 9.902289e-01 4.951145e-02
    outer loop
      vertex 3.673940e-16 6.000000e+00 2.200000e+01
      vertex -1.552914e+00 5.795555e+00 2.200000e+01
      vertex -1.501150e+00 5.602370e+00 2.600000e+01
    endloop
  endfacet
  facet normal -1.303661e-01 9.902289e-01 4.951145e-02
    outer loop
      vertex 3.673940e-16 6.000000e+00 2.200000e+01
      vertex -1.501150e+00 5.602370e+00 2.600000e+01
      vertex 3.551476e-16 5.800000e+00 2.600000e+01
    endloop
  endfacet
  facet normal -3.822141e-01 9.227464e-01 4.951145e-02
    outer loop
      vertex -1.552914e+00 5.795555e+00 2.200000e+01
      vertex -3.000000e+00 5.196152e+00 2.200000e+01
      vertex -2.900000e+00 5.022947e+00 2.600000e+01
    endloop
  endfacet
  facet normal -3.822141e-01 9.227464e-01 4.951145e-02
    outer loop
      vertex -1.552914e+00 5.795555e+00 2.200000e+01
      vertex -2.900000e+00 5.022947e+00 2.600000e+01
      vertex -1.501150e+00 5.602370e+00 2.600000e+01
    endloop
  endfacet
  facet normal -6.080148e-01 7.923803e-01 4.951145e-02
    outer loop
      vertex -3.000000e+00 5.196152e+00 2.200000e+01
      vertex -4.242641e+00 4.242641e+00 2.200000e+01
      vertex -4.101219e+00 4.101219e+00 2.600000e+01
    endloop
  endfacet
  facet normal -6.080148e-01 7.923803e-01 4.951145e-02
    outer loop
      vertex -3.000000e+00 5.196152e+00 2.200000e+01
      vertex -4.101219e+00 4.101219e+00 2.600000e+01
      vertex -2.900000e+00 5.022947e+00 2.600000e+01
    endloop
  endfacet
  facet normal -7.923803e-01 6.080148e-01 4.951145e-02
    outer loop
      vertex -4.242641e+00 4.242641e+00 2.200000e+01
      vertex -5.196152e+00 3.000000e+00 2.200000e+01
      vertex -5.022947e+00 2.900000e+00 2.600000e+01
    endloop
  endfacet
  facet normal -7.923803e-01 6.080148e-01 4.951145e-02
    outer loop
      vertex -4.242641e+00 4.242641e+00 2.200000e+01
      vertex -5.022947e+00 2.900000e+00 2.600000e+01
      vertex -4.101219e+00 4.101219e+00 2.600000e+01
    endloop
  endfacet
  facet normal -9.227464e-01 3.822141e-01 4.951145e-02
    outer loop
      vertex -5.196152e+00 3.000000e+00 2.200000e+01
      vertex -5.795555e+00 1.552914e+00 2.200000e+01
      vertex -5.602370e+00 1.501150e+00 2.600000e+01
    endloop
  endfacet
  facet normal -9.227464e-01 3.822141e-01 4.951145e-02
    outer loop
      vertex -5.196152e+00 3.000000e+00 2.200000e+01
      vertex -5.602370e+00 1.501150e+00 2.600000e+01
      vertex -5.022947e+00 2.900000e+00 2.600000e+01
    endloop
  endfacet
  facet normal -9.902289e-01 1.303661e-01 4.951145e-02
    outer loop
      vertex -5.795555e+00 1.552914e+00 2.200000e+01
      vertex -6.000000e+00 7.347881e-16 2.200000e+01
      vertex -5.800000e+00 7.102951e-16 2.600000e+01
    endloop
  endfacet
  facet normal -9.902289e-01 1.303661e-01 4.951145e-02
    outer loop
      vertex -5.795555e+00 1.552914e+00 2.200000e+01
      vertex -5.800000e+00 7.102951e-16 2.600000e+01
      vertex -5.602370e+00 1.501150e+00 2.600000e+01
    endloop
  endfacet
  facet normal -9.902289e-01 -1.303661e-01 4.951145e-02
    outer loop
      vertex -6.000000e+00 7.347881e-16 2.200000e+01
      vertex -5.795555e+00 -1.552914e+00 2.200000e+01
      vertex -5.602370e+00 -1.501150e+00 2.600000e+01
    endloop
  endfacet
  facet normal -9.902289e-01 -1.303661e-01 4.951145e-02
    outer loop
      vertex -6.000000e+00 7.347881e-16 2.200000e+01
      vertex -5.602370e+00 -1.501150e+00 2.600000e+01
      vertex -5.800000e+00 7.102951e-16 2.600000e+01
    endloop
  endfacet
  facet normal -9.227464e-01 -3.822141e-01 4.951145e-02
    outer loop
      vertex -5.795555e+00 -1.552914e+00 2.200000e+01
      vertex -5.196152e+00 -3.000000e+00 2.200000e+01
      vertex -5.022947e+00 -2.900000e+00 2.600000e+01
    endloop
  endfacet
  facet normal -9.227464e-01 -3.822141e-01 4.951145e-02
    outer loop
      vertex -5.795555e+00 -1.552914e+00 2.200000e+01
      vertex -5.022947e+00 -2.900000e+00 2.600000e+01
      vertex -5.602370e+00 -1.501150e+00 2.600000e+01
    endloop
  endfacet
  facet normal -7.923803e-01 -6.080148e-01 4.951145e-02
    outer loop
      vertex -5.196152e+00 -3.000000e+00 2.200000e+01
      vertex -4.242641e+00 -4.242641e+00 2.200000e+01
      vertex -4.101219e+00 -4.101219e+00 2.600000e+01
    endloop
  endfacet
  facet normal -7.923803e-01 -6.080148e-01 4.951145e-02
    outer loop
      vertex -5.196152e+00 -3.000000e+00 2.200000e+01
      vertex -4.101219e+00 -4.101219e+00 2.600000e+01
      vertex -5.022947e+00 -2.900000e+00 2.600000e+01
    endloop
  endfacet
  facet normal -6.080148e-01 -7.923803e-01 4.951145e-02
    outer loop
      vertex -4.242641e+00 -4.242641e+00 2.200000e+01
      vertex -3.000000e+00 -5.196152e+00 2.200000e+01
      vertex -2.900000e+00 -5.022947e+00 2.600000e+01
    endloop
  endfacet
  facet normal -6.080148e-01 -7.923803e-01 4.951145e-02
    outer loop
      vertex -4.242641e+00 -4.242641e+00 2.200000e+01
      vertex -2.900000e+00 -5.022947e+00 2.600000e+01
      vertex -4.101219e+00 -4.101219e+00 2.600000e+01
    endloop
  endfacet
  facet normal -3.822141e-01 -9.227464e-01 4.951145e-02
    outer loop
      vertex -3.000000e+00 -5.196152e+00 2.200000e+01
      vertex -1.552914e+00 -5.795555e+00 2.200000e+01
      vertex -1.501150e+00 -5.602370e+00 2.600000e+01
    endloop
  endfacet
  facet normal -3.822141e-01 -9.227464e-01 4.951145e-02
    outer loop
      vertex -3.000000e+00 -5.196152e+00 2.200000e+01
      vertex -1.501150e+00 -5.602370e+00 2.600000e+01
      vertex -2.900000e+00 -5.022947e+00 2.600000e+01
    endloop
  endfacet
  facet normal -1.303661e-01 -9.902289e-01 4.951145e-02
    outer loop
      vertex -1.552914e+00 -5.795555e+00 2.200000e+01
      vertex -1.102182e-15 -6.000000e+00 2.200000e+01
      vertex -1.065443e-15 -5.800000e+00 2.600000e+01
    endloop
  endfacet
  facet normal -1.303661e-01 -9.902289e-01 4.951145e-02
    outer loop
      vertex -1.552914e+00 -5.795555e+00 2.200000e+01
      vertex -1.065443e-15 -5.800000e+00 2.600000e+01
      vertex -1.501150e+00 -5.602370e+00 2.600000e+01
    endloop
  endfacet
  facet normal 1.303661e-01 -9.902289e-01 4.951145e-02
    outer loop
      vertex -1.102182e-15 -6.000000e+00 2.200000e+01
      vertex 1.552914e+00 -5.795555e+00 2.200000e+01
      vertex 1.501150e+00 -5.602370e+00 2.600000e+01
    endloop
  endfacet
  facet normal 1.303661e-01 -9.902289e-01 4.951145e-02
    outer loop
      vertex -1.102182e-15 -6.000000e+00 2.200000e+01
      vertex 1.501150e+00 -5.602370e+00 2.600000e+01
      vertex -1.065443e-15 -5.800000e+00 2.600000e+01
    endloop
  endfacet
  facet normal 3.822141e-01 -9.227464e-01 4.951145e-02
    outer loop
      vertex 1.552914e+00 -5.795555e+00 2.200000e+01
      vertex 3.000000e+00 -5.196152e+00 2.200000e+01
      vertex 2.900000e+00 -5.022947e+00 2.600000e+01
    endloop
  endfacet
  facet normal 3.822141e-01 -9.227464e-01 4.951145e-02
    outer loop
      vertex 1.552914e+00 -5.795555e+00 2.200000e+01
      vertex 2.900000e+00 -5.022947e+00 2.600000e+01
      vertex 1.501150e+00 -5.602370e+00 2.600000e+01
    endloop
  endfacet
  facet normal 6.080148e-01 -7.923803e-01 4.951145e-02
    outer loop
      vertex 3.000000e+00 -5.196152e+00 2.200000e+01
      vertex 4.242641e+00 -4.242641e+00 2.200000e+01
      vertex 4.101219e+00 -4.101219e+00 2.600000e+01
    endloop
  endfacet
  facet normal 6.080148e-01 -7.923803e-01 4.951145e-02
    outer loop
      vertex 3.000000e+00 -5.196152e+00 2.200000e+01
      vertex 4.101219e+00 -4.101219e+00 2.600000e+01
      vertex 2.900000e+00 -5.022947e+00 2.600000e+01
    endloop
  endfacet
  facet normal 7.923803e-01 -6.080148e-01 4.951145e-02
    outer loop
      vertex 4.242641e+00 -4.242641e+00 2.200000e+01
      vertex 5.196152e+00 -3.000000e+00 2.200000e+01
      vertex 5.022947e+00 -2.900000e+00 2.600000e+01
    endloop
  endfacet
  facet normal 7.923803e-01 -6.080148e-01 4.951145e-02
    outer loop
      vertex 4.242641e+00 -4.242641e+00 2.200000e+01
      vertex 5.022947e+00 -2.900000e+00 2.600000e+01
      vertex 4.101219e+00 -4.101219e+00 2.600000e+01
    endloop
  endfacet
  facet normal 9.227464e-01 -3.822141e-01 4.951145e-02
    outer loop
      vertex 5.196152e+00 -3.000000e+00 2.200000e+01
      vertex 5.795555e+00 -1.552914e+00 2.200000e+01
      vertex 5.602370e+00 -1.501150e+00 2.600000e+01
    endloop
  endfacet
  facet normal 9.227464e-01 -3.822141e-01 4.951145e-02
    outer loop
      vertex 5.196152e+00 -3.000000e+00 2.200000e+01
      vertex 5.602370e+00 -1.501150e+00 2.600000e+01
      vertex 5.022947e+00 -2.900000e+00 2.600000e+01
    endloop
  endfacet
  facet normal 9.902289e-01 -1.303661e-01 4.951145e-02
    outer loop
      vertex 5.795555e+00 -1.552914e+00 2.200000e+01
      vertex 6.000000e+00 0.000000e+00 2.200000e+01
      vertex 5.800000e+00 0.000000e+00 2.600000e+01
    endloop
  endfacet
  facet normal 9.902289e-01 -1.303661e-01 4.951145e-02
    outer loop
      vertex 5.795555e+00 -1.552914e+00 2.200000e+01
      vertex 5.800000e+00 0.000000e+00 2.600000e+01
      vertex 5.602370e+00 -1.501150e+00 2.600000e+01
    endloop
  endfacet
  facet normal 9.828941e-01 1.294005e-01 -1.310525e-01
    outer loop
      vertex 5.800000e+00 0.000000e+00 2.600000e+01
      vertex 5.602370e+00 1.501150e+00 2.600000e+01
      vertex 5.988740e+00 1.604678e+00 2.900000e+01
    endloop
  endfacet
  facet normal 9.828941e-01 1.294005e-01 -1.310525e-01
    outer loop
      vertex 5.800000e+00 0.000000e+00 2.600000e+01
      vertex 5.988740e+00 1.604678e+00 2.900000e+01
      vertex 6.200000e+00 0.000000e+00 2.900000e+01
    endloop
  endfacet
  facet normal 9.159115e-01 3.793829e-01 -1.310525e-01
    outer loop
      vertex 5.602370e+00 1.501150e+00 2.600000e+01
      vertex 5.022947e+00 2.900000e+00 2.600000e+01
      vertex 5.369358e+00 3.100000e+00 2.900000e+01
    endloop
  endfacet
  facet normal 9.159115e-01 3.793829e-01 -1.310525e-01
    outer loop
      vertex 5.602370e+00 1.501150e+00 2.600000e+01
      vertex 5.369358e+00 3.100000e+00 2.900000e+01
      vertex 5.988740e+00 1.604678e+00 2.900000e+01
    endloop
  endfacet
  facet normal 7.865110e-01 6.035111e-01 -1.310525e-01
    outer loop
      vertex 5.022947e+00 2.900000e+00 2.600000e+01
      vertex 4.101219e+00 4.101219e+00 2.600000e+01
      vertex 4.384062e+00 4.384062e+00 2.900000e+01
    endloop
  endfacet
  facet normal 7.865110e-01 6.035111e-01 -1.310525e-01
    outer loop
      vertex 5.022947e+00 2.900000e+00 2.600000e+01
      vertex 4.384062e+00 4.384062e+00 2.900000e+01
      vertex 5.369358e+00 3.100000e+00 2.900000e+01
    endloop
  endfacet
  facet normal 6.035111e-01 7.865110e-01 -1.310525e-01
    outer loop
      vertex 4.101219e+00 4.101219e+00 2.600000e+01
      vertex 2.900000e+00 5.022947e+00 2.600000e+01
      vertex 3.100000e+00 5.369358e+00 2.900000e+01
    endloop
  endfacet
  facet normal 6.035111e-01 7.865110e-01 -1.310525e-01
    outer loop
      vertex 4.101219e+00 4.101219e+00 2.600000e+01
      vertex 3.100000e+00 5.369358e+00 2.900000e+01
      vertex 4.384062e+00 4.384062e+00 2.900000e+01
    endloop
  endfacet
  facet normal 3.793829e-01 9.159115e-01 -1.310525e-01
    outer loop
      vertex 2.900000e+00 5.022947e+00 2.600000e+01
      vertex 1.501150e+00 5.602370e+00 2.600000e+01
      vertex 1.604678e+00 5.988740e+00 2.900000e+01
    endloop
  endfacet
  facet normal 3.793829e-01 9.159115e-01 -1.310525e-01
    outer loop
      vertex 2.900000e+00 5.022947e+00 2.600000e+01
      vertex 1.604678e+00 5.988740e+00 2.900000e+01
      vertex 3.100000e+00 5.369358e+00 2.900000e+01
    endloop
  endfacet
  facet normal 1.294005e-01 9.828941e-01 -1.310525e-01
    outer loop
      vertex 1.501150e+00 5.602370e+00 2.600000e+01
      vertex 3.551476e-16 5.800000e+00 2.600000e+01
      vertex 3.796405e-16 6.200000e+00 2.900000e+01
    endloop
  endfacet
  facet normal 1.294005e-01 9.828941e-01 -1.310525e-01
    outer loop
      vertex 1.501150e+00 5.602370e+00 2.600000e+01
      vertex 3.796405e-16 6.200000e+00 2.900000e+01
      vertex 1.604678e+00 5.988740e+00 2.900000e+01
    endloop
  endfacet
  facet normal -1.294005e-01 9.828941e-01 -1.310525e-01
    outer loop
      vertex 3.551476e-16 5.800000e+00 2.600000e+01
      vertex -1.501150e+00 5.602370e+00 2.600000e+01
      vertex -1.604678e+00 5.988740e+00 2.900000e+01
    endloop
  endfacet
  facet normal -1.294005e-01 9.828941e-01 -1.310525e-01
    outer loop
      vertex 3.551476e-16 5.800000e+00 2.600000e+01
      vertex -1.604678e+00 5.988740e+00 2.900000e+01
      vertex 3.796405e-16 6.200000e+00 2.900000e+01
    endloop
  endfacet
  facet normal -3.793829e-01 9.159115e-01 -1.310525e-01
    outer loop
      vertex -1.501150e+00 5.602370e+00 2.600000e+01
      vertex -2.900000e+00 5.022947e+00 2.600000e+01
      vertex -3.100000e+00 5.369358e+00 2.900000e+01
    endloop
  endfacet
  facet normal -3.793829e-01 9.159115e-01 -1.310525e-01
    outer loop
      vertex -1.501150e+00 5.602370e+00 2.600000e+01
      vertex -3.100000e+00 5.369358e+00 2.900000e+01
      vertex -1.604678e+00 5.988740e+00 2.900000e+01
    endloop
  endfacet
  facet normal -6.035111e-01 7.865110e-01 -1.310525e-01
    outer loop
      vertex -2.900000e+00 5.022947e+00 2.600000e+01
      vertex -4.101219e+00 4.101219e+00 2.600000e+01
      vertex -4.384062e+00 4.384062e+00 2.900000e+01
    endloop
  endfacet
  facet normal -6.035111e-01 7.865110e-01 -1.310525e-01
    outer loop
      vertex -2.900000e+00 5.022947e+00 2.600000e+01
      vertex -4.384062e+00 4.384062e+00 2.900000e+01
      vertex -3.100000e+00 5.369358e+00 2.900000e+01
    endloop
  endfacet
  facet normal -7.865110e-01 6.035111e-01 -1.310525e-01
    outer loop
      vertex -4.101219e+00 4.101219e+00 2.600000e+01
      vertex -5.022947e+00 2.900000e+00 2.600000e+01
      vertex -5.369358e+00 3.100000e+00 2.900000e+01
    endloop
  endfacet
  facet normal -7.865110e-01 6.035111e-01 -1.310525e-01
    outer loop
      vertex -4.101219e+00 4.101219e+00 2.600000e+01
      vertex -5.369358e+00 3.100000e+00 2.900000e+01
      vertex -4.384062e+00 4.384062e+00 2.900000e+01
    endloop
  endfacet
  facet normal -9.159115e-01 3.793829e-01 -1.310525e-01
    outer loop
      vertex -5.022947e+00 2.900000e+00 2.600000e+01
      vertex -5.602370e+00 1.501150e+00 2.600000e+01
      vertex -5.988740e+00 1.604678e+00 2.900000e+01
    endloop
  endfacet
  facet normal -9.159115e-01 3.793829e-01 -1.310525e-01
    outer loop
      vertex -5.022947e+00 2.900000e+00 2.600000e+01
      vertex -5.988740e+00 1.604678e+00 2.900000e+01
      vertex -5.369358e+00 3.100000e+00 2.900000e+01
    endloop
  endfacet
  facet normal -9.828941e-01 1.294005e-01 -1.310525e-01
    outer loop
      vertex -5.602370e+00 1.501150e+00 2.600000e+01
      vertex -5.800000e+00 7.102951e-16 2.600000e+01
      vertex -6.200000e+00 7.592810e-16 2.900000e+01
    endloop
  endfacet
  facet normal -9.828941e-01 1.294005e-01 -1.310525e-01
    outer loop
      vertex -5.602370e+00 1.501150e+00 2.600000e+01
      vertex -6.200000e+00 7.592810e-16 2.900000e+01
      vertex -5.988740e+00 1.604678e+00 2.900000e+01
    endloop
  endfacet
  facet normal -9.828941e-01 -1.294005e-01 -1.310525e-01
    outer loop
      vertex -5.800000e+00 7.102951e-16 2.600000e+01
      vertex -5.602370e+00 -1.501150e+00 2.600000e+01
      vertex -5.988740e+00 -1.604678e+00 2.900000e+01
    endloop
  endfacet
  facet normal -9.828941e-01 -1.294005e-01 -1.310525e-01
    outer loop
      vertex -5.800000e+00 7.102951e-16 2.600000e+01
      vertex -5.988740e+00 -1.604678e+00 2.900000e+01
      vertex -6.200000e+00 7.592810e-16 2.900000e+01
    endloop
  endfacet
  facet normal -9.159115e-01 -3.793829e-01 -1.310525e-01
    outer loop
      vertex -5.602370e+00 -1.501150e+00 2.600000e+01
      vertex -5.022947e+00 -2.900000e+00 2.600000e+01
      vertex -5.369358e+00 -3.100000e+00 2.900000e+01
    endloop
  endfacet
  facet normal -9.159115e-01 -3.793829e-01 -1.310525e-01
    outer loop
      vertex -5.602370e+00 -1.501150e+00 2.600000e+01
      vertex -5.369358e+00 -3.100000e+00 2.900000e+01
      vertex -5.988740e+00 -1.604678e+00 2.900000e+01
    endloop
  endfacet
  facet normal -7.865110e-01 -6.035111e-01 -1.310525e-01
    outer loop
      vertex -5.022947e+00 -2.900000e+00 2.600000e+01
      vertex -4.101219e+00 -4.101219e+00 2.600000e+01
      vertex -4.384062e+00 -4.384062e+00 2.900000e+01
    endloop
  endfacet
  facet normal -7.865110e-01 -6.035111e-01 -1.310525e-01
    outer loop
      vertex -5.022947e+00 -2.900000e+00 2.600000e+01
      vertex -4.384062e+00 -4.384062e+00 2.900000e+01
      vertex -5.369358e+00 -3.100000e+00 2.900000e+01
    endloop
  endfacet
  facet normal -6.035111e-01 -7.865110e-01 -1.310525e-01
    outer loop
      vertex -4.101219e+00 -4.101219e+00 2.600000e+01
      vertex -2.900000e+00 -5.022947e+00 2.600000e+01
      vertex -3.100000e+00 -5.369358e+00 2.900000e+01
    endloop
  endfacet
  facet normal -6.035111e-01 -7.865110e-01 -1.310525e-01
    outer loop
      vertex -4.101219e+00 -4.101219e+00 2.600000e+01
      vertex -3.100000e+00 -5.369358e+00 2.900000e+01
      vertex -4.384062e+00 -4.384062e+00 2.900000e+01
    endloop
  endfacet
  facet normal -3.793829e-01 -9.159115e-01 -1.310525e-01
    outer loop
      vertex -2.900000e+00 -5.022947e+00 2.600000e+01
      vertex -1.501150e+00 -5.602370e+00 2.600000e+01
      vertex -1.604678e+00 -5.988740e+00 2.900000e+01
    endloop
  endfacet
  facet normal -3.793829e-01 -9.159115e-01 -1.310525e-01
    outer loop
      vertex -2.900000e+00 -5.022947e+00 2.600000e+01
      vertex -1.604678e+00 -5.988740e+00 2.900000e+01
      vertex -3.100000e+00 -5.369358e+00 2.900000e+01
    endloop
  endfacet
  facet normal -1.294005e-01 -9.828941e-01 -1.310525e-01
    outer loop
      vertex -1.501150e+00 -5.602370e+00 2.600000e+01
      vertex -1.065443e-15 -5.800000e+00 2.600000e+01
      vertex -1.138922e-15 -6.200000e+00 2.900000e+01
    endloop
  endfacet
  facet normal -1.294005e-01 -9.828941e-01 -1.310525e-01
    outer loop
      vertex -1.501150e+00 -5.602370e+00 2.600000e+01
      vertex -1.138922e-15 -6.200000e+00 2.900000e+01
      vertex -1.604678e+00 -5.988740e+00 2.900000e+01
    endloop
  endfacet
  facet normal 1.294005e-01 -9.828941e-01 -1.310525e-01
    outer loop
      vertex -1.065443e-15 -5.800000e+00 2.600000e+01
      vertex 1.501150e+00 -5.602370e+00 2.600000e+01
      vertex 1.604678e+00 -5.988740e+00 2.900000e+01
    endloop
  endfacet
  facet normal 1.294005e-01 -9.828941e-01 -1.310525e-01
    outer loop
      vertex -1.065443e-15 -5.800000e+00 2.600000e+01
      vertex 1.604678e+00 -5.988740e+00 2.900000e+01
      vertex -1.138922e-15 -6.200000e+00 2.900000e+01
    endloop
  endfacet
  facet normal 3.793829e-01 -9.159115e-01 -1.310525e-01
    outer loop
      vertex 1.501150e+00 -5.602370e+00 2.600000e+01
      vertex 2.900000e+00 -5.022947e+00 2.600000e+01
      vertex 3.100000e+00 -5.369358e+00 2.900000e+01
    endloop
  endfacet
  facet normal 3.793829e-01 -9.159115e-01 -1.310525e-01
    outer loop
      vertex 1.501150e+00 -5.602370e+00 2.600000e+01
      vertex 3.100000e+00 -5.369358e+00 2.900000e+01
      vertex 1.604678e+00 -5.988740e+00 2.900000e+01
    endloop
  endfacet
  facet normal 6.035111e-01 -7.865110e-01 -1.310525e-01
    outer loop
      vertex 2.900000e+00 -5.022947e+00 2.600000e+01
      vertex 4.101219e+00 -4.101219e+00 2.600000e+01
      vertex 4.384062e+00 -4.384062e+00 2.900000e+01
    endloop
  endfacet
  facet normal 6.035111e-01 -7.865110e-01 -1.310525e-01
    outer loop
      vertex 2.900000e+00 -5.022947e+00 2.600000e+01
      vertex 4.384062e+00 -4.384062e+00 2.900000e+01
      vertex 3.100000e+00 -5.369358e+00 2.900000e+01
    endloop
  endfacet
  facet normal 7.865110e-01 -6.035111e-01 -1.310525e-01
    outer loop
      vertex 4.101219e+00 -4.101219e+00 2.600000e+01
      vertex 5.022947e+00 -2.900000e+00 2.600000e+01
      vertex 5.369358e+00 -3.100000e+00 2.900000e+01
    endloop
  endfacet
  facet normal 7.865110e-01 -6.035111e-01 -1.310525e-01
    outer loop
      vertex 4.101219e+00 -4.101219e+00 2.600000e+01
      vertex 5.369358e+00 -3.100000e+00 2.900000e+01
      vertex 4.384062e+00 -4.384062e+00 2.900000e+01
    endloop
  endfacet
  facet normal 9.159115e-01 -3.793829e-01 -1.310525e-01
    outer loop
      vertex 5.022947e+00 -2.900000e+00 2.600000e+01
      vertex 5.602370e+00 -1.501150e+00 2.600000e+01
      vertex 5.988740e+00 -1.604678e+00 2.900000e+01
    endloop
  endfacet
  facet normal 9.159115e-01 -3.793829e-01 -1.310525e-01
    outer loop
      vertex 5.022947e+00 -2.900000e+00 2.600000e+01
      vertex 5.988740e+00 -1.604678e+00 2.900000e+01
      vertex 5.369358e+00 -3.100000e+00 2.900000e+01
    endloop
  endfacet
  facet normal 9.828941e-01 -1.294005e-01 -1.310525e-01
    outer loop
      vertex 5.602370e+00 -1.501150e+00 2.600000e+01
      vertex 5.800000e+00 0.000000e+00 2.600000e+01
      vertex 6.200000e+00 0.000000e+00 2.900000e+01
    endloop
  endfacet
  facet normal 9.828941e-01 -1.294005e-01 -1.310525e-01
    outer loop
      vertex 5.602370e+00 -1.501150e+00 2.600000e+01
      vertex 6.200000e+00 0.000000e+00 2.900000e+01
      vertex 5.988740e+00 -1.604678e+00 2.900000e+01
    endloop
  endfacet
  facet normal 9.136489e-01 1.202842e-01 3.883008e-01
    outer loop
      vertex 6.200000e+00 0.000000e+00 2.900000e+01
      vertex 5.988740e+00 1.604678e+00 2.900000e+01
      vertex 4.346666e+00 1.164686e+00 3.300000e+01
    endloop
  endfacet
  facet normal 9.136489e-01 1.202842e-01 3.883008e-01
    outer loop
      vertex 6.200000e+00 0.000000e+00 2.900000e+01
      vertex 4.346666e+00 1.164686e+00 3.300000e+01
      vertex 4.500000e+00 0.000000e+00 3.300000e+01
    endloop
  endfacet
  facet normal 8.513852e-01 3.526553e-01 3.883008e-01
    outer loop
      vertex 5.988740e+00 1.604678e+00 2.900000e+01
      vertex 5.369358e+00 3.100000e+00 2.900000e+01
      vertex 3.897114e+00 2.250000e+00 3.300000e+01
    endloop
  endfacet
  facet normal 8.513852e-01 3.526553e-01 3.883008e-01
    outer loop
      vertex 5.988740e+00 1.604678e+00 2.900000e+01
      vertex 3.897114e+00 2.250000e+00 3.300000e+01
      vertex 4.346666e+00 1.164686e+00 3.300000e+01
    endloop
  endfacet
  facet normal 7.311010e-01 5.609936e-01 3.883008e-01
    outer loop
      vertex 5.369358e+00 3.100000e+00 2.900000e+01
      vertex 4.384062e+00 4.384062e+00 2.900000e+01
      vertex 3.181981e+00 3.181981e+00 3.300000e+01
    endloop
  endfacet
  facet normal 7.311010e-01 5.609936e-01 3.883008e-01
    outer loop
      vertex 5.369358e+00 3.100000e+00 2.900000e+01
      vertex 3.181981e+00 3.181981e+00 3.300000e+01
      vertex 3.897114e+00 2.250000e+00 3.300000e+01
    endloop
  endfacet
  facet normal 5.609936e-01 7.311010e-01 3.883008e-01
    outer loop
      vertex 4.384062e+00 4.384062e+00 2.900000e+01
      vertex 3.100000e+00 5.369358e+00 2.900000e+01
      vertex 2.250000e+00 3.897114e+00 3.300000e+01
    endloop
  endfacet
  facet normal 5.609936e-01 7.311010e-01 3.883008e-01
    outer loop
      vertex 4.384062e+00 4.384062e+00 2.900000e+01
      vertex 2.250000e+00 3.897114e+00 3.300000e+01
      vertex 3.181981e+00 3.181981e+00 3.300000e+01
    endloop
  endfacet
  facet normal 3.526553e-01 8.513852e-01 3.883008e-01
    outer loop
      vertex 3.100000e+00 5.369358e+00 2.900000e+01
      vertex 1.604678e+00 5.988740e+00 2.900000e+01
      vertex 1.164686e+00 4.346666e+00 3.300000e+01
    endloop
  endfacet
  facet normal 3.526553e-01 8.513852e-01 3.883008e-01
    outer loop
      vertex 3.100000e+00 5.369358e+00 2.900000e+01
      vertex 1.164686e+00 4.346666e+00 3.300000e+01
      vertex 2.250000e+00 3.897114e+00 3.300000e+01
    endloop
  endfacet
  facet normal 1.202842e-01 9.136489e-01 3.883008e-01
    outer loop
      vertex 1.604678e+00 5.988740e+00 2.900000e+01
      vertex 3.796405e-16 6.200000e+00 2.900000e+01
      vertex 2.755455e-16 4.500000e+00 3.300000e+01
    endloop
  endfacet
  facet normal 1.202842e-01 9.136489e-01 3.883008e-01
    outer loop
      vertex 1.604678e+00 5.988740e+00 2.900000e+01
      vertex 2.755455e-16 4.500000e+00 3.300000e+01
      vertex 1.164686e+00 4.346666e+00 3.300000e+01
    endloop
  endfacet
  facet normal -1.202842e-01 9.136489e-01 3.883008e-01
    outer loop
      vertex 3.796405e-16 6.200000e+00 2.900000e+01
      vertex -1.604678e+00 5.988740e+00 2.900000e+01
      vertex -1.164686e+00 4.346666e+00 3.300000e+01
    endloop
  endfacet
  facet normal -1.202842e-01 9.136489e-01 3.883008e-01
    outer loop
      vertex 3.796405e-16 6.200000e+00 2.900000e+01
      vertex -1.164686e+00 4.346666e+00 3.300000e+01
      vertex 2.755455e-16 4.500000e+00 3.300000e+01
    endloop
  endfacet
  facet normal -3.526553e-01 8.513852e-01 3.883008e-01
    outer loop
      vertex -1.604678e+00 5.988740e+00 2.900000e+01
      vertex -3.100000e+00 5.369358e+00 2.900000e+01
      vertex -2.250000e+00 3.897114e+00 3.300000e+01
    endloop
  endfacet
  facet normal -3.526553e-01 8.513852e-01 3.883008e-01
    outer loop
      vertex -1.604678e+00 5.988740e+00 2.900000e+01
      vertex -2.250000e+00 3.897114e+00 3.300000e+01
      vertex -1.164686e+00 4.346666e+00 3.300000e+01
    endloop
  endfacet
  facet normal -5.609936e-01 7.311010e-01 3.883008e-01
    outer loop
      vertex -3.100000e+00 5.369358e+00 2.900000e+01
      vertex -4.384062e+00 4.384062e+00 2.900000e+01
      vertex -3.181981e+00 3.181981e+00 3.300000e+01
    endloop
  endfacet
  facet normal -5.609936e-01 7.311010e-01 3.883008e-01
    outer loop
      vertex -3.100000e+00 5.369358e+00 2.900000e+01
      vertex -3.181981e+00 3.181981e+00 3.300000e+01
      vertex -2.250000e+00 3.897114e+00 3.300000e+01
    endloop
  endfacet
  facet normal -7.311010e-01 5.609936e-01 3.883008e-01
    outer loop
      vertex -4.384062e+00 4.384062e+00 2.900000e+01
      vertex -5.369358e+00 3.100000e+00 2.900000e+01
      vertex -3.897114e+00 2.250000e+00 3.300000e+01
    endloop
  endfacet
  facet normal -7.311010e-01 5.609936e-01 3.883008e-01
    outer loop
      vertex -4.384062e+00 4.384062e+00 2.900000e+01
      vertex -3.897114e+00 2.250000e+00 3.300000e+01
      vertex -3.181981e+00 3.181981e+00 3.300000e+01
    endloop
  endfacet
  facet normal -8.513852e-01 3.526553e-01 3.883008e-01
    outer loop
      vertex -5.369358e+00 3.100000e+00 2.900000e+01
      vertex -5.988740e+00 1.604678e+00 2.900000e+01
      vertex -4.346666e+00 1.164686e+00 3.300000e+01
    endloop
  endfacet
  facet normal -8.513852e-01 3.526553e-01 3.883008e-01
    outer loop
      vertex -5.369358e+00 3.100000e+00 2.900000e+01
      vertex -4.346666e+00 1.164686e+00 3.300000e+01
      vertex -3.897114e+00 2.250000e+00 3.300000e+01
    endloop
  endfacet
  facet normal -9.136489e-01 1.202842e-01 3.883008e-01
    outer loop
      vertex -5.988740e+00 1.604678e+00 2.900000e+01
      vertex -6.200000e+00 7.592810e-16 2.900000e+01
      vertex -4.500000e+00 5.510911e-16 3.300000e+01
    endloop
  endfacet
  facet normal -9.136489e-01 1.202842e-01 3.883008e-01
    outer loop
      vertex -5.988740e+00 1.604678e+00 2.900000e+01
      vertex -4.500000e+00 5.510911e-16 3.300000e+01
      vertex -4.346666e+00 1.164686e+00 3.300000e+01
    endloop
  endfacet
  facet normal -9.136489e-01 -1.202842e-01 3.883008e-01
    outer loop
      vertex -6.200000e+00 7.592810e-16 2.900000e+01
      vertex -5.988740e+00 -1.604678e+00 2.900000e+01
      vertex -4.346666e+00 -1.164686e+00 3.300000e+01
    endloop
  endfacet
  facet normal -9.136489e-01 -1.202842e-01 3.883008e-01
    outer loop
      vertex -6.200000e+00 7.592810e-16 2.900000e+01
      vertex -4.346666e+00 -1.164686e+00 3.300000e+01
      vertex -4.500000e+00 5.510911e-16 3.300000e+01
    endloop
  endfacet
  facet normal -8.513852e-01 -3.526553e-01 3.883008e-01
    outer loop
      vertex -5.988740e+00 -1.604678e+00 2.900000e+01
      vertex -5.369358e+00 -3.100000e+00 2.900000e+01
      vertex -3.897114e+00 -2.250000e+00 3.300000e+01
    endloop
  endfacet
  facet normal -8.513852e-01 -3.526553e-01 3.883008e-01
    outer loop
      vertex -5.988740e+00 -1.604678e+00 2.900000e+01
      vertex -3.897114e+00 -2.250000e+00 3.300000e+01
      vertex -4.346666e+00 -1.164686e+00 3.300000e+01
    endloop
  endfacet
  facet normal -7.311010e-01 -5.609936e-01 3.883008e-01
    outer loop
      vertex -5.369358e+00 -3.100000e+00 2.900000e+01
      vertex -4.384062e+00 -4.384062e+00 2.900000e+01
      vertex -3.181981e+00 -3.181981e+00 3.300000e+01
    endloop
  endfacet
  facet normal -7.311010e-01 -5.609936e-01 3.883008e-01
    outer loop
      vertex -5.369358e+00 -3.100000e+00 2.900000e+01
      vertex -3.181981e+00 -3.181981e+00 3.300000e+01
      vertex -3.897114e+00 -2.250000e+00 3.300000e+01
    endloop
  endfacet
  facet normal -5.609936e-01 -7.311010e-01 3.883008e-01
    outer loop
      vertex -4.384062e+00 -4.384062e+00 2.900000e+01
      vertex -3.100000e+00 -5.369358e+00 2.900000e+01
      vertex -2.250000e+00 -3.897114e+00 3.300000e+01
    endloop
  endfacet
  facet normal -5.609936e-01 -7.311010e-01 3.883008e-01
    outer loop
      vertex -4.384062e+00 -4.384062e+00 2.900000e+01
      vertex -2.250000e+00 -3.897114e+00 3.300000e+01
      vertex -3.181981e+00 -3.181981e+00 3.300000e+01
    endloop
  endfacet
  facet normal -3.526553e-01 -8.513852e-01 3.883008e-01
    outer loop
      vertex -3.100000e+00 -5.369358e+00 2.900000e+01
      vertex -1.604678e+00 -5.988740e+00 2.900000e+01
      vertex -1.164686e+00 -4.346666e+00 3.300000e+01
    endloop
  endfacet
  facet normal -3.526553e-01 -8.513852e-01 3.883008e-01
    outer loop
      vertex -3.100000e+00 -5.369358e+00 2.900000e+01
      vertex -1.164686e+00 -4.346666e+00 3.300000e+01
      vertex -2.250000e+00 -3.897114e+00 3.300000e+01
    endloop
  endfacet
  facet normal -1.202842e-01 -9.136489e-01 3.883008e-01
    outer loop
      vertex -1.604678e+00 -5.988740e+00 2.900000e+01
      vertex -1.138922e-15 -6.200000e+00 2.900000e+01
      vertex -8.266366e-16 -4.500000e+00 3.300000e+01
    endloop
  endfacet
  facet normal -1.202842e-01 -9.136489e-01 3.883008e-01
    outer loop
      vertex -1.604678e+00 -5.988740e+00 2.900000e+01
      vertex -8.266366e-16 -4.500000e+00 3.300000e+01
      vertex -1.164686e+00 -4.346666e+00 3.300000e+01
    endloop
  endfacet
  facet normal 1.202842e-01 -9.136489e-01 3.883008e-01
    outer loop
      vertex -1.138922e-15 -6.200000e+00 2.900000e+01
      vertex 1.604678e+00 -5.988740e+00 2.900000e+01
      vertex 1.164686e+00 -4.346666e+00 3.300000e+01
    endloop
  endfacet
  facet normal 1.202842e-01 -9.136489e-01 3.883008e-01
    outer loop
      vertex -1.138922e-15 -6.200000e+00 2.900000e+01
      vertex 1.164686e+00 -4.346666e+00 3.300000e+01
      vertex -8.266366e-16 -4.500000e+00 3.300000e+01
    endloop
  endfacet
  facet normal 3.526553e-01 -8.513852e-01 3.883008e-01
    outer loop
      vertex 1.604678e+00 -5.988740e+00 2.900000e+01
      vertex 3.100000e+00 -5.369358e+00 2.900000e+01
      vertex 2.250000e+00 -3.897114e+00 3.300000e+01
    endloop
  endfacet
  facet normal 3.526553e-01 -8.513852e-01 3.883008e-01
    outer loop
      vertex 1.604678e+00 -5.988740e+00 2.900000e+01
      vertex 2.250000e+00 -3.897114e+00 3.300000e+01
      vertex 1.164686e+00 -4.346666e+00 3.300000e+01
    endloop
  endfacet
  facet normal 5.609936e-01 -7.311010e-01 3.883008e-01
    outer loop
      vertex 3.100000e+00 -5.369358e+00 2.900000e+01
      vertex 4.384062e+00 -4.384062e+00 2.900000e+01
      vertex 3.181981e+00 -3.181981e+00 3.300000e+01
    endloop
  endfacet
  facet normal 5.609936e-01 -7.311010e-01 3.883008e-01
    outer loop
      vertex 3.100000e+00 -5.369358e+00 2.900000e+01
      vertex 3.181981e+00 -3.181981e+00 3.300000e+01
      vertex 2.250000e+00 -3.897114e+00 3.300000e+01
    endloop
  endfacet
  facet normal 7.311010e-01 -5.609936e-01 3.883008e-01
    outer loop
      vertex 4.384062e+00 -4.384062e+00 2.900000e+01
      vertex 5.369358e+00 -3.100000e+00 2.900000e+01
      vertex 3.897114e+00 -2.250000e+00 3.300000e+01
    endloop
  endfacet
  facet normal 7.311010e-01 -5.609936e-01 3.883008e-01
    outer loop
      vertex 4.384062e+00 -4.384062e+00 2.900000e+01
      vertex 3.897114e+00 -2.250000e+00 3.300000e+01
      vertex 3.181981e+00 -3.181981e+00 3.300000e+01
    endloop
  endfacet
  facet normal 8.513852e-01 -3.526553e-01 3.883008e-01
    outer loop
      vertex 5.369358e+00 -3.100000e+00 2.900000e+01
      vertex 5.988740e+00 -1.604678e+00 2.900000e+01
      vertex 4.346666e+00 -1.164686e+00 3.300000e+01
    endloop
  endfacet
  facet normal 8.513852e-01 -3.526553e-01 3.883008e-01
    outer loop
      vertex 5.369358e+00 -3.100000e+00 2.900000e+01
      vertex 4.346666e+00 -1.164686e+00 3.300000e+01
      vertex 3.897114e+00 -2.250000e+00 3.300000e+01
    endloop
  endfacet
  facet normal 9.136489e-01 -1.202842e-01 3.883008e-01
    outer loop
      vertex 5.988740e+00 -1.604678e+00 2.900000e+01
      vertex 6.200000e+00 0.000000e+00 2.900000e+01
      vertex 4.500000e+00 0.000000e+00 3.300000e+01
    endloop
  endfacet
  facet normal 9.136489e-01 -1.202842e-01 3.883008e-01
    outer loop
      vertex 5.988740e+00 -1.604678e+00 2.900000e+01
      vertex 4.500000e+00 0.000000e+00 3.300000e+01
      vertex 4.346666e+00 -1.164686e+00 3.300000e+01
    endloop
  endfacet
  facet normal 7.040626e-01 9.269160e-02 7.040626e-01
    outer loop
      vertex 4.500000e+00 0.000000e+00 3.300000e+01
      vertex 4.346666e+00 1.164686e+00 3.300000e+01
      vertex 1.931852e+00 5.176381e-01 3.550000e+01
    endloop
  endfacet
  facet normal 7.040626e-01 9.269160e-02 7.040626e-01
    outer loop
      vertex 4.500000e+00 0.000000e+00 3.300000e+01
      vertex 1.931852e+00 5.176381e-01 3.550000e+01
      vertex 2.000000e+00 0.000000e+00 3.550000e+01
    endloop
  endfacet
  facet normal 6.560819e-01 2.717580e-01 7.040626e-01
    outer loop
      vertex 4.346666e+00 1.164686e+00 3.300000e+01
      vertex 3.897114e+00 2.250000e+00 3.300000e+01
      vertex 1.732051e+00 1.000000e+00 3.550000e+01
    endloop
  endfacet
  facet normal 6.560819e-01 2.717580e-01 7.040626e-01
    outer loop
      vertex 4.346666e+00 1.164686e+00 3.300000e+01
      vertex 1.732051e+00 1.000000e+00 3.550000e+01
      vertex 1.931852e+00 5.176381e-01 3.550000e+01
    endloop
  endfacet
  facet normal 5.633903e-01 4.323046e-01 7.040626e-01
    outer loop
      vertex 3.897114e+00 2.250000e+00 3.300000e+01
      vertex 3.181981e+00 3.181981e+00 3.300000e+01
      vertex 1.414214e+00 1.414214e+00 3.550000e+01
    endloop
  endfacet
  facet normal 5.633903e-01 4.323046e-01 7.040626e-01
    outer loop
      vertex 3.897114e+00 2.250000e+00 3.300000e+01
      vertex 1.414214e+00 1.414214e+00 3.550000e+01
      vertex 1.732051e+00 1.000000e+00 3.550000e+01
    endloop
  endfacet
  facet normal 4.323046e-01 5.633903e-01 7.040626e-01
    outer loop
      vertex 3.181981e+00 3.181981e+00 3.300000e+01
      vertex 2.250000e+00 3.897114e+00 3.300000e+01
      vertex 1.000000e+00 1.732051e+00 3.550000e+01
    endloop
  endfacet
  facet normal 4.323046e-01 5.633903e-01 7.040626e-01
    outer loop
      vertex 3.181981e+00 3.181981e+00 3.300000e+01
      vertex 1.000000e+00 1.732051e+00 3.550000e+01
      vertex 1.414214e+00 1.414214e+00 3.550000e+01
    endloop
  endfacet
  facet normal 2.717580e-01 6.560819e-01 7.040626e-01
    outer loop
      vertex 2.250000e+00 3.897114e+00 3.300000e+01
      vertex 1.164686e+00 4.346666e+00 3.300000e+01
      vertex 5.176381e-01 1.931852e+00 3.550000e+01
    endloop
  endfacet
  facet normal 2.717580e-01 6.560819e-01 7.040626e-01
    outer loop
      vertex 2.250000e+00 3.897114e+00 3.300000e+01
      vertex 5.176381e-01 1.931852e+00 3.550000e+01
      vertex 1.000000e+00 1.732051e+00 3.550000e+01
    endloop
  endfacet
  facet normal 9.269160e-02 7.040626e-01 7.040626e-01
    outer loop
      vertex 1.164686e+00 4.346666e+00 3.300000e+01
      vertex 2.755455e-16 4.500000e+00 3.300000e+01
      vertex 1.224647e-16 2.000000e+00 3.550000e+01
    endloop
  endfacet
  facet normal 9.269160e-02 7.040626e-01 7.040626e-01
    outer loop
      vertex 1.164686e+00 4.346666e+00 3.300000e+01
      vertex 1.224647e-16 2.000000e+00 3.550000e+01
      vertex 5.176381e-01 1.931852e+00 3.550000e+01
    endloop
  endfacet
  facet normal -9.269160e-02 7.040626e-01 7.040626e-01
    outer loop
      vertex 2.755455e-16 4.500000e+00 3.300000e+01
      vertex -1.164686e+00 4.346666e+00 3.300000e+01
      vertex -5.176381e-01 1.931852e+00 3.550000e+01
    endloop
  endfacet
  facet normal -9.269160e-02 7.040626e-01 7.040626e-01
    outer loop
      vertex 2.755455e-16 4.500000e+00 3.300000e+01
      vertex -5.176381e-01 1.931852e+00 3.550000e+01
      vertex 1.224647e-16 2.000000e+00 3.550000e+01
    endloop
  endfacet
  facet normal -2.717580e-01 6.560819e-01 7.040626e-01
    outer loop
      vertex -1.164686e+00 4.346666e+00 3.300000e+01
      vertex -2.250000e+00 3.897114e+00 3.300000e+01
      vertex -1.000000e+00 1.732051e+00 3.550000e+01
    endloop
  endfacet
  facet normal -2.717580e-01 6.560819e-01 7.040626e-01
    outer loop
      vertex -1.164686e+00 4.346666e+00 3.300000e+01
      vertex -1.000000e+00 1.732051e+00 3.550000e+01
      vertex -5.176381e-01 1.931852e+00 3.550000e+01
    endloop
  endfacet
  facet normal -4.323046e-01 5.633903e-01 7.040626e-01
    outer loop
      vertex -2.250000e+00 3.897114e+00 3.300000e+01
      vertex -3.181981e+00 3.181981e+00 3.300000e+01
      vertex -1.414214e+00 1.414214e+00 3.550000e+01
    endloop
  endfacet
  facet normal -4.323046e-01 5.633903e-01 7.040626e-01
    outer loop
      vertex -2.250000e+00 3.897114e+00 3.300000e+01
      vertex -1.414214e+00 1.414214e+00 3.550000e+01
      vertex -1.000000e+00 1.732051e+00 3.550000e+01
    endloop
  endfacet
  facet normal -5.633903e-01 4.323046e-01 7.040626e-01
    outer loop
      vertex -3.181981e+00 3.181981e+00 3.300000e+01
      vertex -3.897114e+00 2.250000e+00 3.300000e+01
      vertex -1.732051e+00 1.000000e+00 3.550000e+01
    endloop
  endfacet
  facet normal -5.633903e-01 4.323046e-01 7.040626e-01
    outer loop
      vertex -3.181981e+00 3.181981e+00 3.300000e+01
      vertex -1.732051e+00 1.000000e+00 3.550000e+01
      vertex -1.414214e+00 1.414214e+00 3.550000e+01
    endloop
  endfacet
  facet normal -6.560819e-01 2.717580e-01 7.040626e-01
    outer loop
      vertex -3.897114e+00 2.250000e+00 3.300000e+01
      vertex -4.346666e+00 1.164686e+00 3.300000e+01
      vertex -1.931852e+00 5.176381e-01 3.550000e+01
    endloop
  endfacet
  facet normal -6.560819e-01 2.717580e-01 7.040626e-01
    outer loop
      vertex -3.897114e+00 2.250000e+00 3.300000e+01
      vertex -1.931852e+00 5.176381e-01 3.550000e+01
      vertex -1.732051e+00 1.000000e+00 3.550000e+01
    endloop
  endfacet
  facet normal -7.040626e-01 9.269160e-02 7.040626e-01
    outer loop
      vertex -4.346666e+00 1.164686e+00 3.300000e+01
      vertex -4.500000e+00 5.510911e-16 3.300000e+01
      vertex -2.000000e+00 2.449294e-16 3.550000e+01
    endloop
  endfacet
  facet normal -7.040626e-01 9.269160e-02 7.040626e-01
    outer loop
      vertex -4.346666e+00 1.164686e+00 3.300000e+01
      vertex -2.000000e+00 2.449294e-16 3.550000e+01
      vertex -1.931852e+00 5.176381e-01 3.550000e+01
    endloop
  endfacet
  facet normal -7.040626e-01 -9.269160e-02 7.040626e-01
    outer loop
      vertex -4.500000e+00 5.510911e-16 3.300000e+01
      vertex -4.346666e+00 -1.164686e+00 3.300000e+01
      vertex -1.931852e+00 -5.176381e-01 3.550000e+01
    endloop
  endfacet
  facet normal -7.040626e-01 -9.269160e-02 7.040626e-01
    outer loop
      vertex -4.500000e+00 5.510911e-16 3.300000e+01
      vertex -1.931852e+00 -5.176381e-01 3.550000e+01
      vertex -2.000000e+00 2.449294e-16 3.550000e+01
    endloop
  endfacet
  facet normal -6.560819e-01 -2.717580e-01 7.040626e-01
    outer loop
      vertex -4.346666e+00 -1.164686e+00 3.300000e+01
      vertex -3.897114e+00 -2.250000e+00 3.300000e+01
      vertex -1.732051e+00 -1.000000e+00 3.550000e+01
    endloop
  endfacet
  facet normal -6.560819e-01 -2.717580e-01 7.040626e-01
    outer loop
      vertex -4.346666e+00 -1.164686e+00 3.300000e+01
      vertex -1.732051e+00 -1.000000e+00 3.550000e+01
      vertex -1.931852e+00 -5.176381e-01 3.550000e+01
    endloop
  endfacet
  facet normal -5.633903e-01 -4.323046e-01 7.040626e-01
    outer loop
      vertex -3.897114e+00 -2.250000e+00 3.300000e+01
      vertex -3.181981e+00 -3.181981e+00 3.300000e+01
      vertex -1.414214e+00 -1.414214e+00 3.550000e+01
    endloop
  endfacet
  facet normal -5.633903e-01 -4.323046e-01 7.040626e-01
    outer loop
      vertex -3.897114e+00 -2.250000e+00 3.300000e+01
      vertex -1.414214e+00 -1.414214e+00 3.550000e+01
      vertex -1.732051e+00 -1.000000e+00 3.550000e+01
    endloop
  endfacet
  facet normal -4.323046e-01 -5.633903e-01 7.040626e-01
    outer loop
      vertex -3.181981e+00 -3.181981e+00 3.300000e+01
      vertex -2.250000e+00 -3.897114e+00 3.300000e+01
      vertex -1.000000e+00 -1.732051e+00 3.550000e+01
    endloop
  endfacet
  facet normal -4.323046e-01 -5.633903e-01 7.040626e-01
    outer loop
      vertex -3.181981e+00 -3.181981e+00 3.300000e+01
      vertex -1.000000e+00 -1.732051e+00 3.550000e+01
      vertex -1.414214e+00 -1.414214e+00 3.550000e+01
    endloop
  endfacet
  facet normal -2.717580e-01 -6.560819e-01 7.040626e-01
    outer loop
      vertex -2.250000e+00 -3.897114e+00 3.300000e+01
      vertex -1.164686e+00 -4.346666e+00 3.300000e+01
      vertex -5.176381e-01 -1.931852e+00 3.550000e+01
    endloop
  endfacet
  facet normal -2.717580e-01 -6.560819e-01 7.040626e-01
    outer loop
      vertex -2.250000e+00 -3.897114e+00 3.300000e+01
      vertex -5.176381e-01 -1.931852e+00 3.550000e+01
      vertex -1.000000e+00 -1.732051e+00 3.550000e+01
    endloop
  endfacet
  facet normal -9.269160e-02 -7.040626e-01 7.040626e-01
    outer loop
      vertex -1.164686e+00 -4.346666e+00 3.300000e+01
      vertex -8.266366e-16 -4.500000e+00 3.300000e+01
      vertex -3.673940e-16 -2.000000e+00 3.550000e+01
    endloop
  endfacet
  facet normal -9.269160e-02 -7.040626e-01 7.040626e-01
    outer loop
      vertex -1.164686e+00 -4.346666e+00 3.300000e+01
      vertex -3.673940e-16 -2.000000e+00 3.550000e+01
      vertex -5.176381e-01 -1.931852e+00 3.550000e+01
    endloop
  endfacet
  facet normal 9.269160e-02 -7.040626e-01 7.040626e-01
    outer loop
      vertex -8.266366e-16 -4.500000e+00 3.300000e+01
      vertex 1.164686e+00 -4.346666e+00 3.300000e+01
      vertex 5.176381e-01 -1.931852e+00 3.550000e+01
    endloop
  endfacet
  facet normal 9.269160e-02 -7.040626e-01 7.040626e-01
    outer loop
      vertex -8.266366e-16 -4.500000e+00 3.300000e+01
      vertex 5.176381e-01 -1.931852e+00 3.550000e+01
      vertex -3.673940e-16 -2.000000e+00 3.550000e+01
    endloop
  endfacet
  facet normal 2.717580e-01 -6.560819e-01 7.040626e-01
    outer loop
      vertex 1.164686e+00 -4.346666e+00 3.300000e+01
      vertex 2.250000e+00 -3.897114e+00 3.300000e+01
      vertex 1.000000e+00 -1.732051e+00 3.550000e+01
    endloop
  endfacet
  facet normal 2.717580e-01 -6.560819e-01 7.040626e-01
    outer loop
      vertex 1.164686e+00 -4.346666e+00 3.300000e+01
      vertex 1.000000e+00 -1.732051e+00 3.550000e+01
      vertex 5.176381e-01 -1.931852e+00 3.550000e+01
    endloop
  endfacet
  facet normal 4.323046e-01 -5.633903e-01 7.040626e-01
    outer loop
      vertex 2.250000e+00 -3.897114e+00 3.300000e+01
      vertex 3.181981e+00 -3.181981e+00 3.300000e+01
      vertex 1.414214e+00 -1.414214e+00 3.550000e+01
    endloop
  endfacet
  facet normal 4.323046e-01 -5.633903e-01 7.040626e-01
    outer loop
      vertex 2.250000e+00 -3.897114e+00 3.300000e+01
      vertex 1.414214e+00 -1.414214e+00 3.550000e+01
      vertex 1.000000e+00 -1.732051e+00 3.550000e+01
    endloop
  endfacet
  facet normal 5.633903e-01 -4.323046e-01 7.040626e-01
    outer loop
      vertex 3.181981e+00 -3.181981e+00 3.300000e+01
      vertex 3.897114e+00 -2.250000e+00 3.300000e+01
      vertex 1.732051e+00 -1.000000e+00 3.550000e+01
    endloop
  endfacet
  facet normal 5.633903e-01 -4.323046e-01 7.040626e-01
    outer loop
      vertex 3.181981e+00 -3.181981e+00 3.300000e+01
      vertex 1.732051e+00 -1.000000e+00 3.550000e+01
      vertex 1.414214e+00 -1.414214e+00 3.550000e+01
    endloop
  endfacet
  facet normal 6.560819e-01 -2.717580e-01 7.040626e-01
    outer loop
      vertex 3.897114e+00 -2.250000e+00 3.300000e+01
      vertex 4.346666e+00 -1.164686e+00 3.300000e+01
      vertex 1.931852e+00 -5.176381e-01 3.550000e+01
    endloop
  endfacet
  facet normal 6.560819e-01 -2.717580e-01 7.040626e-01
    outer loop
      vertex 3.897114e+00 -2.250000e+00 3.300000e+01
      vertex 1.931852e+00 -5.176381e-01 3.550000e+01
      vertex 1.732051e+00 -1.000000e+00 3.550000e+01
    endloop
  endfacet
  facet normal 7.040626e-01 -9.269160e-02 7.040626e-01
    outer loop
      vertex 4.346666e+00 -1.164686e+00 3.300000e+01
      vertex 4.500000e+00 0.000000e+00 3.300000e+01
      vertex 2.000000e+00 0.000000e+00 3.550000e+01
    endloop
  endfacet
  facet normal 7.040626e-01 -9.269160e-02 7.040626e-01
    outer loop
      vertex 4.346666e+00 -1.164686e+00 3.300000e+01
      vertex 2.000000e+00 0.000000e+00 3.550000e+01
      vertex 1.931852e+00 -5.176381e-01 3.550000e+01
    endloop
  endfacet
  facet normal 2.980453e-01 3.923841e-02 9.537449e-01
    outer loop
      vertex 2.000000e+00 0.000000e+00 3.550000e+01
      vertex 1.931852e+00 5.176381e-01 3.550000e+01
      vertex 3.863703e-01 1.035276e-01 3.600000e+01
    endloop
  endfacet
  facet normal 2.980453e-01 3.923841e-02 9.537449e-01
    outer loop
      vertex 2.000000e+00 0.000000e+00 3.550000e+01
      vertex 3.863703e-01 1.035276e-01 3.600000e+01
      vertex 4.000000e-01 0.000000e+00 3.600000e+01
    endloop
  endfacet
  facet normal 2.777340e-01 1.150412e-01 9.537449e-01
    outer loop
      vertex 1.931852e+00 5.176381e-01 3.550000e+01
      vertex 1.732051e+00 1.000000e+00 3.550000e+01
      vertex 3.464102e-01 2.000000e-01 3.600000e+01
    endloop
  endfacet
  facet normal 2.777340e-01 1.150412e-01 9.537449e-01
    outer loop
      vertex 1.931852e+00 5.176381e-01 3.550000e+01
      vertex 3.464102e-01 2.000000e-01 3.600000e+01
      vertex 3.863703e-01 1.035276e-01 3.600000e+01
    endloop
  endfacet
  facet normal 2.384956e-01 1.830041e-01 9.537449e-01
    outer loop
      vertex 1.732051e+00 1.000000e+00 3.550000e+01
      vertex 1.414214e+00 1.414214e+00 3.550000e+01
      vertex 2.828427e-01 2.828427e-01 3.600000e+01
    endloop
  endfacet
  facet normal 2.384956e-01 1.830041e-01 9.537449e-01
    outer loop
      vertex 1.732051e+00 1.000000e+00 3.550000e+01
      vertex 2.828427e-01 2.828427e-01 3.600000e+01
      vertex 3.464102e-01 2.000000e-01 3.600000e+01
    endloop
  endfacet
  facet normal 1.830041e-01 2.384956e-01 9.537449e-01
    outer loop
      vertex 1.414214e+00 1.414214e+00 3.550000e+01
      vertex 1.000000e+00 1.732051e+00 3.550000e+01
      vertex 2.000000e-01 3.464102e-01 3.600000e+01
    endloop
  endfacet
  facet normal 1.830041e-01 2.384956e-01 9.537449e-01
    outer loop
      vertex 1.414214e+00 1.414214e+00 3.550000e+01
      vertex 2.000000e-01 3.464102e-01 3.600000e+01
      vertex 2.828427e-01 2.828427e-01 3.600000e+01
    endloop
  endfacet
  facet normal 1.150412e-01 2.777340e-01 9.537449e-01
    outer loop
      vertex 1.000000e+00 1.732051e+00 3.550000e+01
      vertex 5.176381e-01 1.931852e+00 3.550000e+01
      vertex 1.035276e-01 3.863703e-01 3.600000e+01
    endloop
  endfacet
  facet normal 1.150412e-01 2.777340e-01 9.537449e-01
    outer loop
      vertex 1.000000e+00 1.732051e+00 3.550000e+01
      vertex 1.035276e-01 3.863703e-01 3.600000e+01
      vertex 2.000000e-01 3.464102e-01 3.600000e+01
    endloop
  endfacet
  facet normal 3.923841e-02 2.980453e-01 9.537449e-01
    outer loop
      vertex 5.176381e-01 1.931852e+00 3.550000e+01
      vertex 1.224647e-16 2.000000e+00 3.550000e+01
      vertex 2.449294e-17 4.000000e-01 3.600000e+01
    endloop
  endfacet
  facet normal 3.923841e-02 2.980453e-01 9.537449e-01
    outer loop
      vertex 5.176381e-01 1.931852e+00 3.550000e+01
      vertex 2.449294e-17 4.000000e-01 3.600000e+01
      vertex 1.035276e-01 3.863703e-01 3.600000e+01
    endloop
  endfacet
  facet normal -3.923841e-02 2.980453e-01 9.537449e-01
    outer loop
      vertex 1.224647e-16 2.000000e+00 3.550000e+01
      vertex -5.176381e-01 1.931852e+00 3.550000e+01
      vertex -1.035276e-01 3.863703e-01 3.600000e+01
    endloop
  endfacet
  facet normal -3.923841e-02 2.980453e-01 9.537449e-01
    outer loop
      vertex 1.224647e-16 2.000000e+00 3.550000e+01
      vertex -1.035276e-01 3.863703e-01 3.600000e+01
      vertex 2.449294e-17 4.000000e-01 3.600000e+01
    endloop
  endfacet
  facet normal -1.150412e-01 2.777340e-01 9.537449e-01
    outer loop
      vertex -5.176381e-01 1.931852e+00 3.550000e+01
      vertex -1.000000e+00 1.732051e+00 3.550000e+01
      vertex -2.000000e-01 3.464102e-01 3.600000e+01
    endloop
  endfacet
  facet normal -1.150412e-01 2.777340e-01 9.537449e-01
    outer loop
      vertex -5.176381e-01 1.931852e+00 3.550000e+01
      vertex -2.000000e-01 3.464102e-01 3.600000e+01
      vertex -1.035276e-01 3.863703e-01 3.600000e+01
    endloop
  endfacet
  facet normal -1.830041e-01 2.384956e-01 9.537449e-01
    outer loop
      vertex -1.000000e+00 1.732051e+00 3.550000e+01
      vertex -1.414214e+00 1.414214e+00 3.550000e+01
      vertex -2.828427e-01 2.828427e-01 3.600000e+01
    endloop
  endfacet
  facet normal -1.830041e-01 2.384956e-01 9.537449e-01
    outer loop
      vertex -1.000000e+00 1.732051e+00 3.550000e+01
      vertex -2.828427e-01 2.828427e-01 3.600000e+01
      vertex -2.000000e-01 3.464102e-01 3.600000e+01
    endloop
  endfacet
  facet normal -2.384956e-01 1.830041e-01 9.537449e-01
    outer loop
      vertex -1.414214e+00 1.414214e+00 3.550000e+01
      vertex -1.732051e+00 1.000000e+00 3.550000e+01
      vertex -3.464102e-01 2.000000e-01 3.600000e+01
    endloop
  endfacet
  facet normal -2.384956e-01 1.830041e-01 9.537449e-01
    outer loop
      vertex -1.414214e+00 1.414214e+00 3.550000e+01
      vertex -3.464102e-01 2.000000e-01 3.600000e+01
      vertex -2.828427e-01 2.828427e-01 3.600000e+01
    endloop
  endfacet
  facet normal -2.777340e-01 1.150412e-01 9.537449e-01
    outer loop
      vertex -1.732051e+00 1.000000e+00 3.550000e+01
      vertex -1.931852e+00 5.176381e-01 3.550000e+01
      vertex -3.863703e-01 1.035276e-01 3.600000e+01
    endloop
  endfacet
  facet normal -2.777340e-01 1.150412e-01 9.537449e-01
    outer loop
      vertex -1.732051e+00 1.000000e+00 3.550000e+01
      vertex -3.863703e-01 1.035276e-01 3.600000e+01
      vertex -3.464102e-01 2.000000e-01 3.600000e+01
    endloop
  endfacet
  facet normal -2.980453e-01 3.923841e-02 9.537449e-01
    outer loop
      vertex -1.931852e+00 5.176381e-01 3.550000e+01
      vertex -2.000000e+00 2.449294e-16 3.550000e+01
      vertex -4.000000e-01 4.898587e-17 3.600000e+01
    endloop
  endfacet
  facet normal -2.980453e-01 3.923841e-02 9.537449e-01
    outer loop
      vertex -1.931852e+00 5.176381e-01 3.550000e+01
      vertex -4.000000e-01 4.898587e-17 3.600000e+01
      vertex -3.863703e-01 1.035276e-01 3.600000e+01
    endloop
  endfacet
  facet normal -2.980453e-01 -3.923841e-02 9.537449e-01
    outer loop
      vertex -2.000000e+00 2.449294e-16 3.550000e+01
      vertex -1.931852e+00 -5.176381e-01 3.550000e+01
      vertex -3.863703e-01 -1.035276e-01 3.600000e+01
    endloop
  endfacet
  facet normal -2.980453e-01 -3.923841e-02 9.537449e-01
    outer loop
      vertex -2.000000e+00 2.449294e-16 3.550000e+01
      vertex -3.863703e-01 -1.035276e-01 3.600000e+01
      vertex -4.000000e-01 4.898587e-17 3.600000e+01
    endloop
  endfacet
  facet normal -2.777340e-01 -1.150412e-01 9.537449e-01
    outer loop
      vertex -1.931852e+00 -5.176381e-01 3.550000e+01
      vertex -1.732051e+00 -1.000000e+00 3.550000e+01
      vertex -3.464102e-01 -2.000000e-01 3.600000e+01
    endloop
  endfacet
  facet normal -2.777340e-01 -1.150412e-01 9.537449e-01
    outer loop
      vertex -1.931852e+00 -5.176381e-01 3.550000e+01
      vertex -3.464102e-01 -2.000000e-01 3.600000e+01
      vertex -3.863703e-01 -1.035276e-01 3.600000e+01
    endloop
  endfacet
  facet normal -2.384956e-01 -1.830041e-01 9.537449e-01
    outer loop
      vertex -1.732051e+00 -1.000000e+00 3.550000e+01
      vertex -1.414214e+00 -1.414214e+00 3.550000e+01
      vertex -2.828427e-01 -2.828427e-01 3.600000e+01
    endloop
  endfacet
  facet normal -2.384956e-01 -1.830041e-01 9.537449e-01
    outer loop
      vertex -1.732051e+00 -1.000000e+00 3.550000e+01
      vertex -2.828427e-01 -2.828427e-01 3.600000e+01
      vertex -3.464102e-01 -2.000000e-01 3.600000e+01
    endloop
  endfacet
  facet normal -1.830041e-01 -2.384956e-01 9.537449e-01
    outer loop
      vertex -1.414214e+00 -1.414214e+00 3.550000e+01
      vertex -1.000000e+00 -1.732051e+00 3.550000e+01
      vertex -2.000000e-01 -3.464102e-01 3.600000e+01
    endloop
  endfacet
  facet normal -1.830041e-01 -2.384956e-01 9.537449e-01
    outer loop
      vertex -1.414214e+00 -1.414214e+00 3.550000e+01
      vertex -2.000000e-01 -3.464102e-01 3.600000e+01
      vertex -2.828427e-01 -2.828427e-01 3.600000e+01
    endloop
  endfacet
  facet normal -1.150412e-01 -2.777340e-01 9.537449e-01
    outer loop
      vertex -1.000000e+00 -1.732051e+00 3.550000e+01
      vertex -5.176381e-01 -1.931852e+00 3.550000e+01
      vertex -1.035276e-01 -3.863703e-01 3.600000e+01
    endloop
  endfacet
  facet normal -1.150412e-01 -2.777340e-01 9.537449e-01
    outer loop
      vertex -1.000000e+00 -1.732051e+00 3.550000e+01
      vertex -1.035276e-01 -3.863703e-01 3.600000e+01
      vertex -2.000000e-01 -3.464102e-01 3.600000e+01
    endloop
  endfacet
  facet normal -3.923841e-02 -2.980453e-01 9.537449e-01
    outer loop
      vertex -5.176381e-01 -1.931852e+00 3.550000e+01
      vertex -3.673940e-16 -2.000000e+00 3.550000e+01
      vertex -7.347881e-17 -4.000000e-01 3.600000e+01
    endloop
  endfacet
  facet normal -3.923841e-02 -2.980453e-01 9.537449e-01
    outer loop
      vertex -5.176381e-01 -1.931852e+00 3.550000e+01
      vertex -7.347881e-17 -4.000000e-01 3.600000e+01
      vertex -1.035276e-01 -3.863703e-01 3.600000e+01
    endloop
  endfacet
  facet normal 3.923841e-02 -2.980453e-01 9.537449e-01
    outer loop
      vertex -3.673940e-16 -2.000000e+00 3.550000e+01
      vertex 5.176381e-01 -1.931852e+00 3.550000e+01
      vertex 1.035276e-01 -3.863703e-01 3.600000e+01
    endloop
  endfacet
  facet normal 3.923841e-02 -2.980453e-01 9.537449e-01
    outer loop
      vertex -3.673940e-16 -2.000000e+00 3.550000e+01
      vertex 1.035276e-01 -3.863703e-01 3.600000e+01
      vertex -7.347881e-17 -4.000000e-01 3.600000e+01
    endloop
  endfacet
  facet normal 1.150412e-01 -2.777340e-01 9.537449e-01
    outer loop
      vertex 5.176381e-01 -1.931852e+00 3.550000e+01
      vertex 1.000000e+00 -1.732051e+00 3.550000e+01
      vertex 2.000000e-01 -3.464102e-01 3.600000e+01
    endloop
  endfacet
  facet normal 1.150412e-01 -2.777340e-01 9.537449e-01
    outer loop
      vertex 5.176381e-01 -1.931852e+00 3.550000e+01
      vertex 2.000000e-01 -3.464102e-01 3.600000e+01
      vertex 1.035276e-01 -3.863703e-01 3.600000e+01
    endloop
  endfacet
  facet normal 1.830041e-01 -2.384956e-01 9.537449e-01
    outer loop
      vertex 1.000000e+00 -1.732051e+00 3.550000e+01
      vertex 1.414214e+00 -1.414214e+00 3.550000e+01
      vertex 2.828427e-01 -2.828427e-01 3.600000e+01
    endloop
  endfacet
  facet normal 1.830041e-01 -2.384956e-01 9.537449e-01
    outer loop
      vertex 1.000000e+00 -1.732051e+00 3.550000e+01
      vertex 2.828427e-01 -2.828427e-01 3.600000e+01
      vertex 2.000000e-01 -3.464102e-01 3.600000e+01
    endloop
  endfacet
  facet normal 2.384956e-01 -1.830041e-01 9.537449e-01
    outer loop
      vertex 1.414214e+00 -1.414214e+00 3.550000e+01
      vertex 1.732051e+00 -1.000000e+00 3.550000e+01
      vertex 3.464102e-01 -2.000000e-01 3.600000e+01
    endloop
  endfacet
  facet normal 2.384956e-01 -1.830041e-01 9.537449e-01
    outer loop
      vertex 1.414214e+00 -1.414214e+00 3.550000e+01
      vertex 3.464102e-01 -2.000000e-01 3.600000e+01
      vertex 2.828427e-01 -2.828427e-01 3.600000e+01
    endloop
  endfacet
  facet normal 2.777340e-01 -1.150412e-01 9.537449e-01
    outer loop
      vertex 1.732051e+00 -1.000000e+00 3.550000e+01
      vertex 1.931852e+00 -5.176381e-01 3.550000e+01
      vertex 3.863703e-01 -1.035276e-01 3.600000e+01
    endloop
  endfacet
  facet normal 2.777340e-01 -1.150412e-01 9.537449e-01
    outer loop
      vertex 1.732051e+00 -1.000000e+00 3.550000e+01
      vertex 3.863703e-01 -1.035276e-01 3.600000e+01
      vertex 3.464102e-01 -2.000000e-01 3.600000e+01
    endloop
  endfacet
  facet normal 2.980453e-01 -3.923841e-02 9.537449e-01
    outer loop
      vertex 1.931852e+00 -5.176381e-01 3.550000e+01
      vertex 2.000000e+00 0.000000e+00 3.550000e+01
      vertex 4.000000e-01 0.000000e+00 3.600000e+01
    endloop
  endfacet
  facet normal 2.980453e-01 -3.923841e-02 9.537449e-01
    outer loop
      vertex 1.931852e+00 -5.176381e-01 3.550000e+01
      vertex 4.000000e-01 0.000000e+00 3.600000e+01
      vertex 3.863703e-01 -1.035276e-01 3.600000e+01
    endloop
  endfacet
  facet normal 0.000000e+00 0.000000e+00 -1.000000e+00
    outer loop
      vertex 0.000000e+00 0.000000e+00 0.000000e+00
      vertex 7.727407e+00 2.070552e+00 0.000000e+00
      vertex 8.000000e+00 0.000000e+00 0.000000e+00
    endloop
  endfacet
  facet normal 0.000000e+00 0.000000e+00 -1.000000e+00
    outer loop
      vertex 0.000000e+00 0.000000e+00 0.000000e+00
      vertex 6.928203e+00 4.000000e+00 0.000000e+00
      vertex 7.727407e+00 2.070552e+00 0.000000e+00
    endloop
  endfacet
  facet normal 0.000000e+00 0.000000e+00 -1.000000e+00
    outer loop
      vertex 0.000000e+00 0.000000e+00 0.000000e+00
      vertex 5.656854e+00 5.656854e+00 0.000000e+00
      vertex 6.928203e+00 4.000000e+00 0.000000e+00
    endloop
  endfacet
  facet normal 0.000000e+00 0.000000e+00 -1.000000e+00
    outer loop
      vertex 0.000000e+00 0.000000e+00 0.000000e+00
      vertex 4.000000e+00 6.928203e+00 0.000000e+00
      vertex 5.656854e+00 5.656854e+00 0.000000e+00
    endloop
  endfacet
  facet normal 0.000000e+00 0.000000e+00 -1.000000e+00
    outer loop
      vertex 0.000000e+00 0.000000e+00 0.000000e+00
      vertex 2.070552e+00 7.727407e+00 0.000000e+00
      vertex 4.000000e+00 6.928203e+00 0.000000e+00
    endloop
  endfacet
  facet normal 0.000000e+00 0.000000e+00 -1.000000e+00
    outer loop
      vertex 0.000000e+00 0.000000e+00 0.000000e+00
      vertex 4.898587e-16 8.000000e+00 0.000000e+00
      vertex 2.070552e+00 7.727407e+00 0.000000e+00
    endloop
  endfacet
  facet normal 0.000000e+00 0.000000e+00 -1.000000e+00
    outer loop
      vertex 0.000000e+00 0.000000e+00 0.000000e+00
      vertex -2.070552e+00 7.727407e+00 0.000000e+00
      vertex 4.898587e-16 8.000000e+00 0.000000e+00
    endloop
  endfacet
  facet normal 0.000000e+00 0.000000e+00 -1.000000e+00
    outer loop
      vertex 0.000000e+00 0.000000e+00 0.000000e+00
      vertex -4.000000e+00 6.928203e+00 0.000000e+00
      vertex -2.070552e+00 7.727407e+00 0.000000e+00
    endloop
  endfacet
  facet normal 0.000000e+00 0.000000e+00 -1.000000e+00
    outer loop
      vertex 0.000000e+00 0.000000e+00 0.000000e+00
      vertex -5.656854e+00 5.656854e+00 0.000000e+00
      vertex -4.000000e+00 6.928203e+00 0.000000e+00
    endloop
  endfacet
  facet normal 0.000000e+00 0.000000e+00 -1.000000e+00
    outer loop
      vertex 0.000000e+00 0.000000e+00 0.000000e+00
      vertex -6.928203e+00 4.000000e+00 0.000000e+00
      vertex -5.656854e+00 5.656854e+00 0.000000e+00
    endloop
  endfacet
  facet normal 0.000000e+00 0.000000e+00 -1.000000e+00
    outer loop
      vertex 0.000000e+00 0.000000e+00 0.000000e+00
      vertex -7.727407e+00 2.070552e+00 0.000000e+00
      vertex -6.928203e+00 4.000000e+00 0.000000e+00
    endloop
  endfacet
  facet normal 0.000000e+00 0.000000e+00 -1.000000e+00
    outer loop
      vertex 0.000000e+00 0.000000e+00 0.000000e+00
      vertex -8.000000e+00 9.797174e-16 0.000000e+00
      vertex -7.727407e+00 2.070552e+00 0.000000e+00
    endloop
  endfacet
  facet normal -0.000000e+00 0.000000e+00 -1.000000e+00
    outer loop
      vertex 0.000000e+00 0.000000e+00 0.000000e+00
      vertex -7.727407e+00 -2.070552e+00 0.000000e+00
      vertex -8.000000e+00 9.797174e-16 0.000000e+00
    endloop
  endfacet
  facet normal 0.000000e+00 0.000000e+00 -1.000000e+00
    outer loop
      vertex 0.000000e+00 0.000000e+00 0.000000e+00
      vertex -6.928203e+00 -4.000000e+00 0.000000e+00
      vertex -7.727407e+00 -2.070552e+00 0.000000e+00
    endloop
  endfacet
  facet normal 0.000000e+00 0.000000e+00 -1.000000e+00
    outer loop
      vertex 0.000000e+00 0.000000e+00 0.000000e+00
      vertex -5.656854e+00 -5.656854e+00 0.000000e+00
      vertex -6.928203e+00 -4.000000e+00 0.000000e+00
    endloop
  endfacet
  facet normal 0.000000e+00 0.000000e+00 -1.000000e+00
    outer loop
      vertex 0.000000e+00 0.000000e+00 0.000000e+00
      vertex -4.000000e+00 -6.928203e+00 0.000000e+00
      vertex -5.656854e+00 -5.656854e+00 0.000000e+00
    endloop
  endfacet
  facet normal 0.000000e+00 0.000000e+00 -1.000000e+00
    outer loop
      vertex 0.000000e+00 0.000000e+00 0.000000e+00
      vertex -2.070552e+00 -7.727407e+00 0.000000e+00
      vertex -4.000000e+00 -6.928203e+00 0.000000e+00
    endloop
  endfacet
  facet normal 0.000000e+00 0.000000e+00 -1.000000e+00
    outer loop
      vertex 0.000000e+00 0.000000e+00 0.000000e+00
      vertex -1.469576e-15 -8.000000e+00 0.000000e+00
      vertex -2.070552e+00 -7.727407e+00 0.000000e+00
    endloop
  endfacet
  facet normal 0.000000e+00 -0.000000e+00 -1.000000e+00
    outer loop
      vertex 0.000000e+00 0.000000e+00 0.000000e+00
      vertex 2.070552e+00 -7.727407e+00 0.000000e+00
      vertex -1.469576e-15 -8.000000e+00 0.000000e+00
    endloop
  endfacet
  facet normal 0.000000e+00 0.000000e+00 -1.000000e+00
    outer loop
      vertex 0.000000e+00 0.000000e+00 0.000000e+00
      vertex 4.000000e+00 -6.928203e+00 0.000000e+00
      vertex 2.070552e+00 -7.727407e+00 0.000000e+00
    endloop
  endfacet
  facet normal 0.000000e+00 0.000000e+00 -1.000000e+00
    outer loop
      vertex 0.000000e+00 0.000000e+00 0.000000e+00
      vertex 5.656854e+00 -5.656854e+00 0.000000e+00
      vertex 4.000000e+00 -6.928203e+00 0.000000e+00
    endloop
  endfacet
  facet normal 0.000000e+00 0.000000e+00 -1.000000e+00
    outer loop
      vertex 0.000000e+00 0.000000e+00 0.000000e+00
      vertex 6.928203e+00 -4.000000e+00 0.000000e+00
      vertex 5.656854e+00 -5.656854e+00 0.000000e+00
    endloop
  endfacet
  facet normal 0.000000e+00 0.000000e+00 -1.000000e+00
    outer loop
      vertex 0.000000e+00 0.000000e+00 0.000000e+00
      vertex 7.727407e+00 -2.070552e+00 0.000000e+00
      vertex 6.928203e+00 -4.000000e+00 0.000000e+00
    endloop
  endfacet
  facet normal 0.000000e+00 0.000000e+00 -1.000000e+00
    outer loop
      vertex 0.000000e+00 0.000000e+00 0.000000e+00
      vertex 8.000000e+00 0.000000e+00 0.000000e+00
      vertex 7.727407e+00 -2.070552e+00 0.000000e+00
    endloop
  endfacet
  facet normal 0.000000e+00 0.000000e+00 1.000000e+00
    outer loop
      vertex 0.000000e+00 0.000000e+00 3.600000e+01
      vertex 4.000000e-01 0.000000e+00 3.600000e+01
      vertex 3.863703e-01 1.035276e-01 3.600000e+01
    endloop
  endfacet
  facet normal 0.000000e+00 0.000000e+00 1.000000e+00
    outer loop
      vertex 0.000000e+00 0.000000e+00 3.600000e+01
      vertex 3.863703e-01 1.035276e-01 3.600000e+01
      vertex 3.464102e-01 2.000000e-01 3.600000e+01
    endloop
  endfacet
  facet normal 0.000000e+00 0.000000e+00 1.000000e+00
    outer loop
      vertex 0.000000e+00 0.000000e+00 3.600000e+01
      vertex 3.464102e-01 2.000000e-01 3.600000e+01
      vertex 2.828427e-01 2.828427e-01 3.600000e+01
    endloop
  endfacet
  facet normal 0.000000e+00 0.000000e+00 1.000000e+00
    outer loop
      vertex 0.000000e+00 0.000000e+00 3.600000e+01
      vertex 2.828427e-01 2.828427e-01 3.600000e+01
      vertex 2.000000e-01 3.464102e-01 3.600000e+01
    endloop
  endfacet
  facet normal 0.000000e+00 0.000000e+00 1.000000e+00
    outer loop
      vertex 0.000000e+00 0.000000e+00 3.600000e+01
      vertex 2.000000e-01 3.464102e-01 3.600000e+01
      vertex 1.035276e-01 3.863703e-01 3.600000e+01
    endloop
  endfacet
  facet normal 0.000000e+00 0.000000e+00 1.000000e+00
    outer loop
      vertex 0.000000e+00 0.000000e+00 3.600000e+01
      vertex 1.035276e-01 3.863703e-01 3.600000e+01
      vertex 2.449294e-17 4.000000e-01 3.600000e+01
    endloop
  endfacet
  facet normal 0.000000e+00 -0.000000e+00 1.000000e+00
    outer loop
      vertex 0.000000e+00 0.000000e+00 3.600000e+01
      vertex 2.449294e-17 4.000000e-01 3.600000e+01
      vertex -1.035276e-01 3.863703e-01 3.600000e+01
    endloop
  endfacet
  facet normal 0.000000e+00 0.000000e+00 1.000000e+00
    outer loop
      vertex 0.000000e+00 0.000000e+00 3.600000e+01
      vertex -1.035276e-01 3.863703e-01 3.600000e+01
      vertex -2.000000e-01 3.464102e-01 3.600000e+01
    endloop
  endfacet
  facet normal 0.000000e+00 0.000000e+00 1.000000e+00
    outer loop
      vertex 0.000000e+00 0.000000e+00 3.600000e+01
      vertex -2.000000e-01 3.464102e-01 3.600000e+01
      vertex -2.828427e-01 2.828427e-01 3.600000e+01
    endloop
  endfacet
  facet normal 0.000000e+00 0.000000e+00 1.000000e+00
    outer loop
      vertex 0.000000e+00 0.000000e+00 3.600000e+01
      vertex -2.828427e-01 2.828427e-01 3.600000e+01
      vertex -3.464102e-01 2.000000e-01 3.600000e+01
    endloop
  endfacet
  facet normal 0.000000e+00 0.000000e+00 1.000000e+00
    outer loop
      vertex 0.000000e+00 0.000000e+00 3.600000e+01
      vertex -3.464102e-01 2.000000e-01 3.600000e+01
      vertex -3.863703e-01 1.035276e-01 3.600000e+01
    endloop
  endfacet
  facet normal 0.000000e+00 0.000000e+00 1.000000e+00
    outer loop
      vertex 0.000000e+00 0.000000e+00 3.600000e+01
      vertex -3.863703e-01 1.035276e-01 3.600000e+01
      vertex -4.000000e-01 4.898587e-17 3.600000e+01
    endloop
  endfacet
  facet normal 0.000000e+00 0.000000e+00 1.000000e+00
    outer loop
      vertex 0.000000e+00 0.000000e+00 3.600000e+01
      vertex -4.000000e-01 4.898587e-17 3.600000e+01
      vertex -3.863703e-01 -1.035276e-01 3.600000e+01
    endloop
  endfacet
  facet normal 0.000000e+00 0.000000e+00 1.000000e+00
    outer loop
      vertex 0.000000e+00 0.000000e+00 3.600000e+01
      vertex -3.863703e-01 -1.035276e-01 3.600000e+01
      vertex -3.464102e-01 -2.000000e-01 3.600000e+01
    endloop
  endfacet
  facet normal 0.000000e+00 0.000000e+00 1.000000e+00
    outer loop
      vertex 0.000000e+00 0.000000e+00 3.600000e+01
      vertex -3.464102e-01 -2.000000e-01 3.600000e+01
      vertex -2.828427e-01 -2.828427e-01 3.600000e+01
    endloop
  endfacet
  facet normal 0.000000e+00 0.000000e+00 1.000000e+00
    outer loop
      vertex 0.000000e+00 0.000000e+00 3.600000e+01
      vertex -2.828427e-01 -2.828427e-01 3.600000e+01
      vertex -2.000000e-01 -3.464102e-01 3.600000e+01
    endloop
  endfacet
  facet normal 0.000000e+00 0.000000e+00 1.000000e+00
    outer loop
      vertex 0.000000e+00 0.000000e+00 3.600000e+01
      vertex -2.000000e-01 -3.464102e-01 3.600000e+01
      vertex -1.035276e-01 -3.863703e-01 3.600000e+01
    endloop
  endfacet
  facet normal 0.000000e+00 0.000000e+00 1.000000e+00
    outer loop
      vertex 0.000000e+00 0.000000e+00 3.600000e+01
      vertex -1.035276e-01 -3.863703e-01 3.600000e+01
      vertex -7.347881e-17 -4.000000e-01 3.600000e+01
    endloop
  endfacet
  facet normal 0.000000e+00 0.000000e+00 1.000000e+00
    outer loop
      vertex 0.000000e+00 0.000000e+00 3.600000e+01
      vertex -7.347881e-17 -4.000000e-01 3.600000e+01
      vertex 1.035276e-01 -3.863703e-01 3.600000e+01
    endloop
  endfacet
  facet normal 0.000000e+00 0.000000e+00 1.000000e+00
    outer loop
      vertex 0.000000e+00 0.000000e+00 3.600000e+01
      vertex 1.035276e-01 -3.863703e-01 3.600000e+01
      vertex 2.000000e-01 -3.464102e-01 3.600000e+01
    endloop
  endfacet
  facet normal 0.000000e+00 0.000000e+00 1.000000e+00
    outer loop
      vertex 0.000000e+00 0.000000e+00 3.600000e+01
      vertex 2.000000e-01 -3.464102e-01 3.600000e+01
      vertex 2.828427e-01 -2.828427e-01 3.600000e+01
    endloop
  endfacet
  facet normal 0.000000e+00 0.000000e+00 1.000000e+00
    outer loop
      vertex 0.000000e+00 0.000000e+00 3.600000e+01
      vertex 2.828427e-01 -2.828427e-01 3.600000e+01
      vertex 3.464102e-01 -2.000000e-01 3.600000e+01
    endloop
  endfacet
  facet normal 0.000000e+00 0.000000e+00 1.000000e+00
    outer loop
      vertex 0.000000e+00 0.000000e+00 3.600000e+01
      vertex 3.464102e-01 -2.000000e-01 3.600000e+01
      vertex 3.863703e-01 -1.035276e-01 3.600000e+01
    endloop
  endfacet
  facet normal -0.000000e+00 0.000000e+00 1.000000e+00
    outer loop
      vertex 0.000000e+00 0.000000e+00 3.600000e+01
      vertex 3.863703e-01 -1.035276e-01 3.600000e+01
      vertex 4.000000e-01 0.000000e+00 3.600000e+01
    endloop
  endfacet
  facet normal 0.000000e+00 0.000000e+00 1.000000e+00
    outer loop
      vertex 1.600000e+00 0.000000e+00 2.400000e+01
      vertex 1.545481e+00 4.141105e-01 2.400000e+01
      vertex 3.863703e-01 1.035276e-01 2.400000e+01
    endloop
  endfacet
  facet normal 0.000000e+00 0.000000e+00 1.000000e+00
    outer loop
      vertex 1.600000e+00 0.000000e+00 2.400000e+01
      vertex 3.863703e-01 1.035276e-01 2.400000e+01
      vertex 4.000000e-01 0.000000e+00 2.400000e+01
    endloop
  endfacet
  facet normal 0.000000e+00 0.000000e+00 -1.000000e+00
    outer loop
      vertex 0.000000e+00 0.000000e+00 2.400000e+01
      vertex 1.545481e+00 4.141105e-01 2.400000e+01
      vertex 1.600000e+00 0.000000e+00 2.400000e+01
    endloop
  endfacet
  facet normal 0.000000e+00 0.000000e+00 1.000000e+00
    outer loop
      vertex 0.000000e+00 0.000000e+00 2.400000e+01
      vertex 4.000000e-01 0.000000e+00 2.400000e+01
      vertex 3.863703e-01 1.035276e-01 2.400000e+01
    endloop
  endfacet
  facet normal 0.000000e+00 0.000000e+00 1.000000e+00
    outer loop
      vertex 1.545481e+00 4.141105e-01 2.400000e+01
      vertex 1.385641e+00 8.000000e-01 2.400000e+01
      vertex 3.464102e-01 2.000000e-01 2.400000e+01
    endloop
  endfacet
  facet normal 0.000000e+00 0.000000e+00 1.000000e+00
    outer loop
      vertex 1.545481e+00 4.141105e-01 2.400000e+01
      vertex 3.464102e-01 2.000000e-01 2.400000e+01
      vertex 3.863703e-01 1.035276e-01 2.400000e+01
    endloop
  endfacet
  facet normal 0.000000e+00 0.000000e+00 -1.000000e+00
    outer loop
      vertex 0.000000e+00 0.000000e+00 2.400000e+01
      vertex 1.385641e+00 8.000000e-01 2.400000e+01
      vertex 1.545481e+00 4.141105e-01 2.400000e+01
    endloop
  endfacet
  facet normal 0.000000e+00 0.000000e+00 1.000000e+00
    outer loop
      vertex 0.000000e+00 0.000000e+00 2.400000e+01
      vertex 3.863703e-01 1.035276e-01 2.400000e+01
      vertex 3.464102e-01 2.000000e-01 2.400000e+01
    endloop
  endfacet
  facet normal 0.000000e+00 0.000000e+00 1.000000e+00
    outer loop
      vertex 1.385641e+00 8.000000e-01 2.400000e+01
      vertex 1.131371e+00 1.131371e+00 2.400000e+01
      vertex 2.828427e-01 2.828427e-01 2.400000e+01
    endloop
  endfacet
  facet normal 0.000000e+00 0.000000e+00 1.000000e+00
    outer loop
      vertex 1.385641e+00 8.000000e-01 2.400000e+01
      vertex 2.828427e-01 2.828427e-01 2.400000e+01
      vertex 3.464102e-01 2.000000e-01 2.400000e+01
    endloop
  endfacet
  facet normal 0.000000e+00 0.000000e+00 -1.000000e+00
    outer loop
      vertex 0.000000e+00 0.000000e+00 2.400000e+01
      vertex 1.131371e+00 1.131371e+00 2.400000e+01
      vertex 1.385641e+00 8.000000e-01 2.400000e+01
    endloop
  endfacet
  facet normal 0.000000e+00 0.000000e+00 1.000000e+00
    outer loop
      vertex 0.000000e+00 0.000000e+00 2.400000e+01
      vertex 3.464102e-01 2.000000e-01 2.400000e+01
      vertex 2.828427e-01 2.828427e-01 2.400000e+01
    endloop
  endfacet
  facet normal 0.000000e+00 0.000000e+00 1.000000e+00
    outer loop
      vertex 1.131371e+00 1.131371e+00 2.400000e+01
      vertex 8.000000e-01 1.385641e+00 2.400000e+01
      vertex 2.000000e-01 3.464102e-01 2.400000e+01
    endloop
  endfacet
  facet normal 0.000000e+00 0.000000e+00 1.000000e+00
    outer loop
      vertex 1.131371e+00 1.131371e+00 2.400000e+01
      vertex 2.000000e-01 3.464102e-01 2.400000e+01
      vertex 2.828427e-01 2.828427e-01 2.400000e+01
    endloop
  endfacet
  facet normal 0.000000e+00 0.000000e+00 -1.000000e+00
    outer loop
      vertex 0.000000e+00 0.000000e+00 2.400000e+01
      vertex 8.000000e-01 1.385641e+00 2.400000e+01
      vertex 1.131371e+00 1.131371e+00 2.400000e+01
    endloop
  endfacet
  facet normal 0.000000e+00 0.000000e+00 1.000000e+00
    outer loop
      vertex 0.000000e+00 0.000000e+00 2.400000e+01
      vertex 2.828427e-01 2.828427e-01 2.400000e+01
      vertex 2.000000e-01 3.464102e-01 2.400000e+01
    endloop
  endfacet
  facet normal 0.000000e+00 0.000000e+00 1.000000e+00
    outer loop
      vertex 8.000000e-01 1.385641e+00 2.400000e+01
      vertex 4.141105e-01 1.545481e+00 2.400000e+01
      vertex 1.035276e-01 3.863703e-01 2.400000e+01
    endloop
  endfacet
  facet normal 0.000000e+00 0.000000e+00 1.000000e+00
    outer loop
      vertex 8.000000e-01 1.385641e+00 2.400000e+01
      vertex 1.035276e-01 3.863703e-01 2.400000e+01
      vertex 2.000000e-01 3.464102e-01 2.400000e+01
    endloop
  endfacet
  facet normal 0.000000e+00 0.000000e+00 -1.000000e+00
    outer loop
      vertex 0.000000e+00 0.000000e+00 2.400000e+01
      vertex 4.141105e-01 1.545481e+00 2.400000e+01
      vertex 8.000000e-01 1.385641e+00 2.400000e+01
    endloop
  endfacet
  facet normal 0.000000e+00 0.000000e+00 1.000000e+00
    outer loop
      vertex 0.000000e+00 0.000000e+00 2.400000e+01
      vertex 2.000000e-01 3.464102e-01 2.400000e+01
      vertex 1.035276e-01 3.863703e-01 2.400000e+01
    endloop
  endfacet
  facet normal 0.000000e+00 0.000000e+00 1.000000e+00
    outer loop
      vertex 4.141105e-01 1.545481e+00 2.400000e+01
      vertex 9.797174e-17 1.600000e+00 2.400000e+01
      vertex 2.449294e-17 4.000000e-01 2.400000e+01
    endloop
  endfacet
  facet normal 0.000000e+00 0.000000e+00 1.000000e+00
    outer loop
      vertex 4.141105e-01 1.545481e+00 2.400000e+01
      vertex 2.449294e-17 4.000000e-01 2.400000e+01
      vertex 1.035276e-01 3.863703e-01 2.400000e+01
    endloop
  endfacet
  facet normal 0.000000e+00 0.000000e+00 -1.000000e+00
    outer loop
      vertex 0.000000e+00 0.000000e+00 2.400000e+01
      vertex 9.797174e-17 1.600000e+00 2.400000e+01
      vertex 4.141105e-01 1.545481e+00 2.400000e+01
    endloop
  endfacet
  facet normal 0.000000e+00 0.000000e+00 1.000000e+00
    outer loop
      vertex 0.000000e+00 0.000000e+00 2.400000e+01
      vertex 1.035276e-01 3.863703e-01 2.400000e+01
      vertex 2.449294e-17 4.000000e-01 2.400000e+01
    endloop
  endfacet
  facet normal 0.000000e+00 0.000000e+00 1.000000e+00
    outer loop
      vertex 9.797174e-17 1.600000e+00 2.400000e+01
      vertex -4.141105e-01 1.545481e+00 2.400000e+01
      vertex -1.035276e-01 3.863703e-01 2.400000e+01
    endloop
  endfacet
  facet normal 0.000000e+00 0.000000e+00 1.000000e+00
    outer loop
      vertex 9.797174e-17 1.600000e+00 2.400000e+01
      vertex -1.035276e-01 3.863703e-01 2.400000e+01
      vertex 2.449294e-17 4.000000e-01 2.400000e+01
    endloop
  endfacet
  facet normal 0.000000e+00 0.000000e+00 -1.000000e+00
    outer loop
      vertex 0.000000e+00 0.000000e+00 2.400000e+01
      vertex -4.141105e-01 1.545481e+00 2.400000e+01
      vertex 9.797174e-17 1.600000e+00 2.400000e+01
    endloop
  endfacet
  facet normal 0.000000e+00 -0.000000e+00 1.000000e+00
    outer loop
      vertex 0.000000e+00 0.000000e+00 2.400000e+01
      vertex 2.449294e-17 4.000000e-01 2.400000e+01
      vertex -1.035276e-01 3.863703e-01 2.400000e+01
    endloop
  endfacet
  facet normal 0.000000e+00 0.000000e+00 1.000000e+00
    outer loop
      vertex -4.141105e-01 1.545481e+00 2.400000e+01
      vertex -8.000000e-01 1.385641e+00 2.400000e+01
      vertex -2.000000e-01 3.464102e-01 2.400000e+01
    endloop
  endfacet
  facet normal 0.000000e+00 0.000000e+00 1.000000e+00
    outer loop
      vertex -4.141105e-01 1.545481e+00 2.400000e+01
      vertex -2.000000e-01 3.464102e-01 2.400000e+01
      vertex -1.035276e-01 3.863703e-01 2.400000e+01
    endloop
  endfacet
  facet normal 0.000000e+00 0.000000e+00 -1.000000e+00
    outer loop
      vertex 0.000000e+00 0.000000e+00 2.400000e+01
      vertex -8.000000e-01 1.385641e+00 2.400000e+01
      vertex -4.141105e-01 1.545481e+00 2.400000e+01
    endloop
  endfacet
  facet normal 0.000000e+00 0.000000e+00 1.000000e+00
    outer loop
      vertex 0.000000e+00 0.000000e+00 2.400000e+01
      vertex -1.035276e-01 3.863703e-01 2.400000e+01
      vertex -2.000000e-01 3.464102e-01 2.400000e+01
    endloop
  endfacet
  facet normal 0.000000e+00 0.000000e+00 1.000000e+00
    outer loop
      vertex -8.000000e-01 1.385641e+00 2.400000e+01
      vertex -1.131371e+00 1.131371e+00 2.400000e+01
      vertex -2.828427e-01 2.828427e-01 2.400000e+01
    endloop
  endfacet
  facet normal 0.000000e+00 0.000000e+00 1.000000e+00
    outer loop
      vertex -8.000000e-01 1.385641e+00 2.400000e+01
      vertex -2.828427e-01 2.828427e-01 2.400000e+01
      vertex -2.000000e-01 3.464102e-01 2.400000e+01
    endloop
  endfacet
  facet normal 0.000000e+00 0.000000e+00 -1.000000e+00
    outer loop
      vertex 0.000000e+00 0.000000e+00 2.400000e+01
      vertex -1.131371e+00 1.131371e+00 2.400000e+01
      vertex -8.000000e-01 1.385641e+00 2.400000e+01
    endloop
  endfacet
  facet normal 0.000000e+00 0.000000e+00 1.000000e+00
    outer loop
      vertex 0.000000e+00 0.000000e+00 2.400000e+01
      vertex -2.000000e-01 3.464102e-01 2.400000e+01
      vertex -2.828427e-01 2.828427e-01 2.400000e+01
    endloop
  endfacet
  facet normal 0.000000e+00 0.000000e+00 1.000000e+00
    outer loop
      vertex -1.131371e+00 1.131371e+00 2.400000e+01
      vertex -1.385641e+00 8.000000e-01 2.400000e+01
      vertex -3.464102e-01 2.000000e-01 2.400000e+01
    endloop
  endfacet
  facet normal 0.000000e+00 0.000000e+00 1.000000e+00
    outer loop
      vertex -1.131371e+00 1.131371e+00 2.400000e+01
      vertex -3.464102e-01 2.000000e-01 2.400000e+01
      vertex -2.828427e-01 2.828427e-01 2.400000e+01
    endloop
  endfacet
  facet normal 0.000000e+00 0.000000e+00 -1.000000e+00
    outer loop
      vertex 0.000000e+00 0.000000e+00 2.400000e+01
      vertex -1.385641e+00 8.000000e-01 2.400000e+01
      vertex -1.131371e+00 1.131371e+00 2.400000e+01
    endloop
  endfacet
  facet normal 0.000000e+00 0.000000e+00 1.000000e+00
    outer loop
      vertex 0.000000e+00 0.000000e+00 2.400000e+01
      vertex -2.828427e-01 2.828427e-01 2.400000e+01
      vertex -3.464102e-01 2.000000e-01 2.400000e+01
    endloop
  endfacet
  facet normal 0.000000e+00 0.000000e+00 1.000000e+00
    outer loop
      vertex -1.385641e+00 8.000000e-01 2.400000e+01
      vertex -1.545481e+00 4.141105e-01 2.400000e+01
      vertex -3.863703e-01 1.035276e-01 2.400000e+01
    endloop
  endfacet
  facet normal 0.000000e+00 0.000000e+00 1.000000e+00
    outer loop
      vertex -1.385641e+00 8.000000e-01 2.400000e+01
      vertex -3.863703e-01 1.035276e-01 2.400000e+01
      vertex -3.464102e-01 2.000000e-01 2.400000e+01
    endloop
  endfacet
  facet normal 0.000000e+00 0.000000e+00 -1.000000e+00
    outer loop
      vertex 0.000000e+00 0.000000e+00 2.400000e+01
      vertex -1.545481e+00 4.141105e-01 2.400000e+01
      vertex -1.385641e+00 8.000000e-01 2.400000e+01
    endloop
  endfacet
  facet normal 0.000000e+00 0.000000e+00 1.000000e+00
    outer loop
      vertex 0.000000e+00 0.000000e+00 2.400000e+01
      vertex -3.464102e-01 2.000000e-01 2.400000e+01
      vertex -3.863703e-01 1.035276e-01 2.400000e+01
    endloop
  endfacet
  facet normal 0.000000e+00 0.000000e+00 1.000000e+00
    outer loop
      vertex -1.545481e+00 4.141105e-01 2.400000e+01
      vertex -1.600000e+00 1.959435e-16 2.400000e+01
      vertex -4.000000e-01 4.898587e-17 2.400000e+01
    endloop
  endfacet
  facet normal 0.000000e+00 0.000000e+00 1.000000e+00
    outer loop
      vertex -1.545481e+00 4.141105e-01 2.400000e+01
      vertex -4.000000e-01 4.898587e-17 2.400000e+01
      vertex -3.863703e-01 1.035276e-01 2.400000e+01
    endloop
  endfacet
  facet normal 0.000000e+00 0.000000e+00 -1.000000e+00
    outer loop
      vertex 0.000000e+00 0.000000e+00 2.400000e+01
      vertex -1.600000e+00 1.959435e-16 2.400000e+01
      vertex -1.545481e+00 4.141105e-01 2.400000e+01
    endloop
  endfacet
  facet normal 0.000000e+00 0.000000e+00 1.000000e+00
    outer loop
      vertex 0.000000e+00 0.000000e+00 2.400000e+01
      vertex -3.863703e-01 1.035276e-01 2.400000e+01
      vertex -4.000000e-01 4.898587e-17 2.400000e+01
    endloop
  endfacet
  facet normal 0.000000e+00 0.000000e+00 1.000000e+00
    outer loop
      vertex -1.600000e+00 1.959435e-16 2.400000e+01
      vertex -1.545481e+00 -4.141105e-01 2.400000e+01
      vertex -3.863703e-01 -1.035276e-01 2.400000e+01
    endloop
  endfacet
  facet normal 0.000000e+00 0.000000e+00 1.000000e+00
    outer loop
      vertex -1.600000e+00 1.959435e-16 2.400000e+01
      vertex -3.863703e-01 -1.035276e-01 2.400000e+01
      vertex -4.000000e-01 4.898587e-17 2.400000e+01
    endloop
  endfacet
  facet normal -0.000000e+00 0.000000e+00 -1.000000e+00
    outer loop
      vertex 0.000000e+00 0.000000e+00 2.400000e+01
      vertex -1.545481e+00 -4.141105e-01 2.400000e+01
      vertex -1.600000e+00 1.959435e-16 2.400000e+01
    endloop
  endfacet
  facet normal 0.000000e+00 0.000000e+00 1.000000e+00
    outer loop
      vertex 0.000000e+00 0.000000e+00 2.400000e+01
      vertex -4.000000e-01 4.898587e-17 2.400000e+01
      vertex -3.863703e-01 -1.035276e-01 2.400000e+01
    endloop
  endfacet
  facet normal -0.000000e+00 0.000000e+00 1.000000e+00
    outer loop
      vertex -1.545481e+00 -4.141105e-01 2.400000e+01
      vertex -1.385641e+00 -8.000000e-01 2.400000e+01
      vertex -3.464102e-01 -2.000000e-01 2.400000e+01
    endloop
  endfacet
  facet normal 0.000000e+00 0.000000e+00 1.000000e+00
    outer loop
      vertex -1.545481e+00 -4.141105e-01 2.400000e+01
      vertex -3.464102e-01 -2.000000e-01 2.400000e+01
      vertex -3.863703e-01 -1.035276e-01 2.400000e+01
    endloop
  endfacet
  facet normal 0.000000e+00 0.000000e+00 -1.000000e+00
    outer loop
      vertex 0.000000e+00 0.000000e+00 2.400000e+01
      vertex -1.385641e+00 -8.000000e-01 2.400000e+01
      vertex -1.545481e+00 -4.141105e-01 2.400000e+01
    endloop
  endfacet
  facet normal 0.000000e+00 0.000000e+00 1.000000e+00
    outer loop
      vertex 0.000000e+00 0.000000e+00 2.400000e+01
      vertex -3.863703e-01 -1.035276e-01 2.400000e+01
      vertex -3.464102e-01 -2.000000e-01 2.400000e+01
    endloop
  endfacet
  facet normal -0.000000e+00 0.000000e+00 1.000000e+00
    outer loop
      vertex -1.385641e+00 -8.000000e-01 2.400000e+01
      vertex -1.131371e+00 -1.131371e+00 2.400000e+01
      vertex -2.828427e-01 -2.828427e-01 2.400000e+01
    endloop
  endfacet
  facet normal 0.000000e+00 0.000000e+00 1.000000e+00
    outer loop
      vertex -1.385641e+00 -8.000000e-01 2.400000e+01
      vertex -2.828427e-01 -2.828427e-01 2.400000e+01
      vertex -3.464102e-01 -2.000000e-01 2.400000e+01
    endloop
  endfacet
  facet normal 0.000000e+00 0.000000e+00 -1.000000e+00
    outer loop
      vertex 0.000000e+00 0.000000e+00 2.400000e+01
      vertex -1.131371e+00 -1.131371e+00 2.400000e+01
      vertex -1.385641e+00 -8.000000e-01 2.400000e+01
    endloop
  endfacet
  facet normal 0.000000e+00 0.000000e+00 1.000000e+00
    outer loop
      vertex 0.000000e+00 0.000000e+00 2.400000e+01
      vertex -3.464102e-01 -2.000000e-01 2.400000e+01
      vertex -2.828427e-01 -2.828427e-01 2.400000e+01
    endloop
  endfacet
  facet normal -0.000000e+00 0.000000e+00 1.000000e+00
    outer loop
      vertex -1.131371e+00 -1.131371e+00 2.400000e+01
      vertex -8.000000e-01 -1.385641e+00 2.400000e+01
      vertex -2.000000e-01 -3.464102e-01 2.400000e+01
    endloop
  endfacet
  facet normal 0.000000e+00 0.000000e+00 1.000000e+00
    outer loop
      vertex -1.131371e+00 -1.131371e+00 2.400000e+01
      vertex -2.000000e-01 -3.464102e-01 2.400000e+01
      vertex -2.828427e-01 -2.828427e-01 2.400000e+01
    endloop
  endfacet
  facet normal 0.000000e+00 0.000000e+00 -1.000000e+00
    outer loop
      vertex 0.000000e+00 0.000000e+00 2.400000e+01
      vertex -8.000000e-01 -1.385641e+00 2.400000e+01
      vertex -1.131371e+00 -1.131371e+00 2.400000e+01
    endloop
  endfacet
  facet normal 0.000000e+00 0.000000e+00 1.000000e+00
    outer loop
      vertex 0.000000e+00 0.000000e+00 2.400000e+01
      vertex -2.828427e-01 -2.828427e-01 2.400000e+01
      vertex -2.000000e-01 -3.464102e-01 2.400000e+01
    endloop
  endfacet
  facet normal -0.000000e+00 0.000000e+00 1.000000e+00
    outer loop
      vertex -8.000000e-01 -1.385641e+00 2.400000e+01
      vertex -4.141105e-01 -1.545481e+00 2.400000e+01
      vertex -1.035276e-01 -3.863703e-01 2.400000e+01
    endloop
  endfacet
  facet normal 0.000000e+00 0.000000e+00 1.000000e+00
    outer loop
      vertex -8.000000e-01 -1.385641e+00 2.400000e+01
      vertex -1.035276e-01 -3.863703e-01 2.400000e+01
      vertex -2.000000e-01 -3.464102e-01 2.400000e+01
    endloop
  endfacet
  facet normal 0.000000e+00 0.000000e+00 -1.000000e+00
    outer loop
      vertex 0.000000e+00 0.000000e+00 2.400000e+01
      vertex -4.141105e-01 -1.545481e+00 2.400000e+01
      vertex -8.000000e-01 -1.385641e+00 2.400000e+01
    endloop
  endfacet
  facet normal 0.000000e+00 0.000000e+00 1.000000e+00
    outer loop
      vertex 0.000000e+00 0.000000e+00 2.400000e+01
      vertex -2.000000e-01 -3.464102e-01 2.400000e+01
      vertex -1.035276e-01 -3.863703e-01 2.400000e+01
    endloop
  endfacet
  facet normal -0.000000e+00 0.000000e+00 1.000000e+00
    outer loop
      vertex -4.141105e-01 -1.545481e+00 2.400000e+01
      vertex -2.939152e-16 -1.600000e+00 2.400000e+01
      vertex -7.347881e-17 -4.000000e-01 2.400000e+01
    endloop
  endfacet
  facet normal 0.000000e+00 0.000000e+00 1.000000e+00
    outer loop
      vertex -4.141105e-01 -1.545481e+00 2.400000e+01
      vertex -7.347881e-17 -4.000000e-01 2.400000e+01
      vertex -1.035276e-01 -3.863703e-01 2.400000e+01
    endloop
  endfacet
  facet normal 0.000000e+00 0.000000e+00 -1.000000e+00
    outer loop
      vertex 0.000000e+00 0.000000e+00 2.400000e+01
      vertex -2.939152e-16 -1.600000e+00 2.400000e+01
      vertex -4.141105e-01 -1.545481e+00 2.400000e+01
    endloop
  endfacet
  facet normal 0.000000e+00 0.000000e+00 1.000000e+00
    outer loop
      vertex 0.000000e+00 0.000000e+00 2.400000e+01
      vertex -1.035276e-01 -3.863703e-01 2.400000e+01
      vertex -7.347881e-17 -4.000000e-01 2.400000e+01
    endloop
  endfacet
  facet normal 0.000000e+00 0.000000e+00 1.000000e+00
    outer loop
      vertex -2.939152e-16 -1.600000e+00 2.400000e+01
      vertex 4.141105e-01 -1.545481e+00 2.400000e+01
      vertex 1.035276e-01 -3.863703e-01 2.400000e+01
    endloop
  endfacet
  facet normal 0.000000e+00 0.000000e+00 1.000000e+00
    outer loop
      vertex -2.939152e-16 -1.600000e+00 2.400000e+01
      vertex 1.035276e-01 -3.863703e-01 2.400000e+01
      vertex -7.347881e-17 -4.000000e-01 2.400000e+01
    endloop
  endfacet
  facet normal 0.000000e+00 -0.000000e+00 -1.000000e+00
    outer loop
      vertex 0.000000e+00 0.000000e+00 2.400000e+01
      vertex 4.141105e-01 -1.545481e+00 2.400000e+01
      vertex -2.939152e-16 -1.600000e+00 2.400000e+01
    endloop
  endfacet
  facet normal 0.000000e+00 0.000000e+00 1.000000e+00
    outer loop
      vertex 0.000000e+00 0.000000e+00 2.400000e+01
      vertex -7.347881e-17 -4.000000e-01 2.400000e+01
      vertex 1.035276e-01 -3.863703e-01 2.400000e+01
    endloop
  endfacet
  facet normal 0.000000e+00 -0.000000e+00 1.000000e+00
    outer loop
      vertex 4.141105e-01 -1.545481e+00 2.400000e+01
      vertex 8.000000e-01 -1.385641e+00 2.400000e+01
      vertex 2.000000e-01 -3.464102e-01 2.400000e+01
    endloop
  endfacet
  facet normal 0.000000e+00 0.000000e+00 1.000000e+00
    outer loop
      vertex 4.141105e-01 -1.545481e+00 2.400000e+01
      vertex 2.000000e-01 -3.464102e-01 2.400000e+01
      vertex 1.035276e-01 -3.863703e-01 2.400000e+01
    endloop
  endfacet
  facet normal 0.000000e+00 0.000000e+00 -1.000000e+00
    outer loop
      vertex 0.000000e+00 0.000000e+00 2.400000e+01
      vertex 8.000000e-01 -1.385641e+00 2.400000e+01
      vertex 4.141105e-01 -1.545481e+00 2.400000e+01
    endloop
  endfacet
  facet normal 0.000000e+00 0.000000e+00 1.000000e+00
    outer loop
      vertex 0.000000e+00 0.000000e+00 2.400000e+01
      vertex 1.035276e-01 -3.863703e-01 2.400000e+01
      vertex 2.000000e-01 -3.464102e-01 2.400000e+01
    endloop
  endfacet
  facet normal 0.000000e+00 -0.000000e+00 1.000000e+00
    outer loop
      vertex 8.000000e-01 -1.385641e+00 2.400000e+01
      vertex 1.131371e+00 -1.131371e+00 2.400000e+01
      vertex 2.828427e-01 -2.828427e-01 2.400000e+01
    endloop
  endfacet
  facet normal 0.000000e+00 0.000000e+00 1.000000e+00
    outer loop
      vertex 8.000000e-01 -1.385641e+00 2.400000e+01
      vertex 2.828427e-01 -2.828427e-01 2.400000e+01
      vertex 2.000000e-01 -3.464102e-01 2.400000e+01
    endloop
  endfacet
  facet normal 0.000000e+00 0.000000e+00 -1.000000e+00
    outer loop
      vertex 0.000000e+00 0.000000e+00 2.400000e+01
      vertex 1.131371e+00 -1.131371e+00 2.400000e+01
      vertex 8.000000e-01 -1.385641e+00 2.400000e+01
    endloop
  endfacet
  facet normal 0.000000e+00 0.000000e+00 1.000000e+00
    outer loop
      vertex 0.000000e+00 0.000000e+00 2.400000e+01
      vertex 2.000000e-01 -3.464102e-01 2.400000e+01
      vertex 2.828427e-01 -2.828427e-01 2.400000e+01
    endloop
  endfacet
  facet normal 0.000000e+00 -0.000000e+00 1.000000e+00
    outer loop
      vertex 1.131371e+00 -1.131371e+00 2.400000e+01
      vertex 1.385641e+00 -8.000000e-01 2.400000e+01
      vertex 3.464102e-01 -2.000000e-01 2.400000e+01
    endloop
  endfacet
  facet normal 0.000000e+00 0.000000e+00 1.000000e+00
    outer loop
      vertex 1.131371e+00 -1.131371e+00 2.400000e+01
      vertex 3.464102e-01 -2.000000e-01 2.400000e+01
      vertex 2.828427e-01 -2.828427e-01 2.400000e+01
    endloop
  endfacet
  facet normal 0.000000e+00 0.000000e+00 -1.000000e+00
    outer loop
      vertex 0.000000e+00 0.000000e+00 2.400000e+01
      vertex 1.385641e+00 -8.000000e-01 2.400000e+01
      vertex 1.131371e+00 -1.131371e+00 2.400000e+01
    endloop
  endfacet
  facet normal 0.000000e+00 0.000000e+00 1.000000e+00
    outer loop
      vertex 0.000000e+00 0.000000e+00 2.400000e+01
      vertex 2.828427e-01 -2.828427e-01 2.400000e+01
      vertex 3.464102e-01 -2.000000e-01 2.400000e+01
    endloop
  endfacet
  facet normal 0.000000e+00 -0.000000e+00 1.000000e+00
    outer loop
      vertex 1.385641e+00 -8.000000e-01 2.400000e+01
      vertex 1.545481e+00 -4.141105e-01 2.400000e+01
      vertex 3.863703e-01 -1.035276e-01 2.400000e+01
    endloop
  endfacet
  facet normal 0.000000e+00 0.000000e+00 1.000000e+00
    outer loop
      vertex 1.385641e+00 -8.000000e-01 2.400000e+01
      vertex 3.863703e-01 -1.035276e-01 2.400000e+01
      vertex 3.464102e-01 -2.000000e-01 2.400000e+01
    endloop
  endfacet
  facet normal 0.000000e+00 0.000000e+00 -1.000000e+00
    outer loop
      vertex 0.000000e+00 0.000000e+00 2.400000e+01
      vertex 1.545481e+00 -4.141105e-01 2.400000e+01
      vertex 1.385641e+00 -8.000000e-01 2.400000e+01
    endloop
  endfacet
  facet normal 0.000000e+00 0.000000e+00 1.000000e+00
    outer loop
      vertex 0.000000e+00 0.000000e+00 2.400000e+01
      vertex 3.464102e-01 -2.000000e-01 2.400000e+01
      vertex 3.863703e-01 -1.035276e-01 2.400000e+01
    endloop
  endfacet
  facet normal 0.000000e+00 -0.000000e+00 1.000000e+00
    outer loop
      vertex 1.545481e+00 -4.141105e-01 2.400000e+01
      vertex 1.600000e+00 -3.918870e-16 2.400000e+01
      vertex 4.000000e-01 -9.797174e-17 2.400000e+01
    endloop
  endfacet
  facet normal 0.000000e+00 0.000000e+00 1.000000e+00
    outer loop
      vertex 1.545481e+00 -4.141105e-01 2.400000e+01
      vertex 4.000000e-01 -9.797174e-17 2.400000e+01
      vertex 3.863703e-01 -1.035276e-01 2.400000e+01
    endloop
  endfacet
  facet normal 0.000000e+00 0.000000e+00 -1.000000e+00
    outer loop
      vertex 0.000000e+00 0.000000e+00 2.400000e+01
      vertex 1.600000e+00 -3.918870e-16 2.400000e+01
      vertex 1.545481e+00 -4.141105e-01 2.400000e+01
    endloop
  endfacet
  facet normal 0.000000e+00 0.000000e+00 1.000000e+00
    outer loop
      vertex 0.000000e+00 0.000000e+00 2.400000e+01
      vertex 3.863703e-01 -1.035276e-01 2.400000e+01
      vertex 4.000000e-01 -9.797174e-17 2.400000e+01
    endloop
  endfacet
  facet normal 0.000000e+00 9.807853e-01 1.950903e-01
    outer loop
      vertex 5.200000e+00 1.500000e+00 2.420000e+01
      vertex 5.200000e+00 1.385819e+00 2.477403e+01
      vertex 8.400000e+00 1.385819e+00 2.477403e+01
    endloop
  endfacet
  facet normal -0.000000e+00 9.807853e-01 1.950903e-01
    outer loop
      vertex 5.200000e+00 1.500000e+00 2.420000e+01
      vertex 8.400000e+00 1.385819e+00 2.477403e+01
      vertex 8.400000e+00 1.500000e+00 2.420000e+01
    endloop
  endfacet
  facet normal 0.000000e+00 8.314696e-01 5.555702e-01
    outer loop
      vertex 5.200000e+00 1.385819e+00 2.477403e+01
      vertex 5.200000e+00 1.060660e+00 2.526066e+01
      vertex 8.400000e+00 1.060660e+00 2.526066e+01
    endloop
  endfacet
  facet normal -0.000000e+00 8.314696e-01 5.555702e-01
    outer loop
      vertex 5.200000e+00 1.385819e+00 2.477403e+01
      vertex 8.400000e+00 1.060660e+00 2.526066e+01
      vertex 8.400000e+00 1.385819e+00 2.477403e+01
    endloop
  endfacet
  facet normal 0.000000e+00 5.555702e-01 8.314696e-01
    outer loop
      vertex 5.200000e+00 1.060660e+00 2.526066e+01
      vertex 5.200000e+00 5.740251e-01 2.558582e+01
      vertex 8.400000e+00 5.740251e-01 2.558582e+01
    endloop
  endfacet
  facet normal -0.000000e+00 5.555702e-01 8.314696e-01
    outer loop
      vertex 5.200000e+00 1.060660e+00 2.526066e+01
      vertex 8.400000e+00 5.740251e-01 2.558582e+01
      vertex 8.400000e+00 1.060660e+00 2.526066e+01
    endloop
  endfacet
  facet normal 0.000000e+00 1.950903e-01 9.807853e-01
    outer loop
      vertex 5.200000e+00 5.740251e-01 2.558582e+01
      vertex 5.200000e+00 9.184851e-17 2.570000e+01
      vertex 8.400000e+00 9.184851e-17 2.570000e+01
    endloop
  endfacet
  facet normal -0.000000e+00 1.950903e-01 9.807853e-01
    outer loop
      vertex 5.200000e+00 5.740251e-01 2.558582e+01
      vertex 8.400000e+00 9.184851e-17 2.570000e+01
      vertex 8.400000e+00 5.740251e-01 2.558582e+01
    endloop
  endfacet
  facet normal 0.000000e+00 -1.950903e-01 9.807853e-01
    outer loop
      vertex 5.200000e+00 9.184851e-17 2.570000e+01
      vertex 5.200000e+00 -5.740251e-01 2.558582e+01
      vertex 8.400000e+00 -5.740251e-01 2.558582e+01
    endloop
  endfacet
  facet normal 0.000000e+00 -1.950903e-01 9.807853e-01
    outer loop
      vertex 5.200000e+00 9.184851e-17 2.570000e+01
      vertex 8.400000e+00 -5.740251e-01 2.558582e+01
      vertex 8.400000e+00 9.184851e-17 2.570000e+01
    endloop
  endfacet
  facet normal 0.000000e+00 -5.555702e-01 8.314696e-01
    outer loop
      vertex 5.200000e+00 -5.740251e-01 2.558582e+01
      vertex 5.200000e+00 -1.060660e+00 2.526066e+01
      vertex 8.400000e+00 -1.060660e+00 2.526066e+01
    endloop
  endfacet
  facet normal 0.000000e+00 -5.555702e-01 8.314696e-01
    outer loop
      vertex 5.200000e+00 -5.740251e-01 2.558582e+01
      vertex 8.400000e+00 -1.060660e+00 2.526066e+01
      vertex 8.400000e+00 -5.740251e-01 2.558582e+01
    endloop
  endfacet
  facet normal 0.000000e+00 -8.314696e-01 5.555702e-01
    outer loop
      vertex 5.200000e+00 -1.060660e+00 2.526066e+01
      vertex 5.200000e+00 -1.385819e+00 2.477403e+01
      vertex 8.400000e+00 -1.385819e+00 2.477403e+01
    endloop
  endfacet
  facet normal 0.000000e+00 -8.314696e-01 5.555702e-01
    outer loop
      vertex 5.200000e+00 -1.060660e+00 2.526066e+01
      vertex 8.400000e+00 -1.385819e+00 2.477403e+01
      vertex 8.400000e+00 -1.060660e+00 2.526066e+01
    endloop
  endfacet
  facet normal 0.000000e+00 -9.807853e-01 1.950903e-01
    outer loop
      vertex 5.200000e+00 -1.385819e+00 2.477403e+01
      vertex 5.200000e+00 -1.500000e+00 2.420000e+01
      vertex 8.400000e+00 -1.500000e+00 2.420000e+01
    endloop
  endfacet
  facet normal 0.000000e+00 -9.807853e-01 1.950903e-01
    outer loop
      vertex 5.200000e+00 -1.385819e+00 2.477403e+01
      vertex 8.400000e+00 -1.500000e+00 2.420000e+01
      vertex 8.400000e+00 -1.385819e+00 2.477403e+01
    endloop
  endfacet
  facet normal 0.000000e+00 -9.807853e-01 -1.950903e-01
    outer loop
      vertex 5.200000e+00 -1.500000e+00 2.420000e+01
      vertex 5.200000e+00 -1.385819e+00 2.362597e+01
      vertex 8.400000e+00 -1.385819e+00 2.362597e+01
    endloop
  endfacet
  facet normal 0.000000e+00 -9.807853e-01 -1.950903e-01
    outer loop
      vertex 5.200000e+00 -1.500000e+00 2.420000e+01
      vertex 8.400000e+00 -1.385819e+00 2.362597e+01
      vertex 8.400000e+00 -1.500000e+00 2.420000e+01
    endloop
  endfacet
  facet normal 0.000000e+00 -8.314696e-01 -5.555702e-01
    outer loop
      vertex 5.200000e+00 -1.385819e+00 2.362597e+01
      vertex 5.200000e+00 -1.060660e+00 2.313934e+01
      vertex 8.400000e+00 -1.060660e+00 2.313934e+01
    endloop
  endfacet
  facet normal 0.000000e+00 -8.314696e-01 -5.555702e-01
    outer loop
      vertex 5.200000e+00 -1.385819e+00 2.362597e+01
      vertex 8.400000e+00 -1.060660e+00 2.313934e+01
      vertex 8.400000e+00 -1.385819e+00 2.362597e+01
    endloop
  endfacet
  facet normal 0.000000e+00 -5.555702e-01 -8.314696e-01
    outer loop
      vertex 5.200000e+00 -1.060660e+00 2.313934e+01
      vertex 5.200000e+00 -5.740251e-01 2.281418e+01
      vertex 8.400000e+00 -5.740251e-01 2.281418e+01
    endloop
  endfacet
  facet normal 0.000000e+00 -5.555702e-01 -8.314696e-01
    outer loop
      vertex 5.200000e+00 -1.060660e+00 2.313934e+01
      vertex 8.400000e+00 -5.740251e-01 2.281418e+01
      vertex 8.400000e+00 -1.060660e+00 2.313934e+01
    endloop
  endfacet
  facet normal 0.000000e+00 -1.950903e-01 -9.807853e-01
    outer loop
      vertex 5.200000e+00 -5.740251e-01 2.281418e+01
      vertex 5.200000e+00 -2.755455e-16 2.270000e+01
      vertex 8.400000e+00 -2.755455e-16 2.270000e+01
    endloop
  endfacet
  facet normal 0.000000e+00 -1.950903e-01 -9.807853e-01
    outer loop
      vertex 5.200000e+00 -5.740251e-01 2.281418e+01
      vertex 8.400000e+00 -2.755455e-16 2.270000e+01
      vertex 8.400000e+00 -5.740251e-01 2.281418e+01
    endloop
  endfacet
  facet normal 0.000000e+00 1.950903e-01 -9.807853e-01
    outer loop
      vertex 5.200000e+00 -2.755455e-16 2.270000e+01
      vertex 5.200000e+00 5.740251e-01 2.281418e+01
      vertex 8.400000e+00 5.740251e-01 2.281418e+01
    endloop
  endfacet
  facet normal 0.000000e+00 1.950903e-01 -9.807853e-01
    outer loop
      vertex 5.200000e+00 -2.755455e-16 2.270000e+01
      vertex 8.400000e+00 5.740251e-01 2.281418e+01
      vertex 8.400000e+00 -2.755455e-16 2.270000e+01
    endloop
  endfacet
  facet normal 0.000000e+00 5.555702e-01 -8.314696e-01
    outer loop
      vertex 5.200000e+00 5.740251e-01 2.281418e+01
      vertex 5.200000e+00 1.060660e+00 2.313934e+01
      vertex 8.400000e+00 1.060660e+00 2.313934e+01
    endloop
  endfacet
  facet normal 0.000000e+00 5.555702e-01 -8.314696e-01
    outer loop
      vertex 5.200000e+00 5.740251e-01 2.281418e+01
      vertex 8.400000e+00 1.060660e+00 2.313934e+01
      vertex 8.400000e+00 5.740251e-01 2.281418e+01
    endloop
  endfacet
  facet normal 0.000000e+00 8.314696e-01 -5.555702e-01
    outer loop
      vertex 5.200000e+00 1.060660e+00 2.313934e+01
      vertex 5.200000e+00 1.385819e+00 2.362597e+01
      vertex 8.400000e+00 1.385819e+00 2.362597e+01
    endloop
  endfacet
  facet normal 0.000000e+00 8.314696e-01 -5.555702e-01
    outer loop
      vertex 5.200000e+00 1.060660e+00 2.313934e+01
      vertex 8.400000e+00 1.385819e+00 2.362597e+01
      vertex 8.400000e+00 1.060660e+00 2.313934e+01
    endloop
  endfacet
  facet normal 0.000000e+00 9.807853e-01 -1.950903e-01
    outer loop
      vertex 5.200000e+00 1.385819e+00 2.362597e+01
      vertex 5.200000e+00 1.500000e+00 2.420000e+01
      vertex 8.400000e+00 1.500000e+00 2.420000e+01
    endloop
  endfacet
  facet normal 0.000000e+00 9.807853e-01 -1.950903e-01
    outer loop
      vertex 5.200000e+00 1.385819e+00 2.362597e+01
      vertex 8.400000e+00 1.500000e+00 2.420000e+01
      vertex 8.400000e+00 1.385819e+00 2.362597e+01
    endloop
  endfacet
  facet normal 0.000000e+00 0.000000e+00 -1.000000e+00
    outer loop
      vertex 2.000000e+00 -2.400000e+00 1.650000e+01
      vertex 2.000000e+00 2.400000e+00 1.650000e+01
      vertex 6.200000e+00 2.400000e+00 1.650000e+01
    endloop
  endfacet
  facet normal 0.000000e+00 0.000000e+00 -1.000000e+00
    outer loop
      vertex 2.000000e+00 -2.400000e+00 1.650000e+01
      vertex 6.200000e+00 2.400000e+00 1.650000e+01
      vertex 6.200000e+00 -2.400000e+00 1.650000e+01
    endloop
  endfacet
  facet normal 0.000000e+00 0.000000e+00 1.000000e+00
    outer loop
      vertex 2.000000e+00 -2.400000e+00 2.300000e+01
      vertex 6.200000e+00 -2.400000e+00 2.300000e+01
      vertex 6.200000e+00 2.400000e+00 2.300000e+01
    endloop
  endfacet
  facet normal 0.000000e+00 0.000000e+00 1.000000e+00
    outer loop
      vertex 2.000000e+00 -2.400000e+00 2.300000e+01
      vertex 6.200000e+00 2.400000e+00 2.300000e+01
      vertex 2.000000e+00 2.400000e+00 2.300000e+01
    endloop
  endfacet
  facet normal 0.000000e+00 -1.000000e+00 0.000000e+00
    outer loop
      vertex 2.000000e+00 -2.400000e+00 1.650000e+01
      vertex 6.200000e+00 -2.400000e+00 1.650000e+01
      vertex 6.200000e+00 -2.400000e+00 2.300000e+01
    endloop
  endfacet
  facet normal 0.000000e+00 -1.000000e+00 0.000000e+00
    outer loop
      vertex 2.000000e+00 -2.400000e+00 1.650000e+01
      vertex 6.200000e+00 -2.400000e+00 2.300000e+01
      vertex 2.000000e+00 -2.400000e+00 2.300000e+01
    endloop
  endfacet
  facet normal 1.000000e+00 0.000000e+00 0.000000e+00
    outer loop
      vertex 6.200000e+00 -2.400000e+00 1.650000e+01
      vertex 6.200000e+00 2.400000e+00 1.650000e+01
      vertex 6.200000e+00 2.400000e+00 2.300000e+01
    endloop
  endfacet
  facet normal 1.000000e+00 0.000000e+00 0.000000e+00
    outer loop
      vertex 6.200000e+00 -2.400000e+00 1.650000e+01
      vertex 6.200000e+00 2.400000e+00 2.300000e+01
      vertex 6.200000e+00 -2.400000e+00 2.300000e+01
    endloop
  endfacet
  facet normal 0.000000e+00 1.000000e+00 0.000000e+00
    outer loop
      vertex 6.200000e+00 2.400000e+00 1.650000e+01
      vertex 2.000000e+00 2.400000e+00 1.650000e+01
      vertex 2.000000e+00 2.400000e+00 2.300000e+01
    endloop
  endfacet
  facet normal 0.000000e+00 1.000000e+00 -0.000000e+00
    outer loop
      vertex 6.200000e+00 2.400000e+00 1.650000e+01
      vertex 2.000000e+00 2.400000e+00 2.300000e+01
      vertex 6.200000e+00 2.400000e+00 2.300000e+01
    endloop
  endfacet
  facet normal -1.000000e+00 0.000000e+00 0.000000e+00
    outer loop
      vertex 2.000000e+00 2.400000e+00 1.650000e+01
      vertex 2.000000e+00 -2.400000e+00 1.650000e+01
      vertex 2.000000e+00 -2.400000e+00 2.300000e+01
    endloop
  endfacet
  facet normal -1.000000e+00 0.000000e+00 0.000000e+00
    outer loop
      vertex 2.000000e+00 2.400000e+00 1.650000e+01
      vertex 2.000000e+00 -2.400000e+00 2.300000e+01
      vertex 2.000000e+00 2.400000e+00 2.300000e+01
    endloop
  endfacet
  facet normal 9.914449e-01 1.305262e-01 0.000000e+00
    outer loop
      vertex 3.200000e+00 0.000000e+00 1.750000e+01
      vertex 3.090963e+00 8.282209e-01 1.750000e+01
      vertex 3.090963e+00 8.282209e-01 2.000000e+01
    endloop
  endfacet
  facet normal 9.914449e-01 1.305262e-01 -0.000000e+00
    outer loop
      vertex 3.200000e+00 0.000000e+00 1.750000e+01
      vertex 3.090963e+00 8.282209e-01 2.000000e+01
      vertex 3.200000e+00 0.000000e+00 2.000000e+01
    endloop
  endfacet
  facet normal 0.000000e+00 0.000000e+00 -1.000000e+00
    outer loop
      vertex 0.000000e+00 0.000000e+00 1.750000e+01
      vertex 3.090963e+00 8.282209e-01 1.750000e+01
      vertex 3.200000e+00 0.000000e+00 1.750000e+01
    endloop
  endfacet
  facet normal 0.000000e+00 0.000000e+00 1.000000e+00
    outer loop
      vertex 0.000000e+00 0.000000e+00 2.000000e+01
      vertex 3.200000e+00 0.000000e+00 2.000000e+01
      vertex 3.090963e+00 8.282209e-01 2.000000e+01
    endloop
  endfacet
  facet normal 9.238795e-01 3.826834e-01 0.000000e+00
    outer loop
      vertex 3.090963e+00 8.282209e-01 1.750000e+01
      vertex 2.771281e+00 1.600000e+00 1.750000e+01
      vertex 2.771281e+00 1.600000e+00 2.000000e+01
    endloop
  endfacet
  facet normal 9.238795e-01 3.826834e-01 -0.000000e+00
    outer loop
      vertex 3.090963e+00 8.282209e-01 1.750000e+01
      vertex 2.771281e+00 1.600000e+00 2.000000e+01
      vertex 3.090963e+00 8.282209e-01 2.000000e+01
    endloop
  endfacet
  facet normal 0.000000e+00 0.000000e+00 -1.000000e+00
    outer loop
      vertex 0.000000e+00 0.000000e+00 1.750000e+01
      vertex 2.771281e+00 1.600000e+00 1.750000e+01
      vertex 3.090963e+00 8.282209e-01 1.750000e+01
    endloop
  endfacet
  facet normal 0.000000e+00 0.000000e+00 1.000000e+00
    outer loop
      vertex 0.000000e+00 0.000000e+00 2.000000e+01
      vertex 3.090963e+00 8.282209e-01 2.000000e+01
      vertex 2.771281e+00 1.600000e+00 2.000000e+01
    endloop
  endfacet
  facet normal 7.933533e-01 6.087614e-01 0.000000e+00
    outer loop
      vertex 2.771281e+00 1.600000e+00 1.750000e+01
      vertex 2.262742e+00 2.262742e+00 1.750000e+01
      vertex 2.262742e+00 2.262742e+00 2.000000e+01
    endloop
  endfacet
  facet normal 7.933533e-01 6.087614e-01 -0.000000e+00
    outer loop
      vertex 2.771281e+00 1.600000e+00 1.750000e+01
      vertex 2.262742e+00 2.262742e+00 2.000000e+01
      vertex 2.771281e+00 1.600000e+00 2.000000e+01
    endloop
  endfacet
  facet normal 0.000000e+00 0.000000e+00 -1.000000e+00
    outer loop
      vertex 0.000000e+00 0.000000e+00 1.750000e+01
      vertex 2.262742e+00 2.262742e+00 1.750000e+01
      vertex 2.771281e+00 1.600000e+00 1.750000e+01
    endloop
  endfacet
  facet normal 0.000000e+00 0.000000e+00 1.000000e+00
    outer loop
      vertex 0.000000e+00 0.000000e+00 2.000000e+01
      vertex 2.771281e+00 1.600000e+00 2.000000e+01
      vertex 2.262742e+00 2.262742e+00 2.000000e+01
    endloop
  endfacet
  facet normal 6.087614e-01 7.933533e-01 0.000000e+00
    outer loop
      vertex 2.262742e+00 2.262742e+00 1.750000e+01
      vertex 1.600000e+00 2.771281e+00 1.750000e+01
      vertex 1.600000e+00 2.771281e+00 2.000000e+01
    endloop
  endfacet
  facet normal 6.087614e-01 7.933533e-01 -0.000000e+00
    outer loop
      vertex 2.262742e+00 2.262742e+00 1.750000e+01
      vertex 1.600000e+00 2.771281e+00 2.000000e+01
      vertex 2.262742e+00 2.262742e+00 2.000000e+01
    endloop
  endfacet
  facet normal 0.000000e+00 0.000000e+00 -1.000000e+00
    outer loop
      vertex 0.000000e+00 0.000000e+00 1.750000e+01
      vertex 1.600000e+00 2.771281e+00 1.750000e+01
      vertex 2.262742e+00 2.262742e+00 1.750000e+01
    endloop
  endfacet
  facet normal 0.000000e+00 0.000000e+00 1.000000e+00
    outer loop
      vertex 0.000000e+00 0.000000e+00 2.000000e+01
      vertex 2.262742e+00 2.262742e+00 2.000000e+01
      vertex 1.600000e+00 2.771281e+00 2.000000e+01
    endloop
  endfacet
  facet normal 3.826834e-01 9.238795e-01 0.000000e+00
    outer loop
      vertex 1.600000e+00 2.771281e+00 1.750000e+01
      vertex 8.282209e-01 3.090963e+00 1.750000e+01
      vertex 8.282209e-01 3.090963e+00 2.000000e+01
    endloop
  endfacet
  facet normal 3.826834e-01 9.238795e-01 -0.000000e+00
    outer loop
      vertex 1.600000e+00 2.771281e+00 1.750000e+01
      vertex 8.282209e-01 3.090963e+00 2.000000e+01
      vertex 1.600000e+00 2.771281e+00 2.000000e+01
    endloop
  endfacet
  facet normal 0.000000e+00 0.000000e+00 -1.000000e+00
    outer loop
      vertex 0.000000e+00 0.000000e+00 1.750000e+01
      vertex 8.282209e-01 3.090963e+00 1.750000e+01
      vertex 1.600000e+00 2.771281e+00 1.750000e+01
    endloop
  endfacet
  facet normal 0.000000e+00 0.000000e+00 1.000000e+00
    outer loop
      vertex 0.000000e+00 0.000000e+00 2.000000e+01
      vertex 1.600000e+00 2.771281e+00 2.000000e+01
      vertex 8.282209e-01 3.090963e+00 2.000000e+01
    endloop
  endfacet
  facet normal 1.305262e-01 9.914449e-01 0.000000e+00
    outer loop
      vertex 8.282209e-01 3.090963e+00 1.750000e+01
      vertex 1.959435e-16 3.200000e+00 1.750000e+01
      vertex 1.959435e-16 3.200000e+00 2.000000e+01
    endloop
  endfacet
  facet normal 1.305262e-01 9.914449e-01 -0.000000e+00
    outer loop
      vertex 8.282209e-01 3.090963e+00 1.750000e+01
      vertex 1.959435e-16 3.200000e+00 2.000000e+01
      vertex 8.282209e-01 3.090963e+00 2.000000e+01
    endloop
  endfacet
  facet normal 0.000000e+00 0.000000e+00 -1.000000e+00
    outer loop
      vertex 0.000000e+00 0.000000e+00 1.750000e+01
      vertex 1.959435e-16 3.200000e+00 1.750000e+01
      vertex 8.282209e-01 3.090963e+00 1.750000e+01
    endloop
  endfacet
  facet normal 0.000000e+00 0.000000e+00 1.000000e+00
    outer loop
      vertex 0.000000e+00 0.000000e+00 2.000000e+01
      vertex 8.282209e-01 3.090963e+00 2.000000e+01
      vertex 1.959435e-16 3.200000e+00 2.000000e+01
    endloop
  endfacet
  facet normal -1.305262e-01 9.914449e-01 0.000000e+00
    outer loop
      vertex 1.959435e-16 3.200000e+00 1.750000e+01
      vertex -8.282209e-01 3.090963e+00 1.750000e+01
      vertex -8.282209e-01 3.090963e+00 2.000000e+01
    endloop
  endfacet
  facet normal -1.305262e-01 9.914449e-01 0.000000e+00
    outer loop
      vertex 1.959435e-16 3.200000e+00 1.750000e+01
      vertex -8.282209e-01 3.090963e+00 2.000000e+01
      vertex 1.959435e-16 3.200000e+00 2.000000e+01
    endloop
  endfacet
  facet normal 0.000000e+00 0.000000e+00 -1.000000e+00
    outer loop
      vertex 0.000000e+00 0.000000e+00 1.750000e+01
      vertex -8.282209e-01 3.090963e+00 1.750000e+01
      vertex 1.959435e-16 3.200000e+00 1.750000e+01
    endloop
  endfacet
  facet normal 0.000000e+00 -0.000000e+00 1.000000e+00
    outer loop
      vertex 0.000000e+00 0.000000e+00 2.000000e+01
      vertex 1.959435e-16 3.200000e+00 2.000000e+01
      vertex -8.282209e-01 3.090963e+00 2.000000e+01
    endloop
  endfacet
  facet normal -3.826834e-01 9.238795e-01 0.000000e+00
    outer loop
      vertex -8.282209e-01 3.090963e+00 1.750000e+01
      vertex -1.600000e+00 2.771281e+00 1.750000e+01
      vertex -1.600000e+00 2.771281e+00 2.000000e+01
    endloop
  endfacet
  facet normal -3.826834e-01 9.238795e-01 0.000000e+00
    outer loop
      vertex -8.282209e-01 3.090963e+00 1.750000e+01
      vertex -1.600000e+00 2.771281e+00 2.000000e+01
      vertex -8.282209e-01 3.090963e+00 2.000000e+01
    endloop
  endfacet
  facet normal 0.000000e+00 0.000000e+00 -1.000000e+00
    outer loop
      vertex 0.000000e+00 0.000000e+00 1.750000e+01
      vertex -1.600000e+00 2.771281e+00 1.750000e+01
      vertex -8.282209e-01 3.090963e+00 1.750000e+01
    endloop
  endfacet
  facet normal 0.000000e+00 0.000000e+00 1.000000e+00
    outer loop
      vertex 0.000000e+00 0.000000e+00 2.000000e+01
      vertex -8.282209e-01 3.090963e+00 2.000000e+01
      vertex -1.600000e+00 2.771281e+00 2.000000e+01
    endloop
  endfacet
  facet normal -6.087614e-01 7.933533e-01 0.000000e+00
    outer loop
      vertex -1.600000e+00 2.771281e+00 1.750000e+01
      vertex -2.262742e+00 2.262742e+00 1.750000e+01
      vertex -2.262742e+00 2.262742e+00 2.000000e+01
    endloop
  endfacet
  facet normal -6.087614e-01 7.933533e-01 0.000000e+00
    outer loop
      vertex -1.600000e+00 2.771281e+00 1.750000e+01
      vertex -2.262742e+00 2.262742e+00 2.000000e+01
      vertex -1.600000e+00 2.771281e+00 2.000000e+01
    endloop
  endfacet
  facet normal 0.000000e+00 0.000000e+00 -1.000000e+00
    outer loop
      vertex 0.000000e+00 0.000000e+00 1.750000e+01
      vertex -2.262742e+00 2.262742e+00 1.750000e+01
      vertex -1.600000e+00 2.771281e+00 1.750000e+01
    endloop
  endfacet
  facet normal 0.000000e+00 0.000000e+00 1.000000e+00
    outer loop
      vertex 0.000000e+00 0.000000e+00 2.000000e+01
      vertex -1.600000e+00 2.771281e+00 2.000000e+01
      vertex -2.262742e+00 2.262742e+00 2.000000e+01
    endloop
  endfacet
  facet normal -7.933533e-01 6.087614e-01 0.000000e+00
    outer loop
      vertex -2.262742e+00 2.262742e+00 1.750000e+01
      vertex -2.771281e+00 1.600000e+00 1.750000e+01
      vertex -2.771281e+00 1.600000e+00 2.000000e+01
    endloop
  endfacet
  facet normal -7.933533e-01 6.087614e-01 0.000000e+00
    outer loop
      vertex -2.262742e+00 2.262742e+00 1.750000e+01
      vertex -2.771281e+00 1.600000e+00 2.000000e+01
      vertex -2.262742e+00 2.262742e+00 2.000000e+01
    endloop
  endfacet
  facet normal 0.000000e+00 0.000000e+00 -1.000000e+00
    outer loop
      vertex 0.000000e+00 0.000000e+00 1.750000e+01
      vertex -2.771281e+00 1.600000e+00 1.750000e+01
      vertex -2.262742e+00 2.262742e+00 1.750000e+01
    endloop
  endfacet
  facet normal 0.000000e+00 0.000000e+00 1.000000e+00
    outer loop
      vertex 0.000000e+00 0.000000e+00 2.000000e+01
      vertex -2.262742e+00 2.262742e+00 2.000000e+01
      vertex -2.771281e+00 1.600000e+00 2.000000e+01
    endloop
  endfacet
  facet normal -9.238795e-01 3.826834e-01 0.000000e+00
    outer loop
      vertex -2.771281e+00 1.600000e+00 1.750000e+01
      vertex -3.090963e+00 8.282209e-01 1.750000e+01
      vertex -3.090963e+00 8.282209e-01 2.000000e+01
    endloop
  endfacet
  facet normal -9.238795e-01 3.826834e-01 0.000000e+00
    outer loop
      vertex -2.771281e+00 1.600000e+00 1.750000e+01
      vertex -3.090963e+00 8.282209e-01 2.000000e+01
      vertex -2.771281e+00 1.600000e+00 2.000000e+01
    endloop
  endfacet
  facet normal 0.000000e+00 0.000000e+00 -1.000000e+00
    outer loop
      vertex 0.000000e+00 0.000000e+00 1.750000e+01
      vertex -3.090963e+00 8.282209e-01 1.750000e+01
      vertex -2.771281e+00 1.600000e+00 1.750000e+01
    endloop
  endfacet
  facet normal 0.000000e+00 0.000000e+00 1.000000e+00
    outer loop
      vertex 0.000000e+00 0.000000e+00 2.000000e+01
      vertex -2.771281e+00 1.600000e+00 2.000000e+01
      vertex -3.090963e+00 8.282209e-01 2.000000e+01
    endloop
  endfacet
  facet normal -9.914449e-01 1.305262e-01 0.000000e+00
    outer loop
      vertex -3.090963e+00 8.282209e-01 1.750000e+01
      vertex -3.200000e+00 3.918870e-16 1.750000e+01
      vertex -3.200000e+00 3.918870e-16 2.000000e+01
    endloop
  endfacet
  facet normal -9.914449e-01 1.305262e-01 0.000000e+00
    outer loop
      vertex -3.090963e+00 8.282209e-01 1.750000e+01
      vertex -3.200000e+00 3.918870e-16 2.000000e+01
      vertex -3.090963e+00 8.282209e-01 2.000000e+01
    endloop
  endfacet
  facet normal 0.000000e+00 0.000000e+00 -1.000000e+00
    outer loop
      vertex 0.000000e+00 0.000000e+00 1.750000e+01
      vertex -3.200000e+00 3.918870e-16 1.750000e+01
      vertex -3.090963e+00 8.282209e-01 1.750000e+01
    endloop
  endfacet
  facet normal 0.000000e+00 0.000000e+00 1.000000e+00
    outer loop
      vertex 0.000000e+00 0.000000e+00 2.000000e+01
      vertex -3.090963e+00 8.282209e-01 2.000000e+01
      vertex -3.200000e+00 3.918870e-16 2.000000e+01
    endloop
  endfacet
  facet normal -9.914449e-01 -1.305262e-01 0.000000e+00
    outer loop
      vertex -3.200000e+00 3.918870e-16 1.750000e+01
      vertex -3.090963e+00 -8.282209e-01 1.750000e+01
      vertex -3.090963e+00 -8.282209e-01 2.000000e+01
    endloop
  endfacet
  facet normal -9.914449e-01 -1.305262e-01 0.000000e+00
    outer loop
      vertex -3.200000e+00 3.918870e-16 1.750000e+01
      vertex -3.090963e+00 -8.282209e-01 2.000000e+01
      vertex -3.200000e+00 3.918870e-16 2.000000e+01
    endloop
  endfacet
  facet normal -0.000000e+00 0.000000e+00 -1.000000e+00
    outer loop
      vertex 0.000000e+00 0.000000e+00 1.750000e+01
      vertex -3.090963e+00 -8.282209e-01 1.750000e+01
      vertex -3.200000e+00 3.918870e-16 1.750000e+01
    endloop
  endfacet
  facet normal 0.000000e+00 0.000000e+00 1.000000e+00
    outer loop
      vertex 0.000000e+00 0.000000e+00 2.000000e+01
      vertex -3.200000e+00 3.918870e-16 2.000000e+01
      vertex -3.090963e+00 -8.282209e-01 2.000000e+01
    endloop
  endfacet
  facet normal -9.238795e-01 -3.826834e-01 0.000000e+00
    outer loop
      vertex -3.090963e+00 -8.282209e-01 1.750000e+01
      vertex -2.771281e+00 -1.600000e+00 1.750000e+01
      vertex -2.771281e+00 -1.600000e+00 2.000000e+01
    endloop
  endfacet
  facet normal -9.238795e-01 -3.826834e-01 0.000000e+00
    outer loop
      vertex -3.090963e+00 -8.282209e-01 1.750000e+01
      vertex -2.771281e+00 -1.600000e+00 2.000000e+01
      vertex -3.090963e+00 -8.282209e-01 2.000000e+01
    endloop
  endfacet
  facet normal 0.000000e+00 0.000000e+00 -1.000000e+00
    outer loop
      vertex 0.000000e+00 0.000000e+00 1.750000e+01
      vertex -2.771281e+00 -1.600000e+00 1.750000e+01
      vertex -3.090963e+00 -8.282209e-01 1.750000e+01
    endloop
  endfacet
  facet normal 0.000000e+00 0.000000e+00 1.000000e+00
    outer loop
      vertex 0.000000e+00 0.000000e+00 2.000000e+01
      vertex -3.090963e+00 -8.282209e-01 2.000000e+01
      vertex -2.771281e+00 -1.600000e+00 2.000000e+01
    endloop
  endfacet
  facet normal -7.933533e-01 -6.087614e-01 0.000000e+00
    outer loop
      vertex -2.771281e+00 -1.600000e+00 1.750000e+01
      vertex -2.262742e+00 -2.262742e+00 1.750000e+01
      vertex -2.262742e+00 -2.262742e+00 2.000000e+01
    endloop
  endfacet
  facet normal -7.933533e-01 -6.087614e-01 0.000000e+00
    outer loop
      vertex -2.771281e+00 -1.600000e+00 1.750000e+01
      vertex -2.262742e+00 -2.262742e+00 2.000000e+01
      vertex -2.771281e+00 -1.600000e+00 2.000000e+01
    endloop
  endfacet
  facet normal 0.000000e+00 0.000000e+00 -1.000000e+00
    outer loop
      vertex 0.000000e+00 0.000000e+00 1.750000e+01
      vertex -2.262742e+00 -2.262742e+00 1.750000e+01
      vertex -2.771281e+00 -1.600000e+00 1.750000e+01
    endloop
  endfacet
  facet normal 0.000000e+00 0.000000e+00 1.000000e+00
    outer loop
      vertex 0.000000e+00 0.000000e+00 2.000000e+01
      vertex -2.771281e+00 -1.600000e+00 2.000000e+01
      vertex -2.262742e+00 -2.262742e+00 2.000000e+01
    endloop
  endfacet
  facet normal -6.087614e-01 -7.933533e-01 0.000000e+00
    outer loop
      vertex -2.262742e+00 -2.262742e+00 1.750000e+01
      vertex -1.600000e+00 -2.771281e+00 1.750000e+01
      vertex -1.600000e+00 -2.771281e+00 2.000000e+01
    endloop
  endfacet
  facet normal -6.087614e-01 -7.933533e-01 0.000000e+00
    outer loop
      vertex -2.262742e+00 -2.262742e+00 1.750000e+01
      vertex -1.600000e+00 -2.771281e+00 2.000000e+01
      vertex -2.262742e+00 -2.262742e+00 2.000000e+01
    endloop
  endfacet
  facet normal 0.000000e+00 0.000000e+00 -1.000000e+00
    outer loop
      vertex 0.000000e+00 0.000000e+00 1.750000e+01
      vertex -1.600000e+00 -2.771281e+00 1.750000e+01
      vertex -2.262742e+00 -2.262742e+00 1.750000e+01
    endloop
  endfacet
  facet normal 0.000000e+00 0.000000e+00 1.000000e+00
    outer loop
      vertex 0.000000e+00 0.000000e+00 2.000000e+01
      vertex -2.262742e+00 -2.262742e+00 2.000000e+01
      vertex -1.600000e+00 -2.771281e+00 2.000000e+01
    endloop
  endfacet
  facet normal -3.826834e-01 -9.238795e-01 0.000000e+00
    outer loop
      vertex -1.600000e+00 -2.771281e+00 1.750000e+01
      vertex -8.282209e-01 -3.090963e+00 1.750000e+01
      vertex -8.282209e-01 -3.090963e+00 2.000000e+01
    endloop
  endfacet
  facet normal -3.826834e-01 -9.238795e-01 0.000000e+00
    outer loop
      vertex -1.600000e+00 -2.771281e+00 1.750000e+01
      vertex -8.282209e-01 -3.090963e+00 2.000000e+01
      vertex -1.600000e+00 -2.771281e+00 2.000000e+01
    endloop
  endfacet
  facet normal 0.000000e+00 0.000000e+00 -1.000000e+00
    outer loop
      vertex 0.000000e+00 0.000000e+00 1.750000e+01
      vertex -8.282209e-01 -3.090963e+00 1.750000e+01
      vertex -1.600000e+00 -2.771281e+00 1.750000e+01
    endloop
  endfacet
  facet normal 0.000000e+00 0.000000e+00 1.000000e+00
    outer loop
      vertex 0.000000e+00 0.000000e+00 2.000000e+01
      vertex -1.600000e+00 -2.771281e+00 2.000000e+01
      vertex -8.282209e-01 -3.090963e+00 2.000000e+01
    endloop
  endfacet
  facet normal -1.305262e-01 -9.914449e-01 0.000000e+00
    outer loop
      vertex -8.282209e-01 -3.090963e+00 1.750000e+01
      vertex -5.878305e-16 -3.200000e+00 1.750000e+01
      vertex -5.878305e-16 -3.200000e+00 2.000000e+01
    endloop
  endfacet
  facet normal -1.305262e-01 -9.914449e-01 0.000000e+00
    outer loop
      vertex -8.282209e-01 -3.090963e+00 1.750000e+01
      vertex -5.878305e-16 -3.200000e+00 2.000000e+01
      vertex -8.282209e-01 -3.090963e+00 2.000000e+01
    endloop
  endfacet
  facet normal 0.000000e+00 0.000000e+00 -1.000000e+00
    outer loop
      vertex 0.000000e+00 0.000000e+00 1.750000e+01
      vertex -5.878305e-16 -3.200000e+00 1.750000e+01
      vertex -8.282209e-01 -3.090963e+00 1.750000e+01
    endloop
  endfacet
  facet normal 0.000000e+00 0.000000e+00 1.000000e+00
    outer loop
      vertex 0.000000e+00 0.000000e+00 2.000000e+01
      vertex -8.282209e-01 -3.090963e+00 2.000000e+01
      vertex -5.878305e-16 -3.200000e+00 2.000000e+01
    endloop
  endfacet
  facet normal 1.305262e-01 -9.914449e-01 0.000000e+00
    outer loop
      vertex -5.878305e-16 -3.200000e+00 1.750000e+01
      vertex 8.282209e-01 -3.090963e+00 1.750000e+01
      vertex 8.282209e-01 -3.090963e+00 2.000000e+01
    endloop
  endfacet
  facet normal 1.305262e-01 -9.914449e-01 0.000000e+00
    outer loop
      vertex -5.878305e-16 -3.200000e+00 1.750000e+01
      vertex 8.282209e-01 -3.090963e+00 2.000000e+01
      vertex -5.878305e-16 -3.200000e+00 2.000000e+01
    endloop
  endfacet
  facet normal 0.000000e+00 -0.000000e+00 -1.000000e+00
    outer loop
      vertex 0.000000e+00 0.000000e+00 1.750000e+01
      vertex 8.282209e-01 -3.090963e+00 1.750000e+01
      vertex -5.878305e-16 -3.200000e+00 1.750000e+01
    endloop
  endfacet
  facet normal 0.000000e+00 0.000000e+00 1.000000e+00
    outer loop
      vertex 0.000000e+00 0.000000e+00 2.000000e+01
      vertex -5.878305e-16 -3.200000e+00 2.000000e+01
      vertex 8.282209e-01 -3.090963e+00 2.000000e+01
    endloop
  endfacet
  facet normal 3.826834e-01 -9.238795e-01 0.000000e+00
    outer loop
      vertex 8.282209e-01 -3.090963e+00 1.750000e+01
      vertex 1.600000e+00 -2.771281e+00 1.750000e+01
      vertex 1.600000e+00 -2.771281e+00 2.000000e+01
    endloop
  endfacet
  facet normal 3.826834e-01 -9.238795e-01 0.000000e+00
    outer loop
      vertex 8.282209e-01 -3.090963e+00 1.750000e+01
      vertex 1.600000e+00 -2.771281e+00 2.000000e+01
      vertex 8.282209e-01 -3.090963e+00 2.000000e+01
    endloop
  endfacet
  facet normal 0.000000e+00 0.000000e+00 -1.000000e+00
    outer loop
      vertex 0.000000e+00 0.000000e+00 1.750000e+01
      vertex 1.600000e+00 -2.771281e+00 1.750000e+01
      vertex 8.282209e-01 -3.090963e+00 1.750000e+01
    endloop
  endfacet
  facet normal 0.000000e+00 0.000000e+00 1.000000e+00
    outer loop
      vertex 0.000000e+00 0.000000e+00 2.000000e+01
      vertex 8.282209e-01 -3.090963e+00 2.000000e+01
      vertex 1.600000e+00 -2.771281e+00 2.000000e+01
    endloop
  endfacet
  facet normal 6.087614e-01 -7.933533e-01 0.000000e+00
    outer loop
      vertex 1.600000e+00 -2.771281e+00 1.750000e+01
      vertex 2.262742e+00 -2.262742e+00 1.750000e+01
      vertex 2.262742e+00 -2.262742e+00 2.000000e+01
    endloop
  endfacet
  facet normal 6.087614e-01 -7.933533e-01 0.000000e+00
    outer loop
      vertex 1.600000e+00 -2.771281e+00 1.750000e+01
      vertex 2.262742e+00 -2.262742e+00 2.000000e+01
      vertex 1.600000e+00 -2.771281e+00 2.000000e+01
    endloop
  endfacet
  facet normal 0.000000e+00 0.000000e+00 -1.000000e+00
    outer loop
      vertex 0.000000e+00 0.000000e+00 1.750000e+01
      vertex 2.262742e+00 -2.262742e+00 1.750000e+01
      vertex 1.600000e+00 -2.771281e+00 1.750000e+01
    endloop
  endfacet
  facet normal 0.000000e+00 0.000000e+00 1.000000e+00
    outer loop
      vertex 0.000000e+00 0.000000e+00 2.000000e+01
      vertex 1.600000e+00 -2.771281e+00 2.000000e+01
      vertex 2.262742e+00 -2.262742e+00 2.000000e+01
    endloop
  endfacet
  facet normal 7.933533e-01 -6.087614e-01 0.000000e+00
    outer loop
      vertex 2.262742e+00 -2.262742e+00 1.750000e+01
      vertex 2.771281e+00 -1.600000e+00 1.750000e+01
      vertex 2.771281e+00 -1.600000e+00 2.000000e+01
    endloop
  endfacet
  facet normal 7.933533e-01 -6.087614e-01 0.000000e+00
    outer loop
      vertex 2.262742e+00 -2.262742e+00 1.750000e+01
      vertex 2.771281e+00 -1.600000e+00 2.000000e+01
      vertex 2.262742e+00 -2.262742e+00 2.000000e+01
    endloop
  endfacet
  facet normal 0.000000e+00 0.000000e+00 -1.000000e+00
    outer loop
      vertex 0.000000e+00 0.000000e+00 1.750000e+01
      vertex 2.771281e+00 -1.600000e+00 1.750000e+01
      vertex 2.262742e+00 -2.262742e+00 1.750000e+01
    endloop
  endfacet
  facet normal 0.000000e+00 0.000000e+00 1.000000e+00
    outer loop
      vertex 0.000000e+00 0.000000e+00 2.000000e+01
      vertex 2.262742e+00 -2.262742e+00 2.000000e+01
      vertex 2.771281e+00 -1.600000e+00 2.000000e+01
    endloop
  endfacet
  facet normal 9.238795e-01 -3.826834e-01 0.000000e+00
    outer loop
      vertex 2.771281e+00 -1.600000e+00 1.750000e+01
      vertex 3.090963e+00 -8.282209e-01 1.750000e+01
      vertex 3.090963e+00 -8.282209e-01 2.000000e+01
    endloop
  endfacet
  facet normal 9.238795e-01 -3.826834e-01 0.000000e+00
    outer loop
      vertex 2.771281e+00 -1.600000e+00 1.750000e+01
      vertex 3.090963e+00 -8.282209e-01 2.000000e+01
      vertex 2.771281e+00 -1.600000e+00 2.000000e+01
    endloop
  endfacet
  facet normal 0.000000e+00 0.000000e+00 -1.000000e+00
    outer loop
      vertex 0.000000e+00 0.000000e+00 1.750000e+01
      vertex 3.090963e+00 -8.282209e-01 1.750000e+01
      vertex 2.771281e+00 -1.600000e+00 1.750000e+01
    endloop
  endfacet
  facet normal 0.000000e+00 0.000000e+00 1.000000e+00
    outer loop
      vertex 0.000000e+00 0.000000e+00 2.000000e+01
      vertex 2.771281e+00 -1.600000e+00 2.000000e+01
      vertex 3.090963e+00 -8.282209e-01 2.000000e+01
    endloop
  endfacet
  facet normal 9.914449e-01 -1.305262e-01 0.000000e+00
    outer loop
      vertex 3.090963e+00 -8.282209e-01 1.750000e+01
      vertex 3.200000e+00 -7.837740e-16 1.750000e+01
      vertex 3.200000e+00 -7.837740e-16 2.000000e+01
    endloop
  endfacet
  facet normal 9.914449e-01 -1.305262e-01 0.000000e+00
    outer loop
      vertex 3.090963e+00 -8.282209e-01 1.750000e+01
      vertex 3.200000e+00 -7.837740e-16 2.000000e+01
      vertex 3.090963e+00 -8.282209e-01 2.000000e+01
    endloop
  endfacet
  facet normal 0.000000e+00 0.000000e+00 -1.000000e+00
    outer loop
      vertex 0.000000e+00 0.000000e+00 1.750000e+01
      vertex 3.200000e+00 -7.837740e-16 1.750000e+01
      vertex 3.090963e+00 -8.282209e-01 1.750000e+01
    endloop
  endfacet
  facet normal 0.000000e+00 0.000000e+00 1.000000e+00
    outer loop
      vertex 0.000000e+00 0.000000e+00 2.000000e+01
      vertex 3.090963e+00 -8.282209e-01 2.000000e+01
      vertex 3.200000e+00 -7.837740e-16 2.000000e+01
    endloop
  endfacet
  facet normal -9.914449e-01 0.000000e+00 -1.305262e-01
    outer loop
      vertex 3.100000e+00 6.400000e+00 2.050000e+01
      vertex 2.994370e+00 6.400000e+00 2.130234e+01
      vertex 2.994370e+00 8.900000e+00 2.130234e+01
    endloop
  endfacet
  facet normal -9.914449e-01 0.000000e+00 -1.305262e-01
    outer loop
      vertex 3.100000e+00 6.400000e+00 2.050000e+01
      vertex 2.994370e+00 8.900000e+00 2.130234e+01
      vertex 3.100000e+00 8.900000e+00 2.050000e+01
    endloop
  endfacet
  facet normal 0.000000e+00 1.000000e+00 0.000000e+00
    outer loop
      vertex 0.000000e+00 6.400000e+00 2.050000e+01
      vertex 2.994370e+00 6.400000e+00 2.130234e+01
      vertex 3.100000e+00 6.400000e+00 2.050000e+01
    endloop
  endfacet
  facet normal 0.000000e+00 -1.000000e+00 0.000000e+00
    outer loop
      vertex 0.000000e+00 8.900000e+00 2.050000e+01
      vertex 3.100000e+00 8.900000e+00 2.050000e+01
      vertex 2.994370e+00 8.900000e+00 2.130234e+01
    endloop
  endfacet
  facet normal -9.238795e-01 0.000000e+00 -3.826834e-01
    outer loop
      vertex 2.994370e+00 6.400000e+00 2.130234e+01
      vertex 2.684679e+00 6.400000e+00 2.205000e+01
      vertex 2.684679e+00 8.900000e+00 2.205000e+01
    endloop
  endfacet
  facet normal -9.238795e-01 0.000000e+00 -3.826834e-01
    outer loop
      vertex 2.994370e+00 6.400000e+00 2.130234e+01
      vertex 2.684679e+00 8.900000e+00 2.205000e+01
      vertex 2.994370e+00 8.900000e+00 2.130234e+01
    endloop
  endfacet
  facet normal 0.000000e+00 1.000000e+00 0.000000e+00
    outer loop
      vertex 0.000000e+00 6.400000e+00 2.050000e+01
      vertex 2.684679e+00 6.400000e+00 2.205000e+01
      vertex 2.994370e+00 6.400000e+00 2.130234e+01
    endloop
  endfacet
  facet normal 0.000000e+00 -1.000000e+00 0.000000e+00
    outer loop
      vertex 0.000000e+00 8.900000e+00 2.050000e+01
      vertex 2.994370e+00 8.900000e+00 2.130234e+01
      vertex 2.684679e+00 8.900000e+00 2.205000e+01
    endloop
  endfacet
  facet normal -7.933533e-01 0.000000e+00 -6.087614e-01
    outer loop
      vertex 2.684679e+00 6.400000e+00 2.205000e+01
      vertex 2.192031e+00 6.400000e+00 2.269203e+01
      vertex 2.192031e+00 8.900000e+00 2.269203e+01
    endloop
  endfacet
  facet normal -7.933533e-01 0.000000e+00 -6.087614e-01
    outer loop
      vertex 2.684679e+00 6.400000e+00 2.205000e+01
      vertex 2.192031e+00 8.900000e+00 2.269203e+01
      vertex 2.684679e+00 8.900000e+00 2.205000e+01
    endloop
  endfacet
  facet normal 0.000000e+00 1.000000e+00 0.000000e+00
    outer loop
      vertex 0.000000e+00 6.400000e+00 2.050000e+01
      vertex 2.192031e+00 6.400000e+00 2.269203e+01
      vertex 2.684679e+00 6.400000e+00 2.205000e+01
    endloop
  endfacet
  facet normal 0.000000e+00 -1.000000e+00 0.000000e+00
    outer loop
      vertex 0.000000e+00 8.900000e+00 2.050000e+01
      vertex 2.684679e+00 8.900000e+00 2.205000e+01
      vertex 2.192031e+00 8.900000e+00 2.269203e+01
    endloop
  endfacet
  facet normal -6.087614e-01 0.000000e+00 -7.933533e-01
    outer loop
      vertex 2.192031e+00 6.400000e+00 2.269203e+01
      vertex 1.550000e+00 6.400000e+00 2.318468e+01
      vertex 1.550000e+00 8.900000e+00 2.318468e+01
    endloop
  endfacet
  facet normal -6.087614e-01 0.000000e+00 -7.933533e-01
    outer loop
      vertex 2.192031e+00 6.400000e+00 2.269203e+01
      vertex 1.550000e+00 8.900000e+00 2.318468e+01
      vertex 2.192031e+00 8.900000e+00 2.269203e+01
    endloop
  endfacet
  facet normal 0.000000e+00 1.000000e+00 0.000000e+00
    outer loop
      vertex 0.000000e+00 6.400000e+00 2.050000e+01
      vertex 1.550000e+00 6.400000e+00 2.318468e+01
      vertex 2.192031e+00 6.400000e+00 2.269203e+01
    endloop
  endfacet
  facet normal 0.000000e+00 -1.000000e+00 0.000000e+00
    outer loop
      vertex 0.000000e+00 8.900000e+00 2.050000e+01
      vertex 2.192031e+00 8.900000e+00 2.269203e+01
      vertex 1.550000e+00 8.900000e+00 2.318468e+01
    endloop
  endfacet
  facet normal -3.826834e-01 0.000000e+00 -9.238795e-01
    outer loop
      vertex 1.550000e+00 6.400000e+00 2.318468e+01
      vertex 8.023390e-01 6.400000e+00 2.349437e+01
      vertex 8.023390e-01 8.900000e+00 2.349437e+01
    endloop
  endfacet
  facet normal -3.826834e-01 0.000000e+00 -9.238795e-01
    outer loop
      vertex 1.550000e+00 6.400000e+00 2.318468e+01
      vertex 8.023390e-01 8.900000e+00 2.349437e+01
      vertex 1.550000e+00 8.900000e+00 2.318468e+01
    endloop
  endfacet
  facet normal 0.000000e+00 1.000000e+00 0.000000e+00
    outer loop
      vertex 0.000000e+00 6.400000e+00 2.050000e+01
      vertex 8.023390e-01 6.400000e+00 2.349437e+01
      vertex 1.550000e+00 6.400000e+00 2.318468e+01
    endloop
  endfacet
  facet normal 0.000000e+00 -1.000000e+00 0.000000e+00
    outer loop
      vertex 0.000000e+00 8.900000e+00 2.050000e+01
      vertex 1.550000e+00 8.900000e+00 2.318468e+01
      vertex 8.023390e-01 8.900000e+00 2.349437e+01
    endloop
  endfacet
  facet normal -1.305262e-01 0.000000e+00 -9.914449e-01
    outer loop
      vertex 8.023390e-01 6.400000e+00 2.349437e+01
      vertex 1.898203e-16 6.400000e+00 2.360000e+01
      vertex 1.898203e-16 8.900000e+00 2.360000e+01
    endloop
  endfacet
  facet normal -1.305262e-01 0.000000e+00 -9.914449e-01
    outer loop
      vertex 8.023390e-01 6.400000e+00 2.349437e+01
      vertex 1.898203e-16 8.900000e+00 2.360000e+01
      vertex 8.023390e-01 8.900000e+00 2.349437e+01
    endloop
  endfacet
  facet normal 0.000000e+00 1.000000e+00 0.000000e+00
    outer loop
      vertex 0.000000e+00 6.400000e+00 2.050000e+01
      vertex 1.898203e-16 6.400000e+00 2.360000e+01
      vertex 8.023390e-01 6.400000e+00 2.349437e+01
    endloop
  endfacet
  facet normal 0.000000e+00 -1.000000e+00 0.000000e+00
    outer loop
      vertex 0.000000e+00 8.900000e+00 2.050000e+01
      vertex 8.023390e-01 8.900000e+00 2.349437e+01
      vertex 1.898203e-16 8.900000e+00 2.360000e+01
    endloop
  endfacet
  facet normal 1.305262e-01 0.000000e+00 -9.914449e-01
    outer loop
      vertex 1.898203e-16 6.400000e+00 2.360000e+01
      vertex -8.023390e-01 6.400000e+00 2.349437e+01
      vertex -8.023390e-01 8.900000e+00 2.349437e+01
    endloop
  endfacet
  facet normal 1.305262e-01 0.000000e+00 -9.914449e-01
    outer loop
      vertex 1.898203e-16 6.400000e+00 2.360000e+01
      vertex -8.023390e-01 8.900000e+00 2.349437e+01
      vertex 1.898203e-16 8.900000e+00 2.360000e+01
    endloop
  endfacet
  facet normal 0.000000e+00 1.000000e+00 -0.000000e+00
    outer loop
      vertex 0.000000e+00 6.400000e+00 2.050000e+01
      vertex -8.023390e-01 6.400000e+00 2.349437e+01
      vertex 1.898203e-16 6.400000e+00 2.360000e+01
    endloop
  endfacet
  facet normal 0.000000e+00 -1.000000e+00 0.000000e+00
    outer loop
      vertex 0.000000e+00 8.900000e+00 2.050000e+01
      vertex 1.898203e-16 8.900000e+00 2.360000e+01
      vertex -8.023390e-01 8.900000e+00 2.349437e+01
    endloop
  endfacet
  facet normal 3.826834e-01 0.000000e+00 -9.238795e-01
    outer loop
      vertex -8.023390e-01 6.400000e+00 2.349437e+01
      vertex -1.550000e+00 6.400000e+00 2.318468e+01
      vertex -1.550000e+00 8.900000e+00 2.318468e+01
    endloop
  endfacet
  facet normal 3.826834e-01 0.000000e+00 -9.238795e-01
    outer loop
      vertex -8.023390e-01 6.400000e+00 2.349437e+01
      vertex -1.550000e+00 8.900000e+00 2.318468e+01
      vertex -8.023390e-01 8.900000e+00 2.349437e+01
    endloop
  endfacet
  facet normal 0.000000e+00 1.000000e+00 0.000000e+00
    outer loop
      vertex 0.000000e+00 6.400000e+00 2.050000e+01
      vertex -1.550000e+00 6.400000e+00 2.318468e+01
      vertex -8.023390e-01 6.400000e+00 2.349437e+01
    endloop
  endfacet
  facet normal 0.000000e+00 -1.000000e+00 0.000000e+00
    outer loop
      vertex 0.000000e+00 8.900000e+00 2.050000e+01
      vertex -8.023390e-01 8.900000e+00 2.349437e+01
      vertex -1.550000e+00 8.900000e+00 2.318468e+01
    endloop
  endfacet
  facet normal 6.087614e-01 0.000000e+00 -7.933533e-01
    outer loop
      vertex -1.550000e+00 6.400000e+00 2.318468e+01
      vertex -2.192031e+00 6.400000e+00 2.269203e+01
      vertex -2.192031e+00 8.900000e+00 2.269203e+01
    endloop
  endfacet
  facet normal 6.087614e-01 0.000000e+00 -7.933533e-01
    outer loop
      vertex -1.550000e+00 6.400000e+00 2.318468e+01
      vertex -2.192031e+00 8.900000e+00 2.269203e+01
      vertex -1.550000e+00 8.900000e+00 2.318468e+01
    endloop
  endfacet
  facet normal 0.000000e+00 1.000000e+00 0.000000e+00
    outer loop
      vertex 0.000000e+00 6.400000e+00 2.050000e+01
      vertex -2.192031e+00 6.400000e+00 2.269203e+01
      vertex -1.550000e+00 6.400000e+00 2.318468e+01
    endloop
  endfacet
  facet normal 0.000000e+00 -1.000000e+00 0.000000e+00
    outer loop
      vertex 0.000000e+00 8.900000e+00 2.050000e+01
      vertex -1.550000e+00 8.900000e+00 2.318468e+01
      vertex -2.192031e+00 8.900000e+00 2.269203e+01
    endloop
  endfacet
  facet normal 7.933533e-01 0.000000e+00 -6.087614e-01
    outer loop
      vertex -2.192031e+00 6.400000e+00 2.269203e+01
      vertex -2.684679e+00 6.400000e+00 2.205000e+01
      vertex -2.684679e+00 8.900000e+00 2.205000e+01
    endloop
  endfacet
  facet normal 7.933533e-01 0.000000e+00 -6.087614e-01
    outer loop
      vertex -2.192031e+00 6.400000e+00 2.269203e+01
      vertex -2.684679e+00 8.900000e+00 2.205000e+01
      vertex -2.192031e+00 8.900000e+00 2.269203e+01
    endloop
  endfacet
  facet normal 0.000000e+00 1.000000e+00 0.000000e+00
    outer loop
      vertex 0.000000e+00 6.400000e+00 2.050000e+01
      vertex -2.684679e+00 6.400000e+00 2.205000e+01
      vertex -2.192031e+00 6.400000e+00 2.269203e+01
    endloop
  endfacet
  facet normal 0.000000e+00 -1.000000e+00 0.000000e+00
    outer loop
      vertex 0.000000e+00 8.900000e+00 2.050000e+01
      vertex -2.192031e+00 8.900000e+00 2.269203e+01
      vertex -2.684679e+00 8.900000e+00 2.205000e+01
    endloop
  endfacet
  facet normal 9.238795e-01 0.000000e+00 -3.826834e-01
    outer loop
      vertex -2.684679e+00 6.400000e+00 2.205000e+01
      vertex -2.994370e+00 6.400000e+00 2.130234e+01
      vertex -2.994370e+00 8.900000e+00 2.130234e+01
    endloop
  endfacet
  facet normal 9.238795e-01 0.000000e+00 -3.826834e-01
    outer loop
      vertex -2.684679e+00 6.400000e+00 2.205000e+01
      vertex -2.994370e+00 8.900000e+00 2.130234e+01
      vertex -2.684679e+00 8.900000e+00 2.205000e+01
    endloop
  endfacet
  facet normal 0.000000e+00 1.000000e+00 0.000000e+00
    outer loop
      vertex 0.000000e+00 6.400000e+00 2.050000e+01
      vertex -2.994370e+00 6.400000e+00 2.130234e+01
      vertex -2.684679e+00 6.400000e+00 2.205000e+01
    endloop
  endfacet
  facet normal 0.000000e+00 -1.000000e+00 0.000000e+00
    outer loop
      vertex 0.000000e+00 8.900000e+00 2.050000e+01
      vertex -2.684679e+00 8.900000e+00 2.205000e+01
      vertex -2.994370e+00 8.900000e+00 2.130234e+01
    endloop
  endfacet
  facet normal 9.914449e-01 0.000000e+00 -1.305262e-01
    outer loop
      vertex -2.994370e+00 6.400000e+00 2.130234e+01
      vertex -3.100000e+00 6.400000e+00 2.050000e+01
      vertex -3.100000e+00 8.900000e+00 2.050000e+01
    endloop
  endfacet
  facet normal 9.914449e-01 0.000000e+00 -1.305262e-01
    outer loop
      vertex -2.994370e+00 6.400000e+00 2.130234e+01
      vertex -3.100000e+00 8.900000e+00 2.050000e+01
      vertex -2.994370e+00 8.900000e+00 2.130234e+01
    endloop
  endfacet
  facet normal 0.000000e+00 1.000000e+00 0.000000e+00
    outer loop
      vertex 0.000000e+00 6.400000e+00 2.050000e+01
      vertex -3.100000e+00 6.400000e+00 2.050000e+01
      vertex -2.994370e+00 6.400000e+00 2.130234e+01
    endloop
  endfacet
  facet normal 0.000000e+00 -1.000000e+00 0.000000e+00
    outer loop
      vertex 0.000000e+00 8.900000e+00 2.050000e+01
      vertex -2.994370e+00 8.900000e+00 2.130234e+01
      vertex -3.100000e+00 8.900000e+00 2.050000e+01
    endloop
  endfacet
  facet normal 9.914449e-01 0.000000e+00 1.305262e-01
    outer loop
      vertex -3.100000e+00 6.400000e+00 2.050000e+01
      vertex -2.994370e+00 6.400000e+00 1.969766e+01
      vertex -2.994370e+00 8.900000e+00 1.969766e+01
    endloop
  endfacet
  facet normal 9.914449e-01 -0.000000e+00 1.305262e-01
    outer loop
      vertex -3.100000e+00 6.400000e+00 2.050000e+01
      vertex -2.994370e+00 8.900000e+00 1.969766e+01
      vertex -3.100000e+00 8.900000e+00 2.050000e+01
    endloop
  endfacet
  facet normal 0.000000e+00 1.000000e+00 0.000000e+00
    outer loop
      vertex 0.000000e+00 6.400000e+00 2.050000e+01
      vertex -2.994370e+00 6.400000e+00 1.969766e+01
      vertex -3.100000e+00 6.400000e+00 2.050000e+01
    endloop
  endfacet
  facet normal -0.000000e+00 -1.000000e+00 0.000000e+00
    outer loop
      vertex 0.000000e+00 8.900000e+00 2.050000e+01
      vertex -3.100000e+00 8.900000e+00 2.050000e+01
      vertex -2.994370e+00 8.900000e+00 1.969766e+01
    endloop
  endfacet
  facet normal 9.238795e-01 0.000000e+00 3.826834e-01
    outer loop
      vertex -2.994370e+00 6.400000e+00 1.969766e+01
      vertex -2.684679e+00 6.400000e+00 1.895000e+01
      vertex -2.684679e+00 8.900000e+00 1.895000e+01
    endloop
  endfacet
  facet normal 9.238795e-01 -0.000000e+00 3.826834e-01
    outer loop
      vertex -2.994370e+00 6.400000e+00 1.969766e+01
      vertex -2.684679e+00 8.900000e+00 1.895000e+01
      vertex -2.994370e+00 8.900000e+00 1.969766e+01
    endloop
  endfacet
  facet normal 0.000000e+00 1.000000e+00 0.000000e+00
    outer loop
      vertex 0.000000e+00 6.400000e+00 2.050000e+01
      vertex -2.684679e+00 6.400000e+00 1.895000e+01
      vertex -2.994370e+00 6.400000e+00 1.969766e+01
    endloop
  endfacet
  facet normal 0.000000e+00 -1.000000e+00 0.000000e+00
    outer loop
      vertex 0.000000e+00 8.900000e+00 2.050000e+01
      vertex -2.994370e+00 8.900000e+00 1.969766e+01
      vertex -2.684679e+00 8.900000e+00 1.895000e+01
    endloop
  endfacet
  facet normal 7.933533e-01 0.000000e+00 6.087614e-01
    outer loop
      vertex -2.684679e+00 6.400000e+00 1.895000e+01
      vertex -2.192031e+00 6.400000e+00 1.830797e+01
      vertex -2.192031e+00 8.900000e+00 1.830797e+01
    endloop
  endfacet
  facet normal 7.933533e-01 -0.000000e+00 6.087614e-01
    outer loop
      vertex -2.684679e+00 6.400000e+00 1.895000e+01
      vertex -2.192031e+00 8.900000e+00 1.830797e+01
      vertex -2.684679e+00 8.900000e+00 1.895000e+01
    endloop
  endfacet
  facet normal 0.000000e+00 1.000000e+00 0.000000e+00
    outer loop
      vertex 0.000000e+00 6.400000e+00 2.050000e+01
      vertex -2.192031e+00 6.400000e+00 1.830797e+01
      vertex -2.684679e+00 6.400000e+00 1.895000e+01
    endloop
  endfacet
  facet normal 0.000000e+00 -1.000000e+00 0.000000e+00
    outer loop
      vertex 0.000000e+00 8.900000e+00 2.050000e+01
      vertex -2.684679e+00 8.900000e+00 1.895000e+01
      vertex -2.192031e+00 8.900000e+00 1.830797e+01
    endloop
  endfacet
  facet normal 6.087614e-01 0.000000e+00 7.933533e-01
    outer loop
      vertex -2.192031e+00 6.400000e+00 1.830797e+01
      vertex -1.550000e+00 6.400000e+00 1.781532e+01
      vertex -1.550000e+00 8.900000e+00 1.781532e+01
    endloop
  endfacet
  facet normal 6.087614e-01 -0.000000e+00 7.933533e-01
    outer loop
      vertex -2.192031e+00 6.400000e+00 1.830797e+01
      vertex -1.550000e+00 8.900000e+00 1.781532e+01
      vertex -2.192031e+00 8.900000e+00 1.830797e+01
    endloop
  endfacet
  facet normal 0.000000e+00 1.000000e+00 0.000000e+00
    outer loop
      vertex 0.000000e+00 6.400000e+00 2.050000e+01
      vertex -1.550000e+00 6.400000e+00 1.781532e+01
      vertex -2.192031e+00 6.400000e+00 1.830797e+01
    endloop
  endfacet
  facet normal 0.000000e+00 -1.000000e+00 0.000000e+00
    outer loop
      vertex 0.000000e+00 8.900000e+00 2.050000e+01
      vertex -2.192031e+00 8.900000e+00 1.830797e+01
      vertex -1.550000e+00 8.900000e+00 1.781532e+01
    endloop
  endfacet
  facet normal 3.826834e-01 0.000000e+00 9.238795e-01
    outer loop
      vertex -1.550000e+00 6.400000e+00 1.781532e+01
      vertex -8.023390e-01 6.400000e+00 1.750563e+01
      vertex -8.023390e-01 8.900000e+00 1.750563e+01
    endloop
  endfacet
  facet normal 3.826834e-01 -0.000000e+00 9.238795e-01
    outer loop
      vertex -1.550000e+00 6.400000e+00 1.781532e+01
      vertex -8.023390e-01 8.900000e+00 1.750563e+01
      vertex -1.550000e+00 8.900000e+00 1.781532e+01
    endloop
  endfacet
  facet normal 0.000000e+00 1.000000e+00 0.000000e+00
    outer loop
      vertex 0.000000e+00 6.400000e+00 2.050000e+01
      vertex -8.023390e-01 6.400000e+00 1.750563e+01
      vertex -1.550000e+00 6.400000e+00 1.781532e+01
    endloop
  endfacet
  facet normal 0.000000e+00 -1.000000e+00 0.000000e+00
    outer loop
      vertex 0.000000e+00 8.900000e+00 2.050000e+01
      vertex -1.550000e+00 8.900000e+00 1.781532e+01
      vertex -8.023390e-01 8.900000e+00 1.750563e+01
    endloop
  endfacet
  facet normal 1.305262e-01 0.000000e+00 9.914449e-01
    outer loop
      vertex -8.023390e-01 6.400000e+00 1.750563e+01
      vertex -5.694608e-16 6.400000e+00 1.740000e+01
      vertex -5.694608e-16 8.900000e+00 1.740000e+01
    endloop
  endfacet
  facet normal 1.305262e-01 -0.000000e+00 9.914449e-01
    outer loop
      vertex -8.023390e-01 6.400000e+00 1.750563e+01
      vertex -5.694608e-16 8.900000e+00 1.740000e+01
      vertex -8.023390e-01 8.900000e+00 1.750563e+01
    endloop
  endfacet
  facet normal 0.000000e+00 1.000000e+00 0.000000e+00
    outer loop
      vertex 0.000000e+00 6.400000e+00 2.050000e+01
      vertex -5.694608e-16 6.400000e+00 1.740000e+01
      vertex -8.023390e-01 6.400000e+00 1.750563e+01
    endloop
  endfacet
  facet normal 0.000000e+00 -1.000000e+00 0.000000e+00
    outer loop
      vertex 0.000000e+00 8.900000e+00 2.050000e+01
      vertex -8.023390e-01 8.900000e+00 1.750563e+01
      vertex -5.694608e-16 8.900000e+00 1.740000e+01
    endloop
  endfacet
  facet normal -1.305262e-01 0.000000e+00 9.914449e-01
    outer loop
      vertex -5.694608e-16 6.400000e+00 1.740000e+01
      vertex 8.023390e-01 6.400000e+00 1.750563e+01
      vertex 8.023390e-01 8.900000e+00 1.750563e+01
    endloop
  endfacet
  facet normal -1.305262e-01 0.000000e+00 9.914449e-01
    outer loop
      vertex -5.694608e-16 6.400000e+00 1.740000e+01
      vertex 8.023390e-01 8.900000e+00 1.750563e+01
      vertex -5.694608e-16 8.900000e+00 1.740000e+01
    endloop
  endfacet
  facet normal 0.000000e+00 1.000000e+00 0.000000e+00
    outer loop
      vertex 0.000000e+00 6.400000e+00 2.050000e+01
      vertex 8.023390e-01 6.400000e+00 1.750563e+01
      vertex -5.694608e-16 6.400000e+00 1.740000e+01
    endloop
  endfacet
  facet normal 0.000000e+00 -1.000000e+00 -0.000000e+00
    outer loop
      vertex 0.000000e+00 8.900000e+00 2.050000e+01
      vertex -5.694608e-16 8.900000e+00 1.740000e+01
      vertex 8.023390e-01 8.900000e+00 1.750563e+01
    endloop
  endfacet
  facet normal -3.826834e-01 0.000000e+00 9.238795e-01
    outer loop
      vertex 8.023390e-01 6.400000e+00 1.750563e+01
      vertex 1.550000e+00 6.400000e+00 1.781532e+01
      vertex 1.550000e+00 8.900000e+00 1.781532e+01
    endloop
  endfacet
  facet normal -3.826834e-01 0.000000e+00 9.238795e-01
    outer loop
      vertex 8.023390e-01 6.400000e+00 1.750563e+01
      vertex 1.550000e+00 8.900000e+00 1.781532e+01
      vertex 8.023390e-01 8.900000e+00 1.750563e+01
    endloop
  endfacet
  facet normal 0.000000e+00 1.000000e+00 0.000000e+00
    outer loop
      vertex 0.000000e+00 6.400000e+00 2.050000e+01
      vertex 1.550000e+00 6.400000e+00 1.781532e+01
      vertex 8.023390e-01 6.400000e+00 1.750563e+01
    endloop
  endfacet
  facet normal 0.000000e+00 -1.000000e+00 0.000000e+00
    outer loop
      vertex 0.000000e+00 8.900000e+00 2.050000e+01
      vertex 8.023390e-01 8.900000e+00 1.750563e+01
      vertex 1.550000e+00 8.900000e+00 1.781532e+01
    endloop
  endfacet
  facet normal -6.087614e-01 0.000000e+00 7.933533e-01
    outer loop
      vertex 1.550000e+00 6.400000e+00 1.781532e+01
      vertex 2.192031e+00 6.400000e+00 1.830797e+01
      vertex 2.192031e+00 8.900000e+00 1.830797e+01
    endloop
  endfacet
  facet normal -6.087614e-01 0.000000e+00 7.933533e-01
    outer loop
      vertex 1.550000e+00 6.400000e+00 1.781532e+01
      vertex 2.192031e+00 8.900000e+00 1.830797e+01
      vertex 1.550000e+00 8.900000e+00 1.781532e+01
    endloop
  endfacet
  facet normal 0.000000e+00 1.000000e+00 0.000000e+00
    outer loop
      vertex 0.000000e+00 6.400000e+00 2.050000e+01
      vertex 2.192031e+00 6.400000e+00 1.830797e+01
      vertex 1.550000e+00 6.400000e+00 1.781532e+01
    endloop
  endfacet
  facet normal 0.000000e+00 -1.000000e+00 0.000000e+00
    outer loop
      vertex 0.000000e+00 8.900000e+00 2.050000e+01
      vertex 1.550000e+00 8.900000e+00 1.781532e+01
      vertex 2.192031e+00 8.900000e+00 1.830797e+01
    endloop
  endfacet
  facet normal -7.933533e-01 0.000000e+00 6.087614e-01
    outer loop
      vertex 2.192031e+00 6.400000e+00 1.830797e+01
      vertex 2.684679e+00 6.400000e+00 1.895000e+01
      vertex 2.684679e+00 8.900000e+00 1.895000e+01
    endloop
  endfacet
  facet normal -7.933533e-01 0.000000e+00 6.087614e-01
    outer loop
      vertex 2.192031e+00 6.400000e+00 1.830797e+01
      vertex 2.684679e+00 8.900000e+00 1.895000e+01
      vertex 2.192031e+00 8.900000e+00 1.830797e+01
    endloop
  endfacet
  facet normal 0.000000e+00 1.000000e+00 0.000000e+00
    outer loop
      vertex 0.000000e+00 6.400000e+00 2.050000e+01
      vertex 2.684679e+00 6.400000e+00 1.895000e+01
      vertex 2.192031e+00 6.400000e+00 1.830797e+01
    endloop
  endfacet
  facet normal 0.000000e+00 -1.000000e+00 0.000000e+00
    outer loop
      vertex 0.000000e+00 8.900000e+00 2.050000e+01
      vertex 2.192031e+00 8.900000e+00 1.830797e+01
      vertex 2.684679e+00 8.900000e+00 1.895000e+01
    endloop
  endfacet
  facet normal -9.238795e-01 0.000000e+00 3.826834e-01
    outer loop
      vertex 2.684679e+00 6.400000e+00 1.895000e+01
      vertex 2.994370e+00 6.400000e+00 1.969766e+01
      vertex 2.994370e+00 8.900000e+00 1.969766e+01
    endloop
  endfacet
  facet normal -9.238795e-01 0.000000e+00 3.826834e-01
    outer loop
      vertex 2.684679e+00 6.400000e+00 1.895000e+01
      vertex 2.994370e+00 8.900000e+00 1.969766e+01
      vertex 2.684679e+00 8.900000e+00 1.895000e+01
    endloop
  endfacet
  facet normal 0.000000e+00 1.000000e+00 0.000000e+00
    outer loop
      vertex 0.000000e+00 6.400000e+00 2.050000e+01
      vertex 2.994370e+00 6.400000e+00 1.969766e+01
      vertex 2.684679e+00 6.400000e+00 1.895000e+01
    endloop
  endfacet
  facet normal 0.000000e+00 -1.000000e+00 0.000000e+00
    outer loop
      vertex 0.000000e+00 8.900000e+00 2.050000e+01
      vertex 2.684679e+00 8.900000e+00 1.895000e+01
      vertex 2.994370e+00 8.900000e+00 1.969766e+01
    endloop
  endfacet
  facet normal -9.914449e-01 0.000000e+00 1.305262e-01
    outer loop
      vertex 2.994370e+00 6.400000e+00 1.969766e+01
      vertex 3.100000e+00 6.400000e+00 2.050000e+01
      vertex 3.100000e+00 8.900000e+00 2.050000e+01
    endloop
  endfacet
  facet normal -9.914449e-01 0.000000e+00 1.305262e-01
    outer loop
      vertex 2.994370e+00 6.400000e+00 1.969766e+01
      vertex 3.100000e+00 8.900000e+00 2.050000e+01
      vertex 2.994370e+00 8.900000e+00 1.969766e+01
    endloop
  endfacet
  facet normal -0.000000e+00 1.000000e+00 0.000000e+00
    outer loop
      vertex 0.000000e+00 6.400000e+00 2.050000e+01
      vertex 3.100000e+00 6.400000e+00 2.050000e+01
      vertex 2.994370e+00 6.400000e+00 1.969766e+01
    endloop
  endfacet
  facet normal 0.000000e+00 -1.000000e+00 0.000000e+00
    outer loop
      vertex 0.000000e+00 8.900000e+00 2.050000e+01
      vertex 2.994370e+00 8.900000e+00 1.969766e+01
      vertex 3.100000e+00 8.900000e+00 2.050000e+01
    endloop
  endfacet
  facet normal 0.000000e+00 0.000000e+00 -1.000000e+00
    outer loop
      vertex -1.200000e+00 -8.600000e+00 1.400000e+01
      vertex -1.200000e+00 -6.100000e+00 1.400000e+01
      vertex 4.500000e+00 -6.100000e+00 1.400000e+01
    endloop
  endfacet
  facet normal 0.000000e+00 0.000000e+00 -1.000000e+00
    outer loop
      vertex -1.200000e+00 -8.600000e+00 1.400000e+01
      vertex 4.500000e+00 -6.100000e+00 1.400000e+01
      vertex 4.500000e+00 -8.600000e+00 1.400000e+01
    endloop
  endfacet
  facet normal 0.000000e+00 0.000000e+00 1.000000e+00
    outer loop
      vertex -1.200000e+00 -8.600000e+00 2.350000e+01
      vertex 4.500000e+00 -8.600000e+00 2.350000e+01
      vertex 4.500000e+00 -6.100000e+00 2.350000e+01
    endloop
  endfacet
  facet normal 0.000000e+00 0.000000e+00 1.000000e+00
    outer loop
      vertex -1.200000e+00 -8.600000e+00 2.350000e+01
      vertex 4.500000e+00 -6.100000e+00 2.350000e+01
      vertex -1.200000e+00 -6.100000e+00 2.350000e+01
    endloop
  endfacet
  facet normal 0.000000e+00 -1.000000e+00 0.000000e+00
    outer loop
      vertex -1.200000e+00 -8.600000e+00 1.400000e+01
      vertex 4.500000e+00 -8.600000e+00 1.400000e+01
      vertex 4.500000e+00 -8.600000e+00 2.350000e+01
    endloop
  endfacet
  facet normal 0.000000e+00 -1.000000e+00 0.000000e+00
    outer loop
      vertex -1.200000e+00 -8.600000e+00 1.400000e+01
      vertex 4.500000e+00 -8.600000e+00 2.350000e+01
      vertex -1.200000e+00 -8.600000e+00 2.350000e+01
    endloop
  endfacet
  facet normal 1.000000e+00 0.000000e+00 0.000000e+00
    outer loop
      vertex 4.500000e+00 -8.600000e+00 1.400000e+01
      vertex 4.500000e+00 -6.100000e+00 1.400000e+01
      vertex 4.500000e+00 -6.100000e+00 2.350000e+01
    endloop
  endfacet
  facet normal 1.000000e+00 0.000000e+00 0.000000e+00
    outer loop
      vertex 4.500000e+00 -8.600000e+00 1.400000e+01
      vertex 4.500000e+00 -6.100000e+00 2.350000e+01
      vertex 4.500000e+00 -8.600000e+00 2.350000e+01
    endloop
  endfacet
  facet normal 0.000000e+00 1.000000e+00 0.000000e+00
    outer loop
      vertex 4.500000e+00 -6.100000e+00 1.400000e+01
      vertex -1.200000e+00 -6.100000e+00 1.400000e+01
      vertex -1.200000e+00 -6.100000e+00 2.350000e+01
    endloop
  endfacet
  facet normal 0.000000e+00 1.000000e+00 -0.000000e+00
    outer loop
      vertex 4.500000e+00 -6.100000e+00 1.400000e+01
      vertex -1.200000e+00 -6.100000e+00 2.350000e+01
      vertex 4.500000e+00 -6.100000e+00 2.350000e+01
    endloop
  endfacet
  facet normal -1.000000e+00 0.000000e+00 0.000000e+00
    outer loop
      vertex -1.200000e+00 -6.100000e+00 1.400000e+01
      vertex -1.200000e+00 -8.600000e+00 1.400000e+01
      vertex -1.200000e+00 -8.600000e+00 2.350000e+01
    endloop
  endfacet
  facet normal -1.000000e+00 0.000000e+00 0.000000e+00
    outer loop
      vertex -1.200000e+00 -6.100000e+00 1.400000e+01
      vertex -1.200000e+00 -8.600000e+00 2.350000e+01
      vertex -1.200000e+00 -6.100000e+00 2.350000e+01
    endloop
  endfacet
  facet normal 0.000000e+00 0.000000e+00 -1.000000e+00
    outer loop
      vertex 2.800000e+00 -8.600000e+00 1.850000e+01
      vertex 2.800000e+00 -6.100000e+00 1.850000e+01
      vertex 7.200000e+00 -6.100000e+00 1.850000e+01
    endloop
  endfacet
  facet normal 0.000000e+00 0.000000e+00 -1.000000e+00
    outer loop
      vertex 2.800000e+00 -8.600000e+00 1.850000e+01
      vertex 7.200000e+00 -6.100000e+00 1.850000e+01
      vertex 7.200000e+00 -8.600000e+00 1.850000e+01
    endloop
  endfacet
  facet normal 0.000000e+00 0.000000e+00 1.000000e+00
    outer loop
      vertex 2.800000e+00 -8.600000e+00 2.650000e+01
      vertex 7.200000e+00 -8.600000e+00 2.650000e+01
      vertex 7.200000e+00 -6.100000e+00 2.650000e+01
    endloop
  endfacet
  facet normal 0.000000e+00 0.000000e+00 1.000000e+00
    outer loop
      vertex 2.800000e+00 -8.600000e+00 2.650000e+01
      vertex 7.200000e+00 -6.100000e+00 2.650000e+01
      vertex 2.800000e+00 -6.100000e+00 2.650000e+01
    endloop
  endfacet
  facet normal 0.000000e+00 -1.000000e+00 0.000000e+00
    outer loop
      vertex 2.800000e+00 -8.600000e+00 1.850000e+01
      vertex 7.200000e+00 -8.600000e+00 1.850000e+01
      vertex 7.200000e+00 -8.600000e+00 2.650000e+01
    endloop
  endfacet
  facet normal 0.000000e+00 -1.000000e+00 0.000000e+00
    outer loop
      vertex 2.800000e+00 -8.600000e+00 1.850000e+01
      vertex 7.200000e+00 -8.600000e+00 2.650000e+01
      vertex 2.800000e+00 -8.600000e+00 2.650000e+01
    endloop
  endfacet
  facet normal 1.000000e+00 0.000000e+00 0.000000e+00
    outer loop
      vertex 7.200000e+00 -8.600000e+00 1.850000e+01
      vertex 7.200000e+00 -6.100000e+00 1.850000e+01
      vertex 7.200000e+00 -6.100000e+00 2.650000e+01
    endloop
  endfacet
  facet normal 1.000000e+00 0.000000e+00 0.000000e+00
    outer loop
      vertex 7.200000e+00 -8.600000e+00 1.850000e+01
      vertex 7.200000e+00 -6.100000e+00 2.650000e+01
      vertex 7.200000e+00 -8.600000e+00 2.650000e+01
    endloop
  endfacet
  facet normal 0.000000e+00 1.000000e+00 0.000000e+00
    outer loop
      vertex 7.200000e+00 -6.100000e+00 1.850000e+01
      vertex 2.800000e+00 -6.100000e+00 1.850000e+01
      vertex 2.800000e+00 -6.100000e+00 2.650000e+01
    endloop
  endfacet
  facet normal 0.000000e+00 1.000000e+00 -0.000000e+00
    outer loop
      vertex 7.200000e+00 -6.100000e+00 1.850000e+01
      vertex 2.800000e+00 -6.100000e+00 2.650000e+01
      vertex 7.200000e+00 -6.100000e+00 2.650000e+01
    endloop
  endfacet
  facet normal -1.000000e+00 0.000000e+00 0.000000e+00
    outer loop
      vertex 2.800000e+00 -6.100000e+00 1.850000e+01
      vertex 2.800000e+00 -8.600000e+00 1.850000e+01
      vertex 2.800000e+00 -8.600000e+00 2.650000e+01
    endloop
  endfacet
  facet normal -1.000000e+00 0.000000e+00 0.000000e+00
    outer loop
      vertex 2.800000e+00 -6.100000e+00 1.850000e+01
      vertex 2.800000e+00 -8.600000e+00 2.650000e+01
      vertex 2.800000e+00 -6.100000e+00 2.650000e+01
    endloop
  endfacet
endsolid pawn_warrior_gnome
